{"__comment":"ModelgeneratedusingMrCrayfish'sModelCreator(https://mrcrayfish.com/tools?id=mc)","textures":{"nailon":"itemsadder:block/nailon"},"display":{"gui":{"rotation":[30,45,0],"translation":[0,0,0],"scale":[0.625,0.625,0.625]},"ground":{"rotation":[0,0,0],"translation":[0,3,0],"scale":[0.25,0.25,0.25]},"fixed":{"rotation":[0,180,0],"translation":[0,0,0],"scale":[1,1,1]},"head":{"rotation":[0,180,0],"translation":[0,-30.5,0],"scale":[1.6,1.6,1.6]},"firstperson_righthand":{"rotation":[0,315,0],"translation":[0,3.5,0],"scale":[0.4,0.4,0.4]},"thirdperson_righthand":{"rotation":[0,188,0],"translation":[0,0.5,-0.5],"scale":[0.375,0.375,0.375]}},"elements":[{"name":"Cube","from":[0,0,7.7],"to":[16,16,8.3],"faces":{"north":{"texture":"#nailon","uv":[0,0,16,16]},"east":{"texture":"#nailon","uv":[0,0,0.6,16]},"south":{"texture":"#nailon","uv":[0,0,16,16]},"west":{"texture":"#nailon","uv":[0,0,0.6,16]},"up":{"texture":"#nailon","uv":[0,0,16,0.6]},"down":{"texture":"#nailon","uv":[0,0,16,0.6]}}}]}