{"__comment":"ModelgeneratedusingMrCrayfish'sModelCreator(https://mrcrayfish.com/tools?id=mc)","textures":{"oak_planks":"itemsadder:block/oak_planks"},"display":{"gui":{"rotation":[30,45,0],"translation":[0,3,0],"scale":[0.625,0.625,0.625]},"ground":{"rotation":[0,0,0],"translation":[0,3,0],"scale":[0.25,0.25,0.25]},"fixed":{"rotation":[0,180,0],"translation":[0,0,0],"scale":[1,1,1]},"head":{"rotation":[0,180,0],"translation":[0,-30.5,0],"scale":[1.6,1.6,1.6]},"firstperson_righthand":{"rotation":[0,315,0],"translation":[0,3.5,0],"scale":[0.4,0.4,0.4]},"thirdperson_righthand":{"rotation":[0,188,0],"translation":[0,0.5,-0.5],"scale":[0.375,0.375,0.375]}},"elements":[{"name":"Cube","from":[0,0,0],"to":[16,1,2],"faces":{"north":{"texture":"#oak_planks","uv":[0,0,16,1]},"east":{"texture":"#oak_planks","uv":[0,0,2,1]},"south":{"texture":"#oak_planks","uv":[0,0,16,1]},"west":{"texture":"#oak_planks","uv":[0,0,2,1]},"up":{"texture":"#oak_planks","uv":[0,0,16,2]},"down":{"texture":"#oak_planks","uv":[0,0,16,2]}}},{"name":"Cube","from":[0,0,7],"to":[16,1,9],"faces":{"north":{"texture":"#oak_planks","uv":[0,0,16,1]},"east":{"texture":"#oak_planks","uv":[0,0,2,1]},"south":{"texture":"#oak_planks","uv":[0,0,16,1]},"west":{"texture":"#oak_planks","uv":[0,0,2,1]},"up":{"texture":"#oak_planks","uv":[0,0,16,2]},"down":{"texture":"#oak_planks","uv":[0,0,16,2]}}},{"name":"Cube","from":[0,0,14],"to":[16,1,16],"faces":{"north":{"texture":"#oak_planks","uv":[0,0,16,1]},"east":{"texture":"#oak_planks","uv":[0,0,2,1]},"south":{"texture":"#oak_planks","uv":[0,0,16,1]},"west":{"texture":"#oak_planks","uv":[0,0,2,1]},"up":{"texture":"#oak_planks","uv":[0,0,16,2]},"down":{"texture":"#oak_planks","uv":[0,0,16,2]}}},{"name":"Cube","from":[0,1,14],"to":[2,2,16],"faces":{"north":{"texture":"#oak_planks","uv":[0,0,2,1]},"east":{"texture":"#oak_planks","uv":[0,0,2,1]},"south":{"texture":"#oak_planks","uv":[0,0,2,1]},"west":{"texture":"#oak_planks","uv":[0,0,2,1]}}},{"name":"Cube","from":[7,1,14],"to":[9,2,16],"faces":{"north":{"texture":"#oak_planks","uv":[0,0,2,1]},"east":{"texture":"#oak_planks","uv":[0,0,2,1]},"south":{"texture":"#oak_planks","uv":[0,0,2,1]},"west":{"texture":"#oak_planks","uv":[0,0,2,1]}}},{"name":"Cube","from":[14,1,14],"to":[16,2,16],"faces":{"north":{"texture":"#oak_planks","uv":[0,0,2,1]},"east":{"texture":"#oak_planks","uv":[0,0,2,1]},"south":{"texture":"#oak_planks","uv":[0,0,2,1]},"west":{"texture":"#oak_planks","uv":[0,0,2,1]}}},{"name":"Cube","from":[14,1,7],"to":[16,2,9],"faces":{"north":{"texture":"#oak_planks","uv":[0,0,2,1]},"east":{"texture":"#oak_planks","uv":[0,0,2,1]},"south":{"texture":"#oak_planks","uv":[0,0,2,1]},"west":{"texture":"#oak_planks","uv":[0,0,2,1]}}},{"name":"Cube","from":[14,1,0],"to":[16,2,2],"faces":{"north":{"texture":"#oak_planks","uv":[0,0,2,1]},"east":{"texture":"#oak_planks","uv":[0,0,2,1]},"south":{"texture":"#oak_planks","uv":[0,0,2,1]},"west":{"texture":"#oak_planks","uv":[0,0,2,1]}}},{"name":"Cube","from":[7,1,0],"to":[9,2,2],"faces":{"north":{"texture":"#oak_planks","uv":[0,0,2,1]},"east":{"texture":"#oak_planks","uv":[0,0,2,1]},"south":{"texture":"#oak_planks","uv":[0,0,2,1]},"west":{"texture":"#oak_planks","uv":[0,0,2,1]}}},{"name":"Cube","from":[0,1,0],"to":[2,2,2],"faces":{"north":{"texture":"#oak_planks","uv":[0,0,2,1]},"east":{"texture":"#oak_planks","uv":[0,0,2,1]},"south":{"texture":"#oak_planks","uv":[0,0,2,1]},"west":{"texture":"#oak_planks","uv":[0,0,2,1]}}},{"name":"Cube","from":[0,1,7],"to":[2,2,9],"faces":{"north":{"texture":"#oak_planks","uv":[0,0,2,1]},"east":{"texture":"#oak_planks","uv":[0,0,2,1]},"south":{"texture":"#oak_planks","uv":[0,0,2,1]},"west":{"texture":"#oak_planks","uv":[0,0,2,1]}}},{"name":"Cube","from":[7,1,7],"to":[9,2,9],"faces":{"north":{"texture":"#oak_planks","uv":[0,0,2,1]},"east":{"texture":"#oak_planks","uv":[0,0,2,1]},"south":{"texture":"#oak_planks","uv":[0,0,2,1]},"west":{"texture":"#oak_planks","uv":[0,0,2,1]}}},{"name":"Cube","from":[0,2,0],"to":[2,3,16],"faces":{"north":{"texture":"#oak_planks","uv":[0,0,2,1]},"east":{"texture":"#oak_planks","uv":[0,0,16,1]},"south":{"texture":"#oak_planks","uv":[0,0,2,1]},"west":{"texture":"#oak_planks","uv":[0,0,16,1]},"up":{"texture":"#oak_planks","uv":[0,0,2,16]},"down":{"texture":"#oak_planks","uv":[0,0,2,16]}}},{"name":"Cube","from":[7,2,0],"to":[9,3,16],"faces":{"north":{"texture":"#oak_planks","uv":[0,0,2,1]},"east":{"texture":"#oak_planks","uv":[0,0,16,1]},"south":{"texture":"#oak_planks","uv":[0,0,2,1]},"west":{"texture":"#oak_planks","uv":[0,0,16,1]},"up":{"texture":"#oak_planks","uv":[0,0,2,16]},"down":{"texture":"#oak_planks","uv":[0,0,2,16]}}},{"name":"Cube","from":[14,2,0],"to":[16,3,16],"faces":{"north":{"texture":"#oak_planks","uv":[0,0,2,1]},"east":{"texture":"#oak_planks","uv":[0,0,16,1]},"south":{"texture":"#oak_planks","uv":[0,0,2,1]},"west":{"texture":"#oak_planks","uv":[0,0,16,1]},"up":{"texture":"#oak_planks","uv":[0,0,2,16]},"down":{"texture":"#oak_planks","uv":[0,0,2,16]}}},{"name":"Cube","from":[0,3,0],"to":[16,4,2],"faces":{"north":{"texture":"#oak_planks","uv":[0,0,16,1]},"east":{"texture":"#oak_planks","uv":[0,0,2,1]},"south":{"texture":"#oak_planks","uv":[0,0,16,1]},"west":{"texture":"#oak_planks","uv":[0,0,2,1]},"up":{"texture":"#oak_planks","uv":[0,0,16,2]},"down":{"texture":"#oak_planks","uv":[0,0,16,2]}}},{"name":"Cube","from":[0,3,7],"to":[16,4,9],"faces":{"north":{"texture":"#oak_planks","uv":[0,0,16,1]},"east":{"texture":"#oak_planks","uv":[0,0,2,1]},"south":{"texture":"#oak_planks","uv":[0,0,16,1]},"west":{"texture":"#oak_planks","uv":[0,0,2,1]},"up":{"texture":"#oak_planks","uv":[0,0,16,2]},"down":{"texture":"#oak_planks","uv":[0,0,16,2]}}},{"name":"Cube","from":[0,3,14],"to":[16,4,16],"faces":{"north":{"texture":"#oak_planks","uv":[0,0,16,1]},"east":{"texture":"#oak_planks","uv":[0,0,2,1]},"south":{"texture":"#oak_planks","uv":[0,0,16,1]},"west":{"texture":"#oak_planks","uv":[0,0,2,1]},"up":{"texture":"#oak_planks","uv":[0,0,16,2]},"down":{"texture":"#oak_planks","uv":[0,0,16,2]}}},{"name":"Cube","from":[0,3,10.5],"to":[16,4,12.5],"faces":{"north":{"texture":"#oak_planks","uv":[0,0,16,1]},"east":{"texture":"#oak_planks","uv":[0,0,2,1]},"south":{"texture":"#oak_planks","uv":[0,0,16,1]},"west":{"texture":"#oak_planks","uv":[0,0,2,1]},"up":{"texture":"#oak_planks","uv":[0,0,16,2]},"down":{"texture":"#oak_planks","uv":[0,0,16,2]}}},{"name":"Cube","from":[0,3,3.5],"to":[16,4,5.5],"faces":{"north":{"texture":"#oak_planks","uv":[0,0,16,1]},"east":{"texture":"#oak_planks","uv":[0,0,2,1]},"south":{"texture":"#oak_planks","uv":[0,0,16,1]},"west":{"texture":"#oak_planks","uv":[0,0,2,1]},"up":{"texture":"#oak_planks","uv":[0,0,16,2]},"down":{"texture":"#oak_planks","uv":[0,0,16,2]}}}]}