{"__comment":"ModelgeneratedusingMrCrayfish'sModelCreator(https://mrcrayfish.com/tools?id=mc)","textures":{"reja":"itemsadder:block/reja"},"display":{"gui":{"rotation":[30,45,0],"translation":[0,0,0],"scale":[0.625,0.625,0.625]},"ground":{"rotation":[0,0,0],"translation":[0,3,0],"scale":[0.25,0.25,0.25]},"fixed":{"rotation":[0,180,0],"translation":[0,0,0],"scale":[1,1,1]},"head":{"rotation":[0,180,0],"translation":[0,-30.5,0],"scale":[1.6,1.6,1.6]},"firstperson_righthand":{"rotation":[0,315,0],"translation":[0,3.5,0],"scale":[0.4,0.4,0.4]},"thirdperson_righthand":{"rotation":[0,188,0],"translation":[0,0.5,-0.5],"scale":[0.375,0.375,0.375]}},"elements":[{"name":"Cube","from":[1.2,0,7.2],"to":[2.8,16,8.8],"faces":{"north":{"texture":"#reja","uv":[0,0,1.6,16]},"east":{"texture":"#reja","uv":[0,0,1.6,16]},"south":{"texture":"#reja","uv":[0,0,1.6,16]},"west":{"texture":"#reja","uv":[0,0,1.6,16]},"up":{"texture":"#reja","uv":[0,0,1.6,1.6]},"down":{"texture":"#reja","uv":[0,0,1.6,1.6]}}},{"name":"Cube","from":[5.2,0,7.2],"to":[6.8,16,8.8],"faces":{"north":{"texture":"#reja","uv":[0,0,1.6,16]},"east":{"texture":"#reja","uv":[0,0,1.6,16]},"south":{"texture":"#reja","uv":[0,0,1.6,16]},"west":{"texture":"#reja","uv":[0,0,1.6,16]},"up":{"texture":"#reja","uv":[0,0,1.6,1.6]},"down":{"texture":"#reja","uv":[0,0,1.6,1.6]}}},{"name":"Cube","from":[9.2,0,7.2],"to":[10.8,16,8.8],"faces":{"north":{"texture":"#reja","uv":[0,0,1.6,16]},"east":{"texture":"#reja","uv":[0,0,1.6,16]},"south":{"texture":"#reja","uv":[0,0,1.6,16]},"west":{"texture":"#reja","uv":[0,0,1.6,16]},"up":{"texture":"#reja","uv":[0,0,1.6,1.6]},"down":{"texture":"#reja","uv":[0,0,1.6,1.6]}}},{"name":"Cube","from":[13.2,0,7.2],"to":[14.8,16,8.8],"faces":{"north":{"texture":"#reja","uv":[13,0,14.6,16]},"east":{"texture":"#reja","uv":[13,0,14.6,16]},"south":{"texture":"#reja","uv":[13,0,14.6,16]},"west":{"texture":"#reja","uv":[13,0,14.6,16]},"up":{"texture":"#reja","uv":[0,0,1.6,1.6]},"down":{"texture":"#reja","uv":[0,0,1.6,1.6]}}},{"name":"Cube","from":[0,3.2,7.4],"to":[16.2,4.4,8.6],"faces":{"north":{"texture":"#reja","uv":[0,0,16,1.2]},"east":{"texture":"#reja","uv":[0,0,1.2,1.2]},"south":{"texture":"#reja","uv":[0,0,16,1.2]},"up":{"texture":"#reja","uv":[0,0,16,1.2]},"down":{"texture":"#reja","uv":[0,0,16,1.2]}}},{"name":"Cube","from":[0,11.2,7.4],"to":[16.2,12.4,8.6],"faces":{"north":{"texture":"#reja","uv":[0,0,16,1.2]},"east":{"texture":"#reja","uv":[0,0,1.2,1.2]},"south":{"texture":"#reja","uv":[0,0,16,1.2]},"up":{"texture":"#reja","uv":[0,0,16,1.2]},"down":{"texture":"#reja","uv":[0,0,16,1.2]}}},{"name":"Cube","from":[-0.11,0,0],"to":[0.89,16,16],"faces":{"north":{"texture":"#reja","uv":[0,0,1,16]},"east":{"texture":"#reja","uv":[10,6,16,11]},"south":{"texture":"#reja","uv":[0,0,1,16]},"west":{"texture":"#reja","uv":[10,7,16,12]},"up":{"texture":"#reja","uv":[0,0,1,16]},"down":{"texture":"#reja","uv":[0,0,1,16]}}}]}