{"credit":"MadewithBlockbench","textures":{"particle":"itemsadder:item/shotgun","Texture0":"itemsadder:item/shotgun"},"elements":[{"name":"shotgun_0","from":[3.625,7.47917,6.35417],"to":[16.625,8.47917,9.60417],"rotation":{"angle":0,"axis":"x","origin":[4.77083,6.25,7.85417]},"faces":{"north":{"uv":[3,0,4,13],"rotation":270,"texture":"#Texture0"},"east":{"uv":[4,0,3,0.5],"rotation":90,"texture":"#Texture0"},"south":{"uv":[3,13,4,0],"rotation":270,"texture":"#Texture0"},"west":{"uv":[3,12.5,4,13],"rotation":270,"texture":"#Texture0"},"up":{"uv":[3.5,0,4,13],"rotation":90,"texture":"#Texture0"},"down":{"uv":[3,0,3.5,13],"rotation":90,"texture":"#Texture0"}}},{"name":"shotgun_1","from":[1.125,6.97917,6.35417],"to":[16.125,7.47917,9.60417],"rotation":{"angle":0,"axis":"x","origin":[4.77083,6.25,7.85417]},"faces":{"north":{"uv":[2.5,0.5,3,15.5],"rotation":270,"texture":"#Texture0"},"east":{"uv":[3,0.5,2.5,1],"rotation":90,"texture":"#Texture0"},"south":{"uv":[2.5,15.5,3,0.5],"rotation":270,"texture":"#Texture0"},"west":{"uv":[2.5,15,3,15.5],"rotation":270,"texture":"#Texture0"},"up":{"uv":[2.5,0.5,3,15.5],"rotation":90,"texture":"#Texture0"},"down":{"uv":[2.5,0.5,3,15.5],"rotation":90,"texture":"#Texture0"}}},{"name":"shotgun_2","from":[10.125,6.47917,6.35417],"to":[15.125,6.97917,9.60417],"rotation":{"angle":0,"axis":"x","origin":[4.77083,6.25,7.85417]},"faces":{"north":{"uv":[2,1.5,2.5,6.5],"rotation":270,"texture":"#Texture0"},"east":{"uv":[2.5,1.5,2,2],"rotation":90,"texture":"#Texture0"},"south":{"uv":[2,6.5,2.5,1.5],"rotation":270,"texture":"#Texture0"},"west":{"uv":[2,6,2.5,6.5],"rotation":270,"texture":"#Texture0"},"up":{"uv":[2,1.5,2.5,6.5],"rotation":90,"texture":"#Texture0"},"down":{"uv":[2,1.5,2.5,6.5],"rotation":90,"texture":"#Texture0"}}},{"name":"shotgun_3","from":[0.625,6.47917,6.35417],"to":[6.125,6.97917,9.60417],"rotation":{"angle":0,"axis":"x","origin":[4.77083,6.25,7.85417]},"faces":{"north":{"uv":[2,10.5,2.5,16],"rotation":270,"texture":"#Texture0"},"east":{"uv":[2.5,10.5,2,11],"rotation":90,"texture":"#Texture0"},"south":{"uv":[2,16,2.5,10.5],"rotation":270,"texture":"#Texture0"},"west":{"uv":[2,15.5,2.5,16],"rotation":270,"texture":"#Texture0"},"up":{"uv":[2,10.5,2.5,16],"rotation":90,"texture":"#Texture0"},"down":{"uv":[2,10.5,2.5,16],"rotation":90,"texture":"#Texture0"}}},{"name":"shotgun_4","from":[0.125,3.97917,6.35417],"to":[0.625,6.97917,9.60417],"rotation":{"angle":0,"axis":"x","origin":[4.77083,6.25,7.85417]},"faces":{"north":{"uv":[0,15.5,2.5,16],"rotation":270,"texture":"#Texture0"},"east":{"uv":[0,15.5,2.5,16],"rotation":270,"texture":"#Texture0"},"south":{"uv":[0,15.5,2.5,16],"rotation":270,"texture":"#Texture0"},"west":{"uv":[0,15.5,2.5,16],"rotation":270,"texture":"#Texture0"},"up":{"uv":[0,15.5,2.5,16],"rotation":270,"texture":"#Texture0"},"down":{"uv":[0,15.5,2.5,16],"rotation":270,"texture":"#Texture0"}}},{"name":"shotgun_5","from":[-0.375,3.97917,6.35417],"to":[0.125,6.47917,9.60417],"rotation":{"angle":0,"axis":"x","origin":[4.27083,5.75,7.85417]},"faces":{"north":{"uv":[0,15.5,2.5,16],"rotation":270,"texture":"#Texture0"},"east":{"uv":[0,15.5,2.5,16],"rotation":270,"texture":"#Texture0"},"south":{"uv":[0,15.5,2.5,16],"rotation":270,"texture":"#Texture0"},"west":{"uv":[0,15.5,2.5,16],"rotation":270,"texture":"#Texture0"},"up":{"uv":[0,15.5,2.5,16],"rotation":270,"texture":"#Texture0"},"down":{"uv":[0,15.5,2.5,16],"rotation":270,"texture":"#Texture0"}}},{"name":"shotgun_4","from":[4.625,5.47917,6.35417],"to":[5.125,6.47917,9.60417],"rotation":{"angle":0,"axis":"x","origin":[4.77083,6.25,7.85417]},"faces":{"north":{"uv":[1,11.5,2,12],"rotation":270,"texture":"#Texture0"},"east":{"uv":[2,11.5,1,12],"rotation":90,"texture":"#Texture0"},"south":{"uv":[1,12,2,11.5],"rotation":270,"texture":"#Texture0"},"west":{"uv":[1,11.5,2,12],"rotation":270,"texture":"#Texture0"},"up":{"uv":[1.5,11.5,2,12],"rotation":90,"texture":"#Texture0"},"down":{"uv":[1,11.5,1.5,12],"rotation":90,"texture":"#Texture0"}}},{"name":"shotgun_5","from":[4.125,4.97917,6.35417],"to":[4.625,5.97917,9.60417],"rotation":{"angle":0,"axis":"x","origin":[4.77083,6.25,7.85417]},"faces":{"north":{"uv":[0.5,12,1.5,12.5],"rotation":270,"texture":"#Texture0"},"east":{"uv":[1.5,12,0.5,12.5],"rotation":90,"texture":"#Texture0"},"south":{"uv":[0.5,12.5,1.5,12],"rotation":270,"texture":"#Texture0"},"west":{"uv":[0.5,12,1.5,12.5],"rotation":270,"texture":"#Texture0"},"up":{"uv":[1,12,1.5,12.5],"rotation":90,"texture":"#Texture0"},"down":{"uv":[0.5,12,1,12.5],"rotation":90,"texture":"#Texture0"}}},{"name":"shotgun_6","from":[3.125,4.97917,6.35417],"to":[4.125,5.47917,9.60417],"rotation":{"angle":0,"axis":"x","origin":[4.77083,6.25,7.85417]},"faces":{"north":{"uv":[0.5,12.5,1,13.5],"rotation":270,"texture":"#Texture0"},"east":{"uv":[1,12.5,0.5,13],"rotation":90,"texture":"#Texture0"},"south":{"uv":[0.5,13.5,1,12.5],"rotation":270,"texture":"#Texture0"},"west":{"uv":[0.5,13,1,13.5],"rotation":270,"texture":"#Texture0"},"up":{"uv":[0.5,12.5,1,13.5],"rotation":90,"texture":"#Texture0"},"down":{"uv":[0.5,12.5,1,13.5],"rotation":90,"texture":"#Texture0"}}},{"name":"shotgun_7","from":[0.625,5.97917,6.35417],"to":[4.125,6.47917,9.60417],"rotation":{"angle":0,"axis":"x","origin":[4.77083,6.25,7.85417]},"faces":{"north":{"uv":[1.5,12.5,2,16],"rotation":270,"texture":"#Texture0"},"east":{"uv":[2,12.5,1.5,13],"rotation":90,"texture":"#Texture0"},"south":{"uv":[1.5,16,2,12.5],"rotation":270,"texture":"#Texture0"},"west":{"uv":[1.5,15.5,2,16],"rotation":270,"texture":"#Texture0"},"up":{"uv":[1.5,12.5,2,16],"rotation":90,"texture":"#Texture0"},"down":{"uv":[1.5,12.5,2,16],"rotation":90,"texture":"#Texture0"}}},{"name":"shotgun_8","from":[2.125,7.47917,6.35417],"to":[3.625,7.97917,9.60417],"rotation":{"angle":0,"axis":"x","origin":[4.77083,6.25,7.85417]},"faces":{"north":{"uv":[3,13,3.5,14.5],"rotation":270,"texture":"#Texture0"},"east":{"uv":[3.5,13,3,13.5],"rotation":90,"texture":"#Texture0"},"south":{"uv":[3,14.5,3.5,13],"rotation":270,"texture":"#Texture0"},"west":{"uv":[3,14,3.5,14.5],"rotation":270,"texture":"#Texture0"},"up":{"uv":[3,13,3.5,14.5],"rotation":90,"texture":"#Texture0"},"down":{"uv":[3,13,3.5,14.5],"rotation":90,"texture":"#Texture0"}}},{"name":"shotgun_9","from":[0.625,5.47917,6.35417],"to":[3.125,5.97917,9.60417],"rotation":{"angle":0,"axis":"x","origin":[4.77083,6.25,7.85417]},"faces":{"north":{"uv":[1,13.5,1.5,16],"rotation":270,"texture":"#Texture0"},"east":{"uv":[1.5,13.5,1,14],"rotation":90,"texture":"#Texture0"},"south":{"uv":[1,16,1.5,13.5],"rotation":270,"texture":"#Texture0"},"west":{"uv":[1,15.5,1.5,16],"rotation":270,"texture":"#Texture0"},"up":{"uv":[1,13.5,1.5,16],"rotation":90,"texture":"#Texture0"},"down":{"uv":[1,13.5,1.5,16],"rotation":90,"texture":"#Texture0"}}},{"name":"shotgun_10","from":[0.625,4.97917,6.35417],"to":[2.125,5.47917,9.60417],"rotation":{"angle":0,"axis":"x","origin":[4.77083,6.25,7.85417]},"faces":{"north":{"uv":[0.5,14.5,1,16],"rotation":270,"texture":"#Texture0"},"east":{"uv":[1,14.5,0.5,15],"rotation":90,"texture":"#Texture0"},"south":{"uv":[0.5,16,1,14.5],"rotation":270,"texture":"#Texture0"},"west":{"uv":[0.5,15.5,1,16],"rotation":270,"texture":"#Texture0"},"up":{"uv":[0.5,14.5,1,16],"rotation":90,"texture":"#Texture0"},"down":{"uv":[0.5,14.5,1,16],"rotation":90,"texture":"#Texture0"}}},{"name":"shotgun_11","from":[0.625,3.97917,6.35417],"to":[1.625,4.97917,9.60417],"rotation":{"angle":0,"axis":"x","origin":[4.77083,6.25,7.85417]},"faces":{"north":{"uv":[0,15,0.5,16],"rotation":270,"texture":"#Texture0"},"east":{"uv":[0.5,15,0,15.5],"rotation":90,"texture":"#Texture0"},"south":{"uv":[0,16,0.5,15],"rotation":270,"texture":"#Texture0"},"west":{"uv":[0,15.5,0.5,16],"rotation":270,"texture":"#Texture0"},"up":{"uv":[0,15,0.5,16],"rotation":90,"texture":"#Texture0"},"down":{"uv":[0,15,0.5,16],"rotation":90,"texture":"#Texture0"}}}],"display":{"thirdperson_righthand":{"rotation":[0,90,0],"translation":[0,3,-5.75],"scale":[0.8,0.8,0.8]},"thirdperson_lefthand":{"rotation":[0,270,0],"translation":[0,3.2,-3],"scale":[0.5,0.5,0.5]},"firstperson_righthand":{"rotation":[0,82,0],"translation":[3.75,3,-4.5]},"firstperson_lefthand":{"rotation":[0,-95,0],"translation":[3,3,-10],"scale":[1.3,1.3,1.3]},"ground":{"translation":[0,3,0],"scale":[0.7,0.7,0.7]},"gui":{"rotation":[0,0,34],"translation":[-0.75,2,0],"scale":[1.2,1.1,1]},"fixed":{"translation":[0.25,2,0]}},"groups":[{"name":"shotgun","origin":[8,8,8],"children":[0,1,2,3,4,5,6,7,8,9,10,11,12,13]}]}