{"__comment":"ModelgeneratedusingMrCrayfish'sModelCreator(https://mrcrayfish.com/tools?id=mc)","textures":{"body":"itemsadder:item/ak47/body"},"display":{"gui":{"rotation":[0,0,35],"translation":[0.5,1,0],"scale":[0.78,0.78,0.78]},"ground":{"rotation":[0,0,0],"translation":[0,7.75,0],"scale":[0.7,0.7,0.7]},"fixed":{"rotation":[0,180,0],"translation":[0,0,0],"scale":[0.8,0.8,0.8]},"head":{"rotation":[0,0,0],"translation":[0,14.25,0],"scale":[1,1,1]},"firstperson_righthand":{"rotation":[0,-280,0],"translation":[0,3,-4],"scale":[1,1,1]},"thirdperson_righthand":{"rotation":[0,90,0],"translation":[0,1.5,-1.75],"scale":[0.8,0.8,0.8]}},"elements":[{"name":"Element","from":[11,7,7],"to":[15,9.1,9],"faces":{"north":{"texture":"#body","uv":[8,0,14,3]},"east":{"texture":"#body","uv":[8,12,10,15]},"south":{"texture":"#body","uv":[8,0,14,3]},"west":{"texture":"#body","uv":[8,12,10,15]},"up":{"texture":"#body","uv":[8,0,12,2]},"down":{"texture":"#body","uv":[8,1,12,3]}}},{"name":"Element","from":[1,7,7],"to":[9,9.1,9],"faces":{"north":{"texture":"#body","uv":[8,3,16,6]},"east":{"texture":"#body","uv":[14,3,16,6]},"south":{"texture":"#body","uv":[8,3,16,6]},"west":{"texture":"#body","uv":[14,3,16,6]},"up":{"texture":"#body","uv":[6,3,16,5]},"down":{"texture":"#body","uv":[6,3,16,5]}}},{"name":"7.5-8.5(last)","from":[15,7.5,7.5],"to":[18,8.7,8.5],"faces":{"north":{"texture":"#body","uv":[0,0,3,1]},"east":{"texture":"#body","uv":[2,0,3,1]},"south":{"texture":"#body","uv":[0,0,3,1]},"up":{"texture":"#body","uv":[0,0,3,1]},"down":{"texture":"#body","uv":[0,0,3,1]}}},{"name":"same","from":[18,7.5,7.7],"to":[20,8.5,8.3],"faces":{"north":{"texture":"#body","uv":[3,1,5,2]},"east":{"texture":"#body","uv":[4,1,5,2]},"south":{"texture":"#body","uv":[3,1,5,2]},"up":{"texture":"#body","uv":[3,1,5,2]},"down":{"texture":"#body","uv":[3,1,5,2]}}},{"name":"same","from":[19,8.5,7.7],"to":[20,9.5,8.3],"faces":{"north":{"texture":"#body","uv":[0,0,1,1]},"east":{"texture":"#body","uv":[0,0,1,1]},"south":{"texture":"#body","uv":[0,0,1,1]},"west":{"texture":"#body","uv":[0,0,1,1]},"up":{"texture":"#body","uv":[0,0,1,1]}}},{"name":"Element","from":[-2,6.7,7.3],"to":[1,9,8.7],"faces":{"north":{"texture":"#body","uv":[2,9,5,13]},"south":{"texture":"#body","uv":[2,9,5,12]},"west":{"texture":"#body","uv":[3,9,5,12]},"up":{"texture":"#body","uv":[3,9,5,11]},"down":{"texture":"#body","uv":[3,9,5,11]}}},{"name":"7.001to8.999","from":[-4.3,6.1,7.301],"to":[-1,8,8.69],"faces":{"north":{"texture":"#body","uv":[2,9,5,12]},"east":{"texture":"#body","uv":[8,12,10,15]},"south":{"texture":"#body","uv":[2,9,5,12]},"up":{"texture":"#body","uv":[4,9,7,11]},"down":{"texture":"#body","uv":[4,9,7,11]}}},{"name":"Element","from":[3,4.8,7.3],"to":[5,8.1,8.7],"shade":false,"rotation":{"origin":[2,8,8],"axis":"z","angle":-22.5},"faces":{"north":{"texture":"#body","uv":[8,12,10,15.3]},"east":{"texture":"#body","uv":[8,12,9.4,15.3]},"south":{"texture":"#body","uv":[8,12,10,15.3]},"west":{"texture":"#body","uv":[8,12,9.4,15.3]},"up":{"texture":"#body","uv":[8,14,10,15.4]},"down":{"texture":"#body","uv":[8,13,10,14.4]}}},{"name":"Element","from":[7,5,7.5],"to":[9,7,8.5],"faces":{"north":{"texture":"#body","uv":[11,6,14,9]},"east":{"texture":"#body","uv":[11,6,12,9]},"south":{"texture":"#body","uv":[11,6,14,9]},"west":{"texture":"#body","uv":[11,6,12,9]},"down":{"texture":"#body","uv":[11,6,12,9]}}},{"name":"Element","from":[7.7,3.6,7.5],"to":[9.7,5,8.5],"faces":{"north":{"texture":"#body","uv":[11,6,14,9]},"east":{"texture":"#body","uv":[11,6,12,9]},"south":{"texture":"#body","uv":[12,9,15,11]},"west":{"texture":"#body","uv":[11,6,12,9]},"up":{"texture":"#body","uv":[11,6,14,9]},"down":{"texture":"#body","uv":[11,6,12,9]}}},{"name":"Element","from":[8.4,3,7.5],"to":[10.4,3.6,8.5],"faces":{"north":{"texture":"#body","uv":[11,6,14,9]},"east":{"texture":"#body","uv":[11,6,12,9]},"south":{"texture":"#body","uv":[13,11,16,12]},"west":{"texture":"#body","uv":[11,6,12,9]},"up":{"texture":"#body","uv":[11,6,14,9]},"down":{"texture":"#body","uv":[11,6,12,9]}}},{"name":"Element","from":[9.7,2.4,7.5],"to":[11.1,3,8.5],"faces":{"north":{"texture":"#body","uv":[11,7,12.4,7.6]},"east":{"texture":"#body","uv":[11,6,12,9]},"south":{"texture":"#body","uv":[11,7,12.4,7.6]},"west":{"texture":"#body","uv":[11,6,12,9]},"up":{"texture":"#body","uv":[13,5,14.4,6]},"down":{"texture":"#body","uv":[11,6,12,9]}}},{"name":"7.001to8.999","from":[-6.6,8,7.301],"to":[-1.3,8.5,8.69],"faces":{"north":{"texture":"#body","uv":[1,9,6.3,9.5]},"south":{"texture":"#body","uv":[2,9,7.3,9.5]},"west":{"texture":"#body","uv":[8,13,10,16]},"up":{"texture":"#body","uv":[1,9,6.3,11]},"down":{"texture":"#body","uv":[4,9,7,11]}}},{"name":"7.001to8.999","from":[-6.6,5.1,7.301],"to":[-4.3,8,8.69],"faces":{"north":{"texture":"#body","uv":[2,9,5,12]},"east":{"texture":"#body","uv":[8,12,10,15]},"south":{"texture":"#body","uv":[2,9,5,12]},"west":{"texture":"#body","uv":[8,12,10,15]},"down":{"texture":"#body","uv":[4,9,7,11]}}},{"name":"same","from":[10,8.5,7.4],"to":[10.4,9.5,7.8],"faces":{"north":{"texture":"#body","uv":[0,0,1,1]},"east":{"texture":"#body","uv":[0,0,1,1]},"south":{"texture":"#body","uv":[0,0,1,1]},"west":{"texture":"#body","uv":[0,0,1,1]},"up":{"texture":"#body","uv":[0,0,1,1]}}},{"name":"same","from":[10,8.5,8.2],"to":[10.4,9.5,8.6],"faces":{"north":{"texture":"#body","uv":[0,0,1,1]},"east":{"texture":"#body","uv":[0,0,1,1]},"south":{"texture":"#body","uv":[0,0,1,1]},"west":{"texture":"#body","uv":[0,0,1,1]},"up":{"texture":"#body","uv":[0,0,1,1]}}},{"name":"same","from":[10,8.5,7.8],"to":[10.4,9.3,8.2],"faces":{"east":{"texture":"#body","uv":[0,0,1,1]},"west":{"texture":"#body","uv":[0,0,1,1]},"up":{"texture":"#body","uv":[0,0,1,1]}}},{"name":"same","from":[7,8.3,8.9],"to":[7.3,8.7,9.4],"faces":{"east":{"texture":"#body","uv":[0,0,1,1]},"south":{"texture":"#body","uv":[0,0,1,1]},"west":{"texture":"#body","uv":[0,0,1,1]},"up":{"texture":"#body","uv":[0,0,1,1]},"down":{"texture":"#body","uv":[0,0,1,1]}}},{"name":"Element","from":[9,7,7],"to":[11,8.1,9],"faces":{"north":{"texture":"#body","uv":[8,1,10,2.1]},"south":{"texture":"#body","uv":[8,1,10,2.1]},"down":{"texture":"#body","uv":[8,0,10,2]}}},{"name":"Element","from":[9,8.1,7],"to":[11,9.1,9],"faces":{"north":{"texture":"#body","uv":[7,4,9,5]},"south":{"texture":"#body","uv":[7,4,9,5]},"up":{"texture":"#body","uv":[9,3,11,5]}}}]}