{"__comment":"ModelgeneratedusingMrCrayfish'sModelCreator(https://mrcrayfish.com/tools?id=mc)","textures":{"bodyaug":"itemsadder:item/auga1/bodyaug"},"display":{"gui":{"rotation":[0,0,35],"translation":[0,1,0],"scale":[0.68,0.78,0.78]},"ground":{"rotation":[0,0,0],"translation":[0,2.75,0],"scale":[0.7,0.7,0.7]},"fixed":{"rotation":[0,180,0],"translation":[0,0,0],"scale":[0.8,0.8,0.8]},"head":{"rotation":[0,0,0],"translation":[0,14.25,0],"scale":[1,1,1]},"firstperson_righthand":{"rotation":[0,80,0],"translation":[-1,4,1],"scale":[1,1,1]},"thirdperson_righthand":{"rotation":[0,90,0],"translation":[0,1.5,1.25],"scale":[0.8,0.8,0.8]}},"elements":[{"name":"Element","from":[9,7,7],"to":[15,9.1,9],"faces":{"north":{"texture":"#bodyaug","uv":[10,2,16,5]},"east":{"texture":"#bodyaug","uv":[11,6,13,9]},"south":{"texture":"#bodyaug","uv":[10,2,16,5]},"up":{"texture":"#bodyaug","uv":[10,3,16,5]},"down":{"texture":"#bodyaug","uv":[10,2,16,4]}}},{"name":"Element","from":[1,7,7],"to":[9,9.1,9],"faces":{"north":{"texture":"#bodyaug","uv":[8,2,16,5]},"south":{"texture":"#bodyaug","uv":[8,2,16,5]},"west":{"texture":"#bodyaug","uv":[14,2,16,5]},"up":{"texture":"#bodyaug","uv":[6,2,16,4]},"down":{"texture":"#bodyaug","uv":[6,2,16,4]}}},{"name":"7.5-8.5(last)","from":[15,7.5,7.5],"to":[18,8.7,8.5],"faces":{"north":{"texture":"#bodyaug","uv":[7,9,10,10]},"east":{"texture":"#bodyaug","uv":[8,10,9,11]},"south":{"texture":"#bodyaug","uv":[7,10,10,11]},"up":{"texture":"#bodyaug","uv":[7,10,10,11]},"down":{"texture":"#bodyaug","uv":[7,7,10,8]}}},{"name":"same","from":[13,8.5,7.7],"to":[14,10,8.3],"rotation":{"origin":[8,8,8],"axis":"x","angle":-45.0},"faces":{"north":{"texture":"#bodyaug","uv":[9,11,10,12.5]},"east":{"texture":"#bodyaug","uv":[9,8,10,9]},"south":{"texture":"#bodyaug","uv":[9,9,10,10.5]},"west":{"texture":"#bodyaug","uv":[9,11,9.6,12.5]},"up":{"texture":"#bodyaug","uv":[9,7,10,7.6]},"down":{"texture":"#bodyaug","uv":[9,9,10,9.6]}}},{"name":"Element","from":[-2,5.7,7.3],"to":[1,9,8.7],"faces":{"north":{"texture":"#bodyaug","uv":[12,4,15,8]},"east":{"texture":"#bodyaug","uv":[0,0,1.4,3.3]},"south":{"texture":"#bodyaug","uv":[12,3,15,6]},"west":{"texture":"#bodyaug","uv":[11,6,13,9]},"up":{"texture":"#bodyaug","uv":[11,4,13,6]},"down":{"texture":"#bodyaug","uv":[11,4,13,6]}}},{"name":"7.001to8.999","from":[-4.3,5.09,7.301],"to":[-1,8.99,8.69],"faces":{"north":{"texture":"#bodyaug","uv":[11,4,14,7]},"east":{"texture":"#bodyaug","uv":[11,6,13,9]},"south":{"texture":"#bodyaug","uv":[11,3,14,6]},"west":{"texture":"#bodyaug","uv":[11,6,13,9]},"up":{"texture":"#bodyaug","uv":[11,5,14,7]},"down":{"texture":"#bodyaug","uv":[11,5,14,7]}}},{"name":"Element","from":[7,6.3,7.3],"to":[9,10.1,8.7],"shade":false,"rotation":{"origin":[2,8,8],"axis":"z","angle":-22.5},"faces":{"north":{"texture":"#bodyaug","uv":[13,6,15,14]},"east":{"texture":"#bodyaug","uv":[13,7,15,15]},"south":{"texture":"#bodyaug","uv":[13,8,15,16]},"west":{"texture":"#bodyaug","uv":[13,6,15,14]},"down":{"texture":"#bodyaug","uv":[13,11,15,13]}}},{"name":"Element","from":[2,5,7.5],"to":[4,7,8.5],"faces":{"north":{"texture":"#bodyaug","uv":[7,9,10,11]},"east":{"texture":"#bodyaug","uv":[8,9,9,11]},"south":{"texture":"#bodyaug","uv":[7,11,10,13]},"west":{"texture":"#bodyaug","uv":[7,9,8,12]},"down":{"texture":"#bodyaug","uv":[8,8,9,11]}}},{"name":"Element","from":[2.7,3.6,7.5],"to":[4.7,5,8.5],"faces":{"north":{"texture":"#bodyaug","uv":[7,8,10,11]},"east":{"texture":"#bodyaug","uv":[8,9,9,12]},"south":{"texture":"#bodyaug","uv":[7,12,10,14]},"west":{"texture":"#bodyaug","uv":[8,9,9,12]},"up":{"texture":"#bodyaug","uv":[7,10,10,13]},"down":{"texture":"#bodyaug","uv":[8,8,9,11]}}},{"name":"Element","from":[3.4,3,7.5],"to":[5.4,3.6,8.5],"faces":{"north":{"texture":"#bodyaug","uv":[7,9,10,12]},"east":{"texture":"#bodyaug","uv":[8,9,9,12]},"south":{"texture":"#bodyaug","uv":[7,13,10,14]},"west":{"texture":"#bodyaug","uv":[7,9,8,12]},"up":{"texture":"#bodyaug","uv":[7,7,10,10]},"down":{"texture":"#bodyaug","uv":[8,7,9,10]}}},{"name":"Element","from":[4,2.4,7.5],"to":[5.4,3,8.5],"faces":{"north":{"texture":"#bodyaug","uv":[7,9,10,12]},"east":{"texture":"#bodyaug","uv":[8,8,9,11]},"south":{"texture":"#bodyaug","uv":[8,13,10,14]},"west":{"texture":"#bodyaug","uv":[8,8,9,11]},"down":{"texture":"#bodyaug","uv":[8,7,9,10]}}},{"name":"7.001to8.999","from":[-4.3,4.2,7.301],"to":[-2,5.1,8.69],"faces":{"north":{"texture":"#bodyaug","uv":[11,6,13,9]},"east":{"texture":"#bodyaug","uv":[11,5,13,8]},"south":{"texture":"#bodyaug","uv":[11,6,13,9]},"west":{"texture":"#bodyaug","uv":[11,6,13,9]},"down":{"texture":"#bodyaug","uv":[11,3,14,5]}}},{"name":"Element","from":[7,9.1,7],"to":[8,10.1,9],"faces":{"north":{"texture":"#bodyaug","uv":[8,9,9,12]},"east":{"texture":"#bodyaug","uv":[7,10,8,13]},"south":{"texture":"#bodyaug","uv":[8,11,9,14]},"west":{"texture":"#bodyaug","uv":[8,10,9,13]},"up":{"texture":"#bodyaug","uv":[7,12,8,14]}}},{"name":"Element","from":[4.2,11.1,7.3],"to":[12.7,12.6,8.7],"faces":{"north":{"texture":"#bodyaug","uv":[6,8,10,11]},"east":{"texture":"#bodyaug","uv":[6,9,8,12]},"south":{"texture":"#bodyaug","uv":[6,10,10,13]},"west":{"texture":"#bodyaug","uv":[7,9,9,12]},"up":{"texture":"#bodyaug","uv":[6,11,10,13]},"down":{"texture":"#bodyaug","uv":[6,10,10,12]}}},{"name":"Element","from":[12.5,9.1,7.5],"to":[13.5,10.1,8.5],"faces":{"north":{"texture":"#bodyaug","uv":[6,10,7,13]},"east":{"texture":"#bodyaug","uv":[8,9,9,12]},"south":{"texture":"#bodyaug","uv":[7,11,8,14]},"west":{"texture":"#bodyaug","uv":[7,10,8,13]},"up":{"texture":"#bodyaug","uv":[8,10,9,12]}}},{"name":"7.5-8.5(last)","from":[18,7.6,7.6],"to":[23,8.6,8.4],"faces":{"north":{"texture":"#bodyaug","uv":[7,9,10,10]},"east":{"texture":"#bodyaug","uv":[6,10,6.8,11]},"south":{"texture":"#bodyaug","uv":[7,11,10,12]},"up":{"texture":"#bodyaug","uv":[8,10,9,10.8]},"down":{"texture":"#bodyaug","uv":[7,8,8,8.8]}}},{"name":"Element","from":[13,3.5,7.5],"to":[14.6,7.6,8.5],"faces":{"north":{"texture":"#bodyaug","uv":[12,7,13.6,11.1]},"east":{"texture":"#bodyaug","uv":[12,6,13,10.1]},"south":{"texture":"#bodyaug","uv":[12,5,13.6,9.1]},"west":{"texture":"#bodyaug","uv":[12,10,13,14.1]},"down":{"texture":"#bodyaug","uv":[12,8,13.6,9]}}},{"name":"Element","from":[11.8,10.1,7.5],"to":[12.8,11.1,8.5],"faces":{"north":{"texture":"#bodyaug","uv":[7,10,8,13]},"east":{"texture":"#bodyaug","uv":[7,10,9,13]},"south":{"texture":"#bodyaug","uv":[8,11,9,13]},"west":{"texture":"#bodyaug","uv":[7,9,9,12]},"up":{"texture":"#bodyaug","uv":[7,11,9,13]}}},{"name":"Element","from":[6.3,10.1,7],"to":[7.3,11.1,9],"faces":{"north":{"texture":"#bodyaug","uv":[8,10,9,13]},"east":{"texture":"#bodyaug","uv":[7,10,8,13]},"south":{"texture":"#bodyaug","uv":[8,10,9,13]},"west":{"texture":"#bodyaug","uv":[8,9,9,12]},"up":{"texture":"#bodyaug","uv":[7,12,8,14]}}}]}