{"__comment":"ModelgeneratedusingMrCrayfish'sModelCreator(https://mrcrayfish.com/tools?id=mc)","textures":{"oak_planks":"itemsadder:item/furnitures/oak_planks"},"display":{"gui":{"rotation":[25,-45,0],"translation":[0,-0.25,0],"scale":[0.7,0.7,0.7]},"ground":{"rotation":[0,0,0],"translation":[0,1,0],"scale":[0.25,0.25,0.25]},"fixed":{"rotation":[0,180,0],"translation":[0,1,-2.25],"scale":[0.5,0.5,0.5]},"head":{"rotation":[0,0,0],"translation":[0,-24,0],"scale":[2.3,1.15,2.3]},"firstperson_righthand":{"rotation":[0,0,0],"translation":[0,0,0],"scale":[0.5,0.5,0.5]},"thirdperson_righthand":{"rotation":[0,0,0],"translation":[0,0,0],"scale":[0.5,0.5,0.5]}},"elements":[{"name":"Cube","from":[-6,0,2],"to":[-2,14,4],"faces":{"north":{"texture":"#oak_planks","uv":[10,4,14,16]},"east":{"texture":"#oak_planks","uv":[6,2,8,16]},"south":{"texture":"#oak_planks","uv":[1,2,5,16]},"west":{"texture":"#oak_planks","uv":[3,2,6,16]},"down":{"texture":"#oak_planks","uv":[0,0,4,2]}}},{"name":"Cube","from":[8,14,0],"to":[24,16,16],"faces":{"north":{"texture":"#oak_planks","uv":[0,3,16,4]},"east":{"texture":"#oak_planks","uv":[0,3,16,4]},"south":{"texture":"#oak_planks","uv":[0,3,16,4]},"up":{"texture":"#oak_planks","uv":[0,0,16,16]},"down":{"texture":"#oak_planks","uv":[1,1,16,16]}}},{"name":"Cube","from":[-6,0,12],"to":[-2,14,14],"faces":{"north":{"texture":"#oak_planks","uv":[7,4,11,16]},"east":{"texture":"#oak_planks","uv":[0,0,2,14]},"south":{"texture":"#oak_planks","uv":[0,0,4,14]},"west":{"texture":"#oak_planks","uv":[0,0,2,14]},"down":{"texture":"#oak_planks","uv":[0,0,4,2]}}},{"name":"Cube","from":[18,0,12],"to":[22,14,14],"faces":{"north":{"texture":"#oak_planks","uv":[12,0,16,14]},"east":{"texture":"#oak_planks","uv":[1,2,2,16]},"south":{"texture":"#oak_planks","uv":[8,2,12,16]},"west":{"texture":"#oak_planks","uv":[6,2,8,16]},"down":{"texture":"#oak_planks","uv":[0,0,4,2]}}},{"name":"Cube","from":[18,0,2],"to":[22,14,4],"faces":{"north":{"texture":"#oak_planks","uv":[13,2,16,16]},"east":{"texture":"#oak_planks","uv":[8,2,10,16]},"south":{"texture":"#oak_planks","uv":[5,1,9,15]},"west":{"texture":"#oak_planks","uv":[6,2,8,16]},"down":{"texture":"#oak_planks","uv":[0,0,4,2]}}},{"name":"Cube","from":[-8,14,0],"to":[8,16,16],"faces":{"north":{"texture":"#oak_planks","uv":[0,3,16,4]},"south":{"texture":"#oak_planks","uv":[0,3,16,4]},"west":{"texture":"#oak_planks","uv":[0,3,16,4]},"up":{"texture":"#oak_planks","uv":[0,0,16,16]},"down":{"texture":"#oak_planks","uv":[1,1,16,16]}}},{"name":"Cube","from":[20,0,10],"to":[22,14,12],"faces":{"north":{"texture":"#oak_planks","uv":[12,0,14,14]},"east":{"texture":"#oak_planks","uv":[2,2,3,16]},"west":{"texture":"#oak_planks","uv":[6,2,8,16]},"down":{"texture":"#oak_planks","uv":[0,0,2,2]}}},{"name":"Cube","from":[20,0,4],"to":[22,14,6],"faces":{"east":{"texture":"#oak_planks","uv":[8,2,10,16]},"south":{"texture":"#oak_planks","uv":[5,1,7,15]},"west":{"texture":"#oak_planks","uv":[6,2,8,16]},"down":{"texture":"#oak_planks","uv":[0,0,2,2]}}},{"name":"Cube","from":[-6,0,4],"to":[-4,14,6],"faces":{"east":{"texture":"#oak_planks","uv":[8,2,10,16]},"south":{"texture":"#oak_planks","uv":[5,1,7,15]},"west":{"texture":"#oak_planks","uv":[6,2,8,16]},"down":{"texture":"#oak_planks","uv":[0,0,2,2]}}},{"name":"Cube","from":[-6,0,10],"to":[-4,14,12],"faces":{"north":{"texture":"#oak_planks","uv":[14,4,16,16]},"east":{"texture":"#oak_planks","uv":[8,2,10,16]},"west":{"texture":"#oak_planks","uv":[6,0,8,14]},"down":{"texture":"#oak_planks","uv":[0,0,2,2]}}},{"name":"Cube","from":[-4,6,10],"to":[20,10,12],"faces":{"north":{"texture":"#oak_planks","uv":[7,4,16,8]},"south":{"texture":"#oak_planks","uv":[0,0,16,4]},"up":{"texture":"#oak_planks","uv":[0,0,16,2]},"down":{"texture":"#oak_planks","uv":[0,0,16,2]}}},{"name":"Cube","from":[-4,6,4],"to":[20,10,6],"faces":{"north":{"texture":"#oak_planks","uv":[7,4,16,8]},"south":{"texture":"#oak_planks","uv":[0,0,16,4]},"up":{"texture":"#oak_planks","uv":[0,0,16,2]},"down":{"texture":"#oak_planks","uv":[0,0,16,2]}}},{"name":"Cube","from":[-4,4,4],"to":[-2,8,12],"faces":{"east":{"texture":"#oak_planks","uv":[0,0,8,4]},"west":{"texture":"#oak_planks","uv":[0,0,8,4]},"up":{"texture":"#oak_planks","uv":[0,0,2,8]},"down":{"texture":"#oak_planks","uv":[0,0,2,8]}}},{"name":"Cube","from":[18,4,4],"to":[20,8,12],"faces":{"east":{"texture":"#oak_planks","uv":[0,0,8,4]},"west":{"texture":"#oak_planks","uv":[0,0,8,4]},"up":{"texture":"#oak_planks","uv":[0,0,2,8]},"down":{"texture":"#oak_planks","uv":[0,0,2,8]}}}]}