{"__comment":"ModelgeneratedusingMrCrayfish'sModelCreator(https://mrcrayfish.com/tools?id=mc)","textures":{"oak_planks":"itemsadder:item/panuelos/river/oak_planks","descarga":"itemsadder:item/panuelos/river/descarga","red_concrete_powder":"itemsadder:item/panuelos/river/red_concrete_powder"},"display":{"gui":{"rotation":[30,47,0],"translation":[-3,-1,0],"scale":[0.8,0.8,0.7]},"ground":{"rotation":[0,0,0],"translation":[0,3,0],"scale":[0.8,0.8,0.8]},"fixed":{"rotation":[0,0,0],"translation":[0,0,0],"scale":[0.5,0.5,0.5]},"firstperson_righthand":{"rotation":[0,86,0],"translation":[0,5,0],"scale":[0.7,0.7,0.7]},"thirdperson_righthand":{"rotation":[0,90,0],"translation":[0,4,0],"scale":[0.8,0.8,0.8]}},"elements":[{"name":"Cube","from":[7.5,0,7.5],"to":[8.5,10,8.5],"faces":{"north":{"texture":"#oak_planks","uv":[0,0,1,10]},"east":{"texture":"#oak_planks","uv":[0,0,1,10]},"south":{"texture":"#oak_planks","uv":[0,0,1,10]},"west":{"texture":"#oak_planks","uv":[0,0,1,10]},"down":{"texture":"#oak_planks","uv":[0,0,1,1]}}},{"name":"Cube","from":[7.3,7,7.3],"to":[21.7,15,8.7],"faces":{"north":{"texture":"#red_concrete_powder","uv":[0,0,14.4,8]},"east":{"texture":"#red_concrete_powder","uv":[0,0,1.4,8]},"south":{"texture":"#red_concrete_powder","uv":[0,0,14.4,8]},"west":{"texture":"#red_concrete_powder","uv":[0,0,1.4,8]},"up":{"texture":"#red_concrete_powder","uv":[0,0,14.4,1.4]},"down":{"texture":"#red_concrete_powder","uv":[0,0,14.4,1.4]}}},{"name":"Cube","from":[11.3,7,8.7],"to":[18.7,15,8.71],"faces":{"east":{"texture":"#red_concrete_powder","uv":[0,0,0.01,8]},"south":{"texture":"#descarga","uv":[2,2,14.4,14]},"west":{"texture":"#red_concrete_powder","uv":[0,0,0.01,8]},"up":{"texture":"#red_concrete_powder","uv":[0,0,7.4,0.01]},"down":{"texture":"#red_concrete_powder","uv":[0,0,7.4,0.01]}}},{"name":"Cube","from":[11.3,7,7.29],"to":[18.7,15,7.3],"faces":{"north":{"texture":"#descarga","uv":[2,2,14.4,14]},"east":{"texture":"#red_concrete_powder","uv":[0,0,0.01,8]},"west":{"texture":"#red_concrete_powder","uv":[0,0,0.01,8]},"up":{"texture":"#red_concrete_powder","uv":[0,0,7.4,0.01]},"down":{"texture":"#red_concrete_powder","uv":[0,0,7.4,0.01]}}}]}