{"credit":"MadewithBlockbench","textures":{"1":"itemsadder:item/bones_backpack/skull","2":"itemsadder:item/bones_backpack/bone","particle":"itemsadder:item/bones_backpack/skull"},"elements":[{"name":"skull_0","from":[0,5.44979,1.15789],"to":[16,18.44979,10.55789],"rotation":{"angle":0,"axis":"x","origin":[8.3502,6.79595,2.15384]},"faces":{"north":{"uv":[0,0,8,1],"texture":"#1","tintindex":0},"east":{"uv":[7,0,8,6],"texture":"#1","tintindex":0},"south":{"uv":[0,0,8,6],"texture":"#1","tintindex":0},"west":{"uv":[0,0,1,6],"texture":"#1","tintindex":0},"up":{"uv":[0,0,8,1],"texture":"#1","tintindex":0},"down":{"uv":[0,5,8,6],"texture":"#1","tintindex":0}}},{"name":"skull_1","from":[2,3.44979,1.15789],"to":[8,5.44979,10.55789],"rotation":{"angle":0,"axis":"x","origin":[8.3502,6.79595,2.15384]},"faces":{"north":{"uv":[5,0,8,1],"texture":"#1","tintindex":0},"east":{"uv":[1,6,4,7],"texture":"#1","tintindex":0},"south":{"uv":[1,6,4,7],"texture":"#1","tintindex":0},"west":{"uv":[1,6,4,7],"texture":"#1","tintindex":0},"up":{"uv":[1,6,4,7],"texture":"#1","tintindex":0},"down":{"uv":[1,6,4,7],"texture":"#1","tintindex":0}}},{"name":"skull_2","from":[10,3.44979,1.15789],"to":[14,5.44979,10.55789],"rotation":{"angle":0,"axis":"x","origin":[8.3502,6.79595,2.15384]},"faces":{"north":{"uv":[1,0,3,1],"texture":"#1","tintindex":0},"east":{"uv":[5,6,7,7],"texture":"#1","tintindex":0},"south":{"uv":[5,6,7,7],"texture":"#1","tintindex":0},"west":{"uv":[5,6,7,7],"texture":"#1","tintindex":0},"up":{"uv":[5,6,7,7],"texture":"#1","tintindex":0},"down":{"uv":[5,6,7,7],"texture":"#1","tintindex":0}}},{"name":"bone_2","from":[0.0479,23.65564,-6],"to":[1.0479,26.65564,-1],"rotation":{"angle":0,"axis":"z","origin":[0.54613,21.50177,0.81877]},"faces":{"north":{"uv":[14,1,11,2],"rotation":90,"texture":"#2","tintindex":0},"east":{"uv":[11,6,14,1],"rotation":270,"texture":"#2","tintindex":0},"south":{"uv":[11,5,14,6],"rotation":270,"texture":"#2","tintindex":0},"west":{"uv":[11,1,14,6],"rotation":270,"texture":"#2","tintindex":0},"up":{"uv":[13,1,14,6],"texture":"#2","tintindex":0},"down":{"uv":[11,1,12,6],"rotation":180,"texture":"#2","tintindex":0}}},{"name":"bone_3","from":[0.0479,22.65564,-5],"to":[1.0479,23.65564,1],"rotation":{"angle":0,"axis":"z","origin":[0.54613,21.50177,0.81877]},"faces":{"north":{"uv":[11,2,10,3],"rotation":90,"texture":"#2","tintindex":0},"east":{"uv":[10,8,11,2],"rotation":270,"texture":"#2","tintindex":0},"south":{"uv":[10,7,11,8],"rotation":270,"texture":"#2","tintindex":0},"west":{"uv":[10,2,11,8],"rotation":270,"texture":"#2","tintindex":0},"up":{"uv":[10,2,11,8],"texture":"#2","tintindex":0},"down":{"uv":[10,2,11,8],"rotation":180,"texture":"#2","tintindex":0}}},{"name":"bone_4","from":[0.0479,26.65564,-5],"to":[1.0479,27.65564,-1],"rotation":{"angle":0,"axis":"z","origin":[0.54613,21.50177,0.81877]},"faces":{"north":{"uv":[15,2,14,3],"rotation":90,"texture":"#2","tintindex":0},"east":{"uv":[14,6,15,2],"rotation":270,"texture":"#2","tintindex":0},"south":{"uv":[14,5,15,6],"rotation":270,"texture":"#2","tintindex":0},"west":{"uv":[14,2,15,6],"rotation":270,"texture":"#2","tintindex":0},"up":{"uv":[14,2,15,6],"texture":"#2","tintindex":0},"down":{"uv":[14,2,15,6],"rotation":180,"texture":"#2","tintindex":0}}},{"name":"bone_5","from":[0.0479,27.65564,-4],"to":[1.0479,28.65564,-2],"rotation":{"angle":0,"axis":"z","origin":[0.54613,21.50177,0.81877]},"faces":{"north":{"uv":[16,3,15,4],"rotation":90,"texture":"#2","tintindex":0},"east":{"uv":[15,5,16,3],"rotation":270,"texture":"#2","tintindex":0},"south":{"uv":[15,4,16,5],"rotation":270,"texture":"#2","tintindex":0},"west":{"uv":[15,3,16,5],"rotation":270,"texture":"#2","tintindex":0},"up":{"uv":[15,3,16,5],"texture":"#2","tintindex":0},"down":{"uv":[15,3,16,5],"rotation":180,"texture":"#2","tintindex":0}}},{"name":"bone_6","from":[0.0479,21.65564,-2],"to":[1.0479,22.65564,2],"rotation":{"angle":0,"axis":"z","origin":[0.54613,21.50177,0.81877]},"faces":{"north":{"uv":[10,5,9,6],"rotation":90,"texture":"#2","tintindex":0},"east":{"uv":[9,9,10,5],"rotation":270,"texture":"#2","tintindex":0},"south":{"uv":[9,8,10,9],"rotation":270,"texture":"#2","tintindex":0},"west":{"uv":[9,5,10,9],"rotation":270,"texture":"#2","tintindex":0},"up":{"uv":[9,5,10,9],"texture":"#2","tintindex":0},"down":{"uv":[9,5,10,9],"rotation":180,"texture":"#2","tintindex":0}}},{"name":"bone_7","from":[0.0479,20.65564,-1],"to":[1.0479,21.65564,3],"rotation":{"angle":0,"axis":"z","origin":[0.54613,21.50177,0.81877]},"faces":{"north":{"uv":[9,6,8,7],"rotation":90,"texture":"#2","tintindex":0},"east":{"uv":[8,10,9,6],"rotation":270,"texture":"#2","tintindex":0},"south":{"uv":[8,9,9,10],"rotation":270,"texture":"#2","tintindex":0},"west":{"uv":[8,6,9,10],"rotation":270,"texture":"#2","tintindex":0},"up":{"uv":[8,6,9,10],"texture":"#2","tintindex":0},"down":{"uv":[8,6,9,10],"rotation":180,"texture":"#2","tintindex":0}}},{"name":"bone_8","from":[0.0479,23.65564,-1],"to":[1.0479,24.65564,0],"rotation":{"angle":0,"axis":"z","origin":[0.54613,21.50177,0.81877]},"faces":{"north":{"uv":[12,6,11,7],"rotation":90,"texture":"#2","tintindex":0},"east":{"uv":[11,7,12,6],"rotation":270,"texture":"#2","tintindex":0},"south":{"uv":[11,6,12,7],"rotation":270,"texture":"#2","tintindex":0},"west":{"uv":[11,6,12,7],"rotation":270,"texture":"#2","tintindex":0},"up":{"uv":[11,6,12,7],"texture":"#2","tintindex":0},"down":{"uv":[11,6,12,7],"rotation":180,"texture":"#2","tintindex":0}}},{"name":"bone_9","from":[0.0479,19.65564,0],"to":[1.0479,20.65564,4],"rotation":{"angle":0,"axis":"z","origin":[0.54613,21.50177,0.81877]},"faces":{"north":{"uv":[8,7,7,8],"rotation":90,"texture":"#2","tintindex":0},"east":{"uv":[7,11,8,7],"rotation":270,"texture":"#2","tintindex":0},"south":{"uv":[7,10,8,11],"rotation":270,"texture":"#2","tintindex":0},"west":{"uv":[7,7,8,11],"rotation":270,"texture":"#2","tintindex":0},"up":{"uv":[7,7,8,11],"texture":"#2","tintindex":0},"down":{"uv":[7,7,8,11],"rotation":180,"texture":"#2","tintindex":0}}},{"name":"bone_10","from":[0.0479,18.65564,1],"to":[1.0479,19.65564,7],"rotation":{"angle":0,"axis":"z","origin":[0.54613,21.50177,0.81877]},"faces":{"north":{"uv":[7,8,6,9],"rotation":90,"texture":"#2","tintindex":0},"east":{"uv":[6,14,7,8],"rotation":270,"texture":"#2","tintindex":0},"south":{"uv":[6,13,7,14],"rotation":270,"texture":"#2","tintindex":0},"west":{"uv":[6,8,7,14],"rotation":270,"texture":"#2","tintindex":0},"up":{"uv":[6,8,7,14],"texture":"#2","tintindex":0},"down":{"uv":[6,8,7,14],"rotation":180,"texture":"#2","tintindex":0}}},{"name":"bone_11","from":[0.0479,16.65564,2],"to":[1.0479,18.65564,8],"rotation":{"angle":0,"axis":"z","origin":[0.54613,21.50177,0.81877]},"faces":{"north":{"uv":[6,9,4,10],"rotation":90,"texture":"#2","tintindex":0},"east":{"uv":[4,15,6,9],"rotation":270,"texture":"#2","tintindex":0},"south":{"uv":[4,14,6,15],"rotation":270,"texture":"#2","tintindex":0},"west":{"uv":[4,9,6,15],"rotation":270,"texture":"#2","tintindex":0},"up":{"uv":[5,9,6,15],"texture":"#2","tintindex":0},"down":{"uv":[4,9,5,15],"rotation":180,"texture":"#2","tintindex":0}}},{"name":"bone_12","from":[0.0479,14.65564,3],"to":[1.0479,16.65564,7],"rotation":{"angle":0,"axis":"z","origin":[0.54613,21.50177,0.81877]},"faces":{"north":{"uv":[4,10,2,11],"rotation":90,"texture":"#2","tintindex":0},"east":{"uv":[2,14,4,10],"rotation":270,"texture":"#2","tintindex":0},"south":{"uv":[2,13,4,14],"rotation":270,"texture":"#2","tintindex":0},"west":{"uv":[2,10,4,14],"rotation":270,"texture":"#2","tintindex":0},"up":{"uv":[3,10,4,14],"texture":"#2","tintindex":0},"down":{"uv":[2,10,3,14],"rotation":180,"texture":"#2","tintindex":0}}},{"name":"bone_13","from":[0.0479,13.65564,4],"to":[1.0479,14.65564,6],"rotation":{"angle":0,"axis":"z","origin":[0.54613,21.50177,0.81877]},"faces":{"north":{"uv":[2,11,1,12],"rotation":90,"texture":"#2","tintindex":0},"east":{"uv":[1,13,2,11],"rotation":270,"texture":"#2","tintindex":0},"south":{"uv":[1,12,2,13],"rotation":270,"texture":"#2","tintindex":0},"west":{"uv":[1,11,2,13],"rotation":270,"texture":"#2","tintindex":0},"up":{"uv":[1,11,2,13],"texture":"#2","tintindex":0},"down":{"uv":[1,11,2,13],"rotation":180,"texture":"#2","tintindex":0}}},{"name":"bone_3","from":[-0.1521,17.25564,-4.9],"to":[0.8479,20.25564,0.1],"rotation":{"angle":45,"axis":"x","origin":[15.84613,21.50177,0.81877]},"faces":{"north":{"uv":[14,1,11,2],"rotation":90,"texture":"#2","tintindex":0},"east":{"uv":[11,6,14,1],"rotation":270,"texture":"#2","tintindex":0},"south":{"uv":[11,5,14,6],"rotation":270,"texture":"#2","tintindex":0},"west":{"uv":[11,1,14,6],"rotation":270,"texture":"#2","tintindex":0},"up":{"uv":[13,1,14,6],"texture":"#2","tintindex":0},"down":{"uv":[11,1,12,6],"rotation":180,"texture":"#2","tintindex":0}}},{"name":"bone_4","from":[-0.1521,16.25564,-3.9],"to":[0.8479,17.25564,2.1],"rotation":{"angle":45,"axis":"x","origin":[15.84613,21.50177,0.81877]},"faces":{"north":{"uv":[11,2,10,3],"rotation":90,"texture":"#2","tintindex":0},"east":{"uv":[10,8,11,2],"rotation":270,"texture":"#2","tintindex":0},"south":{"uv":[10,7,11,8],"rotation":270,"texture":"#2","tintindex":0},"west":{"uv":[10,2,11,8],"rotation":270,"texture":"#2","tintindex":0},"up":{"uv":[10,2,11,8],"texture":"#2","tintindex":0},"down":{"uv":[10,2,11,8],"rotation":180,"texture":"#2","tintindex":0}}},{"name":"bone_5","from":[-0.1521,20.25564,-3.9],"to":[0.8479,21.25564,0.1],"rotation":{"angle":45,"axis":"x","origin":[15.84613,21.50177,0.81877]},"faces":{"north":{"uv":[15,2,14,3],"rotation":90,"texture":"#2","tintindex":0},"east":{"uv":[14,6,15,2],"rotation":270,"texture":"#2","tintindex":0},"south":{"uv":[14,5,15,6],"rotation":270,"texture":"#2","tintindex":0},"west":{"uv":[14,2,15,6],"rotation":270,"texture":"#2","tintindex":0},"up":{"uv":[14,2,15,6],"texture":"#2","tintindex":0},"down":{"uv":[14,2,15,6],"rotation":180,"texture":"#2","tintindex":0}}},{"name":"bone_6","from":[-0.1521,21.25564,-2.9],"to":[0.8479,22.25564,-0.9],"rotation":{"angle":45,"axis":"x","origin":[15.84613,21.50177,0.81877]},"faces":{"north":{"uv":[16,3,15,4],"rotation":90,"texture":"#2","tintindex":0},"east":{"uv":[15,5,16,3],"rotation":270,"texture":"#2","tintindex":0},"south":{"uv":[15,4,16,5],"rotation":270,"texture":"#2","tintindex":0},"west":{"uv":[15,3,16,5],"rotation":270,"texture":"#2","tintindex":0},"up":{"uv":[15,3,16,5],"texture":"#2","tintindex":0},"down":{"uv":[15,3,16,5],"rotation":180,"texture":"#2","tintindex":0}}},{"name":"bone_7","from":[-0.1521,15.25564,-0.9],"to":[0.8479,16.25564,3.1],"rotation":{"angle":45,"axis":"x","origin":[15.84613,21.50177,0.81877]},"faces":{"north":{"uv":[10,5,9,6],"rotation":90,"texture":"#2","tintindex":0},"east":{"uv":[9,9,10,5],"rotation":270,"texture":"#2","tintindex":0},"south":{"uv":[9,8,10,9],"rotation":270,"texture":"#2","tintindex":0},"west":{"uv":[9,5,10,9],"rotation":270,"texture":"#2","tintindex":0},"up":{"uv":[9,5,10,9],"texture":"#2","tintindex":0},"down":{"uv":[9,5,10,9],"rotation":180,"texture":"#2","tintindex":0}}},{"name":"bone_8","from":[-0.1521,14.25564,0.1],"to":[0.8479,15.25564,4.1],"rotation":{"angle":45,"axis":"x","origin":[15.84613,21.50177,0.81877]},"faces":{"north":{"uv":[9,6,8,7],"rotation":90,"texture":"#2","tintindex":0},"east":{"uv":[8,10,9,6],"rotation":270,"texture":"#2","tintindex":0},"south":{"uv":[8,9,9,10],"rotation":270,"texture":"#2","tintindex":0},"west":{"uv":[8,6,9,10],"rotation":270,"texture":"#2","tintindex":0},"up":{"uv":[8,6,9,10],"texture":"#2","tintindex":0},"down":{"uv":[8,6,9,10],"rotation":180,"texture":"#2","tintindex":0}}},{"name":"bone_9","from":[-0.1521,17.25564,0.1],"to":[0.8479,18.25564,1.1],"rotation":{"angle":45,"axis":"x","origin":[15.84613,21.50177,0.81877]},"faces":{"north":{"uv":[12,6,11,7],"rotation":90,"texture":"#2","tintindex":0},"east":{"uv":[11,7,12,6],"rotation":270,"texture":"#2","tintindex":0},"south":{"uv":[11,6,12,7],"rotation":270,"texture":"#2","tintindex":0},"west":{"uv":[11,6,12,7],"rotation":270,"texture":"#2","tintindex":0},"up":{"uv":[11,6,12,7],"texture":"#2","tintindex":0},"down":{"uv":[11,6,12,7],"rotation":180,"texture":"#2","tintindex":0}}},{"name":"bone_10","from":[-0.1521,13.25564,1.1],"to":[0.8479,14.25564,5.1],"rotation":{"angle":45,"axis":"x","origin":[15.84613,21.50177,0.81877]},"faces":{"north":{"uv":[8,7,7,8],"rotation":90,"texture":"#2","tintindex":0},"east":{"uv":[7,11,8,7],"rotation":270,"texture":"#2","tintindex":0},"south":{"uv":[7,10,8,11],"rotation":270,"texture":"#2","tintindex":0},"west":{"uv":[7,7,8,11],"rotation":270,"texture":"#2","tintindex":0},"up":{"uv":[7,7,8,11],"texture":"#2","tintindex":0},"down":{"uv":[7,7,8,11],"rotation":180,"texture":"#2","tintindex":0}}},{"name":"bone_11","from":[-0.1521,12.25564,2.1],"to":[0.8479,13.25564,8.1],"rotation":{"angle":45,"axis":"x","origin":[15.84613,21.50177,0.81877]},"faces":{"north":{"uv":[7,8,6,9],"rotation":90,"texture":"#2","tintindex":0},"east":{"uv":[6,14,7,8],"rotation":270,"texture":"#2","tintindex":0},"south":{"uv":[6,13,7,14],"rotation":270,"texture":"#2","tintindex":0},"west":{"uv":[6,8,7,14],"rotation":270,"texture":"#2","tintindex":0},"up":{"uv":[6,8,7,14],"texture":"#2","tintindex":0},"down":{"uv":[6,8,7,14],"rotation":180,"texture":"#2","tintindex":0}}},{"name":"bone_12","from":[-0.1521,10.25564,3.1],"to":[0.8479,12.25564,9.1],"rotation":{"angle":45,"axis":"x","origin":[15.84613,21.50177,0.81877]},"faces":{"north":{"uv":[6,9,4,10],"rotation":90,"texture":"#2","tintindex":0},"east":{"uv":[4,15,6,9],"rotation":270,"texture":"#2","tintindex":0},"south":{"uv":[4,14,6,15],"rotation":270,"texture":"#2","tintindex":0},"west":{"uv":[4,9,6,15],"rotation":270,"texture":"#2","tintindex":0},"up":{"uv":[5,9,6,15],"texture":"#2","tintindex":0},"down":{"uv":[4,9,5,15],"rotation":180,"texture":"#2","tintindex":0}}},{"name":"bone_13","from":[-0.1521,8.25564,4.1],"to":[0.8479,10.25564,8.1],"rotation":{"angle":45,"axis":"x","origin":[15.84613,21.50177,0.81877]},"faces":{"north":{"uv":[4,10,2,11],"rotation":90,"texture":"#2","tintindex":0},"east":{"uv":[2,14,4,10],"rotation":270,"texture":"#2","tintindex":0},"south":{"uv":[2,13,4,14],"rotation":270,"texture":"#2","tintindex":0},"west":{"uv":[2,10,4,14],"rotation":270,"texture":"#2","tintindex":0},"up":{"uv":[3,10,4,14],"texture":"#2","tintindex":0},"down":{"uv":[2,10,3,14],"rotation":180,"texture":"#2","tintindex":0}}},{"name":"bone_14","from":[-0.1521,7.25564,5.1],"to":[0.8479,8.25564,7.1],"rotation":{"angle":45,"axis":"x","origin":[15.84613,21.50177,0.81877]},"faces":{"north":{"uv":[2,11,1,12],"rotation":90,"texture":"#2","tintindex":0},"east":{"uv":[1,13,2,11],"rotation":270,"texture":"#2","tintindex":0},"south":{"uv":[1,12,2,13],"rotation":270,"texture":"#2","tintindex":0},"west":{"uv":[1,11,2,13],"rotation":270,"texture":"#2","tintindex":0},"up":{"uv":[1,11,2,13],"texture":"#2","tintindex":0},"down":{"uv":[1,11,2,13],"rotation":180,"texture":"#2","tintindex":0}}},{"name":"bone_4","from":[-0.0521,7.95564,-8.3],"to":[0.9479,10.95564,-3.3],"rotation":{"angle":-22.5,"axis":"x","origin":[15.84613,14.50177,-2.18123]},"faces":{"north":{"uv":[14,1,11,2],"rotation":90,"texture":"#2","tintindex":0},"east":{"uv":[11,6,14,1],"rotation":270,"texture":"#2","tintindex":0},"south":{"uv":[11,5,14,6],"rotation":270,"texture":"#2","tintindex":0},"west":{"uv":[11,1,14,6],"rotation":270,"texture":"#2","tintindex":0},"up":{"uv":[13,1,14,6],"texture":"#2","tintindex":0},"down":{"uv":[11,1,12,6],"rotation":180,"texture":"#2","tintindex":0}}},{"name":"bone_5","from":[-0.0521,6.95564,-7.3],"to":[0.9479,7.95564,-1.3],"rotation":{"angle":-22.5,"axis":"x","origin":[15.84613,14.50177,-2.18123]},"faces":{"north":{"uv":[11,2,10,3],"rotation":90,"texture":"#2","tintindex":0},"east":{"uv":[10,8,11,2],"rotation":270,"texture":"#2","tintindex":0},"south":{"uv":[10,7,11,8],"rotation":270,"texture":"#2","tintindex":0},"west":{"uv":[10,2,11,8],"rotation":270,"texture":"#2","tintindex":0},"up":{"uv":[10,2,11,8],"texture":"#2","tintindex":0},"down":{"uv":[10,2,11,8],"rotation":180,"texture":"#2","tintindex":0}}},{"name":"bone_6","from":[-0.0521,10.95564,-7.3],"to":[0.9479,11.95564,-3.3],"rotation":{"angle":-22.5,"axis":"x","origin":[15.84613,14.50177,-2.18123]},"faces":{"north":{"uv":[15,2,14,3],"rotation":90,"texture":"#2","tintindex":0},"east":{"uv":[14,6,15,2],"rotation":270,"texture":"#2","tintindex":0},"south":{"uv":[14,5,15,6],"rotation":270,"texture":"#2","tintindex":0},"west":{"uv":[14,2,15,6],"rotation":270,"texture":"#2","tintindex":0},"up":{"uv":[14,2,15,6],"texture":"#2","tintindex":0},"down":{"uv":[14,2,15,6],"rotation":180,"texture":"#2","tintindex":0}}},{"name":"bone_7","from":[-0.0521,11.95564,-6.3],"to":[0.9479,12.95564,-4.3],"rotation":{"angle":-22.5,"axis":"x","origin":[15.84613,14.50177,-2.18123]},"faces":{"north":{"uv":[16,3,15,4],"rotation":90,"texture":"#2","tintindex":0},"east":{"uv":[15,5,16,3],"rotation":270,"texture":"#2","tintindex":0},"south":{"uv":[15,4,16,5],"rotation":270,"texture":"#2","tintindex":0},"west":{"uv":[15,3,16,5],"rotation":270,"texture":"#2","tintindex":0},"up":{"uv":[15,3,16,5],"texture":"#2","tintindex":0},"down":{"uv":[15,3,16,5],"rotation":180,"texture":"#2","tintindex":0}}},{"name":"bone_8","from":[-0.0521,5.95564,-4.3],"to":[0.9479,6.95564,-0.3],"rotation":{"angle":-22.5,"axis":"x","origin":[15.84613,14.50177,-2.18123]},"faces":{"north":{"uv":[10,5,9,6],"rotation":90,"texture":"#2","tintindex":0},"east":{"uv":[9,9,10,5],"rotation":270,"texture":"#2","tintindex":0},"south":{"uv":[9,8,10,9],"rotation":270,"texture":"#2","tintindex":0},"west":{"uv":[9,5,10,9],"rotation":270,"texture":"#2","tintindex":0},"up":{"uv":[9,5,10,9],"texture":"#2","tintindex":0},"down":{"uv":[9,5,10,9],"rotation":180,"texture":"#2","tintindex":0}}},{"name":"bone_9","from":[-0.0521,4.95564,-3.3],"to":[0.9479,5.95564,0.7],"rotation":{"angle":-22.5,"axis":"x","origin":[15.84613,14.50177,-2.18123]},"faces":{"north":{"uv":[9,6,8,7],"rotation":90,"texture":"#2","tintindex":0},"east":{"uv":[8,10,9,6],"rotation":270,"texture":"#2","tintindex":0},"south":{"uv":[8,9,9,10],"rotation":270,"texture":"#2","tintindex":0},"west":{"uv":[8,6,9,10],"rotation":270,"texture":"#2","tintindex":0},"up":{"uv":[8,6,9,10],"texture":"#2","tintindex":0},"down":{"uv":[8,6,9,10],"rotation":180,"texture":"#2","tintindex":0}}},{"name":"bone_10","from":[-0.0521,7.95564,-3.3],"to":[0.9479,8.95564,-2.3],"rotation":{"angle":-22.5,"axis":"x","origin":[15.84613,14.50177,-2.18123]},"faces":{"north":{"uv":[12,6,11,7],"rotation":90,"texture":"#2","tintindex":0},"east":{"uv":[11,7,12,6],"rotation":270,"texture":"#2","tintindex":0},"south":{"uv":[11,6,12,7],"rotation":270,"texture":"#2","tintindex":0},"west":{"uv":[11,6,12,7],"rotation":270,"texture":"#2","tintindex":0},"up":{"uv":[11,6,12,7],"texture":"#2","tintindex":0},"down":{"uv":[11,6,12,7],"rotation":180,"texture":"#2","tintindex":0}}},{"name":"bone_11","from":[-0.0521,3.95564,-2.3],"to":[0.9479,4.95564,1.7],"rotation":{"angle":-22.5,"axis":"x","origin":[15.84613,14.50177,-2.18123]},"faces":{"north":{"uv":[8,7,7,8],"rotation":90,"texture":"#2","tintindex":0},"east":{"uv":[7,11,8,7],"rotation":270,"texture":"#2","tintindex":0},"south":{"uv":[7,10,8,11],"rotation":270,"texture":"#2","tintindex":0},"west":{"uv":[7,7,8,11],"rotation":270,"texture":"#2","tintindex":0},"up":{"uv":[7,7,8,11],"texture":"#2","tintindex":0},"down":{"uv":[7,7,8,11],"rotation":180,"texture":"#2","tintindex":0}}},{"name":"bone_12","from":[-0.0521,2.95564,-1.3],"to":[0.9479,3.95564,4.7],"rotation":{"angle":-22.5,"axis":"x","origin":[15.84613,14.50177,-2.18123]},"faces":{"north":{"uv":[7,8,6,9],"rotation":90,"texture":"#2","tintindex":0},"east":{"uv":[6,14,7,8],"rotation":270,"texture":"#2","tintindex":0},"south":{"uv":[6,13,7,14],"rotation":270,"texture":"#2","tintindex":0},"west":{"uv":[6,8,7,14],"rotation":270,"texture":"#2","tintindex":0},"up":{"uv":[6,8,7,14],"texture":"#2","tintindex":0},"down":{"uv":[6,8,7,14],"rotation":180,"texture":"#2","tintindex":0}}},{"name":"bone_13","from":[-0.0521,0.95564,-0.3],"to":[0.9479,2.95564,5.7],"rotation":{"angle":-22.5,"axis":"x","origin":[15.84613,14.50177,-2.18123]},"faces":{"north":{"uv":[6,9,4,10],"rotation":90,"texture":"#2","tintindex":0},"east":{"uv":[4,15,6,9],"rotation":270,"texture":"#2","tintindex":0},"south":{"uv":[4,14,6,15],"rotation":270,"texture":"#2","tintindex":0},"west":{"uv":[4,9,6,15],"rotation":270,"texture":"#2","tintindex":0},"up":{"uv":[5,9,6,15],"texture":"#2","tintindex":0},"down":{"uv":[4,9,5,15],"rotation":180,"texture":"#2","tintindex":0}}},{"name":"bone_14","from":[-0.0521,-1.04436,0.7],"to":[0.9479,0.95564,4.7],"rotation":{"angle":-22.5,"axis":"x","origin":[15.84613,14.50177,-2.18123]},"faces":{"north":{"uv":[4,10,2,11],"rotation":90,"texture":"#2","tintindex":0},"east":{"uv":[2,14,4,10],"rotation":270,"texture":"#2","tintindex":0},"south":{"uv":[2,13,4,14],"rotation":270,"texture":"#2","tintindex":0},"west":{"uv":[2,10,4,14],"rotation":270,"texture":"#2","tintindex":0},"up":{"uv":[3,10,4,14],"texture":"#2","tintindex":0},"down":{"uv":[2,10,3,14],"rotation":180,"texture":"#2","tintindex":0}}},{"name":"bone_15","from":[-0.0521,-2.04436,1.7],"to":[0.9479,-1.04436,3.7],"rotation":{"angle":-22.5,"axis":"x","origin":[15.84613,14.50177,-2.18123]},"faces":{"north":{"uv":[2,11,1,12],"rotation":90,"texture":"#2","tintindex":0},"east":{"uv":[1,13,2,11],"rotation":270,"texture":"#2","tintindex":0},"south":{"uv":[1,12,2,13],"rotation":270,"texture":"#2","tintindex":0},"west":{"uv":[1,11,2,13],"rotation":270,"texture":"#2","tintindex":0},"up":{"uv":[1,11,2,13],"texture":"#2","tintindex":0},"down":{"uv":[1,11,2,13],"rotation":180,"texture":"#2","tintindex":0}}},{"name":"bone_3","from":[15.1479,23.65564,-6],"to":[16.1479,26.65564,-1],"rotation":{"angle":0,"axis":"z","origin":[15.64613,21.50177,0.81877]},"faces":{"north":{"uv":[14,1,11,2],"rotation":90,"texture":"#2","tintindex":0},"east":{"uv":[11,6,14,1],"rotation":270,"texture":"#2","tintindex":0},"south":{"uv":[11,5,14,6],"rotation":270,"texture":"#2","tintindex":0},"west":{"uv":[11,1,14,6],"rotation":270,"texture":"#2","tintindex":0},"up":{"uv":[13,1,14,6],"texture":"#2","tintindex":0},"down":{"uv":[11,1,12,6],"rotation":180,"texture":"#2","tintindex":0}}},{"name":"bone_4","from":[15.1479,22.65564,-5],"to":[16.1479,23.65564,1],"rotation":{"angle":0,"axis":"z","origin":[15.64613,21.50177,0.81877]},"faces":{"north":{"uv":[11,2,10,3],"rotation":90,"texture":"#2","tintindex":0},"east":{"uv":[10,8,11,2],"rotation":270,"texture":"#2","tintindex":0},"south":{"uv":[10,7,11,8],"rotation":270,"texture":"#2","tintindex":0},"west":{"uv":[10,2,11,8],"rotation":270,"texture":"#2","tintindex":0},"up":{"uv":[10,2,11,8],"texture":"#2","tintindex":0},"down":{"uv":[10,2,11,8],"rotation":180,"texture":"#2","tintindex":0}}},{"name":"bone_5","from":[15.1479,26.65564,-5],"to":[16.1479,27.65564,-1],"rotation":{"angle":0,"axis":"z","origin":[15.64613,21.50177,0.81877]},"faces":{"north":{"uv":[15,2,14,3],"rotation":90,"texture":"#2","tintindex":0},"east":{"uv":[14,6,15,2],"rotation":270,"texture":"#2","tintindex":0},"south":{"uv":[14,5,15,6],"rotation":270,"texture":"#2","tintindex":0},"west":{"uv":[14,2,15,6],"rotation":270,"texture":"#2","tintindex":0},"up":{"uv":[14,2,15,6],"texture":"#2","tintindex":0},"down":{"uv":[14,2,15,6],"rotation":180,"texture":"#2","tintindex":0}}},{"name":"bone_6","from":[15.1479,27.65564,-4],"to":[16.1479,28.65564,-2],"rotation":{"angle":0,"axis":"z","origin":[15.64613,21.50177,0.81877]},"faces":{"north":{"uv":[16,3,15,4],"rotation":90,"texture":"#2","tintindex":0},"east":{"uv":[15,5,16,3],"rotation":270,"texture":"#2","tintindex":0},"south":{"uv":[15,4,16,5],"rotation":270,"texture":"#2","tintindex":0},"west":{"uv":[15,3,16,5],"rotation":270,"texture":"#2","tintindex":0},"up":{"uv":[15,3,16,5],"texture":"#2","tintindex":0},"down":{"uv":[15,3,16,5],"rotation":180,"texture":"#2","tintindex":0}}},{"name":"bone_7","from":[15.1479,21.65564,-2],"to":[16.1479,22.65564,2],"rotation":{"angle":0,"axis":"z","origin":[15.64613,21.50177,0.81877]},"faces":{"north":{"uv":[10,5,9,6],"rotation":90,"texture":"#2","tintindex":0},"east":{"uv":[9,9,10,5],"rotation":270,"texture":"#2","tintindex":0},"south":{"uv":[9,8,10,9],"rotation":270,"texture":"#2","tintindex":0},"west":{"uv":[9,5,10,9],"rotation":270,"texture":"#2","tintindex":0},"up":{"uv":[9,5,10,9],"texture":"#2","tintindex":0},"down":{"uv":[9,5,10,9],"rotation":180,"texture":"#2","tintindex":0}}},{"name":"bone_8","from":[15.1479,20.65564,-1],"to":[16.1479,21.65564,3],"rotation":{"angle":0,"axis":"z","origin":[15.64613,21.50177,0.81877]},"faces":{"north":{"uv":[9,6,8,7],"rotation":90,"texture":"#2","tintindex":0},"east":{"uv":[8,10,9,6],"rotation":270,"texture":"#2","tintindex":0},"south":{"uv":[8,9,9,10],"rotation":270,"texture":"#2","tintindex":0},"west":{"uv":[8,6,9,10],"rotation":270,"texture":"#2","tintindex":0},"up":{"uv":[8,6,9,10],"texture":"#2","tintindex":0},"down":{"uv":[8,6,9,10],"rotation":180,"texture":"#2","tintindex":0}}},{"name":"bone_9","from":[15.1479,23.65564,-1],"to":[16.1479,24.65564,0],"rotation":{"angle":0,"axis":"z","origin":[15.64613,21.50177,0.81877]},"faces":{"north":{"uv":[12,6,11,7],"rotation":90,"texture":"#2","tintindex":0},"east":{"uv":[11,7,12,6],"rotation":270,"texture":"#2","tintindex":0},"south":{"uv":[11,6,12,7],"rotation":270,"texture":"#2","tintindex":0},"west":{"uv":[11,6,12,7],"rotation":270,"texture":"#2","tintindex":0},"up":{"uv":[11,6,12,7],"texture":"#2","tintindex":0},"down":{"uv":[11,6,12,7],"rotation":180,"texture":"#2","tintindex":0}}},{"name":"bone_10","from":[15.1479,19.65564,0],"to":[16.1479,20.65564,4],"rotation":{"angle":0,"axis":"z","origin":[15.64613,21.50177,0.81877]},"faces":{"north":{"uv":[8,7,7,8],"rotation":90,"texture":"#2","tintindex":0},"east":{"uv":[7,11,8,7],"rotation":270,"texture":"#2","tintindex":0},"south":{"uv":[7,10,8,11],"rotation":270,"texture":"#2","tintindex":0},"west":{"uv":[7,7,8,11],"rotation":270,"texture":"#2","tintindex":0},"up":{"uv":[7,7,8,11],"texture":"#2","tintindex":0},"down":{"uv":[7,7,8,11],"rotation":180,"texture":"#2","tintindex":0}}},{"name":"bone_11","from":[15.1479,18.65564,1],"to":[16.1479,19.65564,7],"rotation":{"angle":0,"axis":"z","origin":[15.64613,21.50177,0.81877]},"faces":{"north":{"uv":[7,8,6,9],"rotation":90,"texture":"#2","tintindex":0},"east":{"uv":[6,14,7,8],"rotation":270,"texture":"#2","tintindex":0},"south":{"uv":[6,13,7,14],"rotation":270,"texture":"#2","tintindex":0},"west":{"uv":[6,8,7,14],"rotation":270,"texture":"#2","tintindex":0},"up":{"uv":[6,8,7,14],"texture":"#2","tintindex":0},"down":{"uv":[6,8,7,14],"rotation":180,"texture":"#2","tintindex":0}}},{"name":"bone_12","from":[15.1479,16.65564,2],"to":[16.1479,18.65564,8],"rotation":{"angle":0,"axis":"z","origin":[15.64613,21.50177,0.81877]},"faces":{"north":{"uv":[6,9,4,10],"rotation":90,"texture":"#2","tintindex":0},"east":{"uv":[4,15,6,9],"rotation":270,"texture":"#2","tintindex":0},"south":{"uv":[4,14,6,15],"rotation":270,"texture":"#2","tintindex":0},"west":{"uv":[4,9,6,15],"rotation":270,"texture":"#2","tintindex":0},"up":{"uv":[5,9,6,15],"texture":"#2","tintindex":0},"down":{"uv":[4,9,5,15],"rotation":180,"texture":"#2","tintindex":0}}},{"name":"bone_13","from":[15.1479,14.65564,3],"to":[16.1479,16.65564,7],"rotation":{"angle":0,"axis":"z","origin":[15.64613,21.50177,0.81877]},"faces":{"north":{"uv":[4,10,2,11],"rotation":90,"texture":"#2","tintindex":0},"east":{"uv":[2,14,4,10],"rotation":270,"texture":"#2","tintindex":0},"south":{"uv":[2,13,4,14],"rotation":270,"texture":"#2","tintindex":0},"west":{"uv":[2,10,4,14],"rotation":270,"texture":"#2","tintindex":0},"up":{"uv":[3,10,4,14],"texture":"#2","tintindex":0},"down":{"uv":[2,10,3,14],"rotation":180,"texture":"#2","tintindex":0}}},{"name":"bone_14","from":[15.1479,13.65564,4],"to":[16.1479,14.65564,6],"rotation":{"angle":0,"axis":"z","origin":[15.64613,21.50177,0.81877]},"faces":{"north":{"uv":[2,11,1,12],"rotation":90,"texture":"#2","tintindex":0},"east":{"uv":[1,13,2,11],"rotation":270,"texture":"#2","tintindex":0},"south":{"uv":[1,12,2,13],"rotation":270,"texture":"#2","tintindex":0},"west":{"uv":[1,11,2,13],"rotation":270,"texture":"#2","tintindex":0},"up":{"uv":[1,11,2,13],"texture":"#2","tintindex":0},"down":{"uv":[1,11,2,13],"rotation":180,"texture":"#2","tintindex":0}}},{"name":"bone_4","from":[14.9479,17.25564,-4.9],"to":[15.9479,20.25564,0.1],"rotation":{"angle":45,"axis":"x","origin":[30.94613,21.50177,0.81877]},"faces":{"north":{"uv":[14,1,11,2],"rotation":90,"texture":"#2","tintindex":0},"east":{"uv":[11,6,14,1],"rotation":270,"texture":"#2","tintindex":0},"south":{"uv":[11,5,14,6],"rotation":270,"texture":"#2","tintindex":0},"west":{"uv":[11,1,14,6],"rotation":270,"texture":"#2","tintindex":0},"up":{"uv":[13,1,14,6],"texture":"#2","tintindex":0},"down":{"uv":[11,1,12,6],"rotation":180,"texture":"#2","tintindex":0}}},{"name":"bone_5","from":[14.9479,16.25564,-3.9],"to":[15.9479,17.25564,2.1],"rotation":{"angle":45,"axis":"x","origin":[30.94613,21.50177,0.81877]},"faces":{"north":{"uv":[11,2,10,3],"rotation":90,"texture":"#2","tintindex":0},"east":{"uv":[10,8,11,2],"rotation":270,"texture":"#2","tintindex":0},"south":{"uv":[10,7,11,8],"rotation":270,"texture":"#2","tintindex":0},"west":{"uv":[10,2,11,8],"rotation":270,"texture":"#2","tintindex":0},"up":{"uv":[10,2,11,8],"texture":"#2","tintindex":0},"down":{"uv":[10,2,11,8],"rotation":180,"texture":"#2","tintindex":0}}},{"name":"bone_6","from":[14.9479,20.25564,-3.9],"to":[15.9479,21.25564,0.1],"rotation":{"angle":45,"axis":"x","origin":[30.94613,21.50177,0.81877]},"faces":{"north":{"uv":[15,2,14,3],"rotation":90,"texture":"#2","tintindex":0},"east":{"uv":[14,6,15,2],"rotation":270,"texture":"#2","tintindex":0},"south":{"uv":[14,5,15,6],"rotation":270,"texture":"#2","tintindex":0},"west":{"uv":[14,2,15,6],"rotation":270,"texture":"#2","tintindex":0},"up":{"uv":[14,2,15,6],"texture":"#2","tintindex":0},"down":{"uv":[14,2,15,6],"rotation":180,"texture":"#2","tintindex":0}}},{"name":"bone_7","from":[14.9479,21.25564,-2.9],"to":[15.9479,22.25564,-0.9],"rotation":{"angle":45,"axis":"x","origin":[30.94613,21.50177,0.81877]},"faces":{"north":{"uv":[16,3,15,4],"rotation":90,"texture":"#2","tintindex":0},"east":{"uv":[15,5,16,3],"rotation":270,"texture":"#2","tintindex":0},"south":{"uv":[15,4,16,5],"rotation":270,"texture":"#2","tintindex":0},"west":{"uv":[15,3,16,5],"rotation":270,"texture":"#2","tintindex":0},"up":{"uv":[15,3,16,5],"texture":"#2","tintindex":0},"down":{"uv":[15,3,16,5],"rotation":180,"texture":"#2","tintindex":0}}},{"name":"bone_8","from":[14.9479,15.25564,-0.9],"to":[15.9479,16.25564,3.1],"rotation":{"angle":45,"axis":"x","origin":[30.94613,21.50177,0.81877]},"faces":{"north":{"uv":[10,5,9,6],"rotation":90,"texture":"#2","tintindex":0},"east":{"uv":[9,9,10,5],"rotation":270,"texture":"#2","tintindex":0},"south":{"uv":[9,8,10,9],"rotation":270,"texture":"#2","tintindex":0},"west":{"uv":[9,5,10,9],"rotation":270,"texture":"#2","tintindex":0},"up":{"uv":[9,5,10,9],"texture":"#2","tintindex":0},"down":{"uv":[9,5,10,9],"rotation":180,"texture":"#2","tintindex":0}}},{"name":"bone_9","from":[14.9479,14.25564,0.1],"to":[15.9479,15.25564,4.1],"rotation":{"angle":45,"axis":"x","origin":[30.94613,21.50177,0.81877]},"faces":{"north":{"uv":[9,6,8,7],"rotation":90,"texture":"#2","tintindex":0},"east":{"uv":[8,10,9,6],"rotation":270,"texture":"#2","tintindex":0},"south":{"uv":[8,9,9,10],"rotation":270,"texture":"#2","tintindex":0},"west":{"uv":[8,6,9,10],"rotation":270,"texture":"#2","tintindex":0},"up":{"uv":[8,6,9,10],"texture":"#2","tintindex":0},"down":{"uv":[8,6,9,10],"rotation":180,"texture":"#2","tintindex":0}}},{"name":"bone_10","from":[14.9479,17.25564,0.1],"to":[15.9479,18.25564,1.1],"rotation":{"angle":45,"axis":"x","origin":[30.94613,21.50177,0.81877]},"faces":{"north":{"uv":[12,6,11,7],"rotation":90,"texture":"#2","tintindex":0},"east":{"uv":[11,7,12,6],"rotation":270,"texture":"#2","tintindex":0},"south":{"uv":[11,6,12,7],"rotation":270,"texture":"#2","tintindex":0},"west":{"uv":[11,6,12,7],"rotation":270,"texture":"#2","tintindex":0},"up":{"uv":[11,6,12,7],"texture":"#2","tintindex":0},"down":{"uv":[11,6,12,7],"rotation":180,"texture":"#2","tintindex":0}}},{"name":"bone_11","from":[14.9479,13.25564,1.1],"to":[15.9479,14.25564,5.1],"rotation":{"angle":45,"axis":"x","origin":[30.94613,21.50177,0.81877]},"faces":{"north":{"uv":[8,7,7,8],"rotation":90,"texture":"#2","tintindex":0},"east":{"uv":[7,11,8,7],"rotation":270,"texture":"#2","tintindex":0},"south":{"uv":[7,10,8,11],"rotation":270,"texture":"#2","tintindex":0},"west":{"uv":[7,7,8,11],"rotation":270,"texture":"#2","tintindex":0},"up":{"uv":[7,7,8,11],"texture":"#2","tintindex":0},"down":{"uv":[7,7,8,11],"rotation":180,"texture":"#2","tintindex":0}}},{"name":"bone_12","from":[14.9479,12.25564,2.1],"to":[15.9479,13.25564,8.1],"rotation":{"angle":45,"axis":"x","origin":[30.94613,21.50177,0.81877]},"faces":{"north":{"uv":[7,8,6,9],"rotation":90,"texture":"#2","tintindex":0},"east":{"uv":[6,14,7,8],"rotation":270,"texture":"#2","tintindex":0},"south":{"uv":[6,13,7,14],"rotation":270,"texture":"#2","tintindex":0},"west":{"uv":[6,8,7,14],"rotation":270,"texture":"#2","tintindex":0},"up":{"uv":[6,8,7,14],"texture":"#2","tintindex":0},"down":{"uv":[6,8,7,14],"rotation":180,"texture":"#2","tintindex":0}}},{"name":"bone_13","from":[14.9479,10.25564,3.1],"to":[15.9479,12.25564,9.1],"rotation":{"angle":45,"axis":"x","origin":[30.94613,21.50177,0.81877]},"faces":{"north":{"uv":[6,9,4,10],"rotation":90,"texture":"#2","tintindex":0},"east":{"uv":[4,15,6,9],"rotation":270,"texture":"#2","tintindex":0},"south":{"uv":[4,14,6,15],"rotation":270,"texture":"#2","tintindex":0},"west":{"uv":[4,9,6,15],"rotation":270,"texture":"#2","tintindex":0},"up":{"uv":[5,9,6,15],"texture":"#2","tintindex":0},"down":{"uv":[4,9,5,15],"rotation":180,"texture":"#2","tintindex":0}}},{"name":"bone_14","from":[14.9479,8.25564,4.1],"to":[15.9479,10.25564,8.1],"rotation":{"angle":45,"axis":"x","origin":[30.94613,21.50177,0.81877]},"faces":{"north":{"uv":[4,10,2,11],"rotation":90,"texture":"#2","tintindex":0},"east":{"uv":[2,14,4,10],"rotation":270,"texture":"#2","tintindex":0},"south":{"uv":[2,13,4,14],"rotation":270,"texture":"#2","tintindex":0},"west":{"uv":[2,10,4,14],"rotation":270,"texture":"#2","tintindex":0},"up":{"uv":[3,10,4,14],"texture":"#2","tintindex":0},"down":{"uv":[2,10,3,14],"rotation":180,"texture":"#2","tintindex":0}}},{"name":"bone_15","from":[14.9479,7.25564,5.1],"to":[15.9479,8.25564,7.1],"rotation":{"angle":45,"axis":"x","origin":[30.94613,21.50177,0.81877]},"faces":{"north":{"uv":[2,11,1,12],"rotation":90,"texture":"#2","tintindex":0},"east":{"uv":[1,13,2,11],"rotation":270,"texture":"#2","tintindex":0},"south":{"uv":[1,12,2,13],"rotation":270,"texture":"#2","tintindex":0},"west":{"uv":[1,11,2,13],"rotation":270,"texture":"#2","tintindex":0},"up":{"uv":[1,11,2,13],"texture":"#2","tintindex":0},"down":{"uv":[1,11,2,13],"rotation":180,"texture":"#2","tintindex":0}}},{"name":"bone_5","from":[15.0479,7.95564,-8.3],"to":[16.0479,10.95564,-3.3],"rotation":{"angle":-22.5,"axis":"x","origin":[30.94613,14.50177,-2.18123]},"faces":{"north":{"uv":[14,1,11,2],"rotation":90,"texture":"#2","tintindex":0},"east":{"uv":[11,6,14,1],"rotation":270,"texture":"#2","tintindex":0},"south":{"uv":[11,5,14,6],"rotation":270,"texture":"#2","tintindex":0},"west":{"uv":[11,1,14,6],"rotation":270,"texture":"#2","tintindex":0},"up":{"uv":[13,1,14,6],"texture":"#2","tintindex":0},"down":{"uv":[11,1,12,6],"rotation":180,"texture":"#2","tintindex":0}}},{"name":"bone_6","from":[15.0479,6.95564,-7.3],"to":[16.0479,7.95564,-1.3],"rotation":{"angle":-22.5,"axis":"x","origin":[30.94613,14.50177,-2.18123]},"faces":{"north":{"uv":[11,2,10,3],"rotation":90,"texture":"#2","tintindex":0},"east":{"uv":[10,8,11,2],"rotation":270,"texture":"#2","tintindex":0},"south":{"uv":[10,7,11,8],"rotation":270,"texture":"#2","tintindex":0},"west":{"uv":[10,2,11,8],"rotation":270,"texture":"#2","tintindex":0},"up":{"uv":[10,2,11,8],"texture":"#2","tintindex":0},"down":{"uv":[10,2,11,8],"rotation":180,"texture":"#2","tintindex":0}}},{"name":"bone_7","from":[15.0479,10.95564,-7.3],"to":[16.0479,11.95564,-3.3],"rotation":{"angle":-22.5,"axis":"x","origin":[30.94613,14.50177,-2.18123]},"faces":{"north":{"uv":[15,2,14,3],"rotation":90,"texture":"#2","tintindex":0},"east":{"uv":[14,6,15,2],"rotation":270,"texture":"#2","tintindex":0},"south":{"uv":[14,5,15,6],"rotation":270,"texture":"#2","tintindex":0},"west":{"uv":[14,2,15,6],"rotation":270,"texture":"#2","tintindex":0},"up":{"uv":[14,2,15,6],"texture":"#2","tintindex":0},"down":{"uv":[14,2,15,6],"rotation":180,"texture":"#2","tintindex":0}}},{"name":"bone_8","from":[15.0479,11.95564,-6.3],"to":[16.0479,12.95564,-4.3],"rotation":{"angle":-22.5,"axis":"x","origin":[30.94613,14.50177,-2.18123]},"faces":{"north":{"uv":[16,3,15,4],"rotation":90,"texture":"#2","tintindex":0},"east":{"uv":[15,5,16,3],"rotation":270,"texture":"#2","tintindex":0},"south":{"uv":[15,4,16,5],"rotation":270,"texture":"#2","tintindex":0},"west":{"uv":[15,3,16,5],"rotation":270,"texture":"#2","tintindex":0},"up":{"uv":[15,3,16,5],"texture":"#2","tintindex":0},"down":{"uv":[15,3,16,5],"rotation":180,"texture":"#2","tintindex":0}}},{"name":"bone_9","from":[15.0479,5.95564,-4.3],"to":[16.0479,6.95564,-0.3],"rotation":{"angle":-22.5,"axis":"x","origin":[30.94613,14.50177,-2.18123]},"faces":{"north":{"uv":[10,5,9,6],"rotation":90,"texture":"#2","tintindex":0},"east":{"uv":[9,9,10,5],"rotation":270,"texture":"#2","tintindex":0},"south":{"uv":[9,8,10,9],"rotation":270,"texture":"#2","tintindex":0},"west":{"uv":[9,5,10,9],"rotation":270,"texture":"#2","tintindex":0},"up":{"uv":[9,5,10,9],"texture":"#2","tintindex":0},"down":{"uv":[9,5,10,9],"rotation":180,"texture":"#2","tintindex":0}}},{"name":"bone_10","from":[15.0479,4.95564,-3.3],"to":[16.0479,5.95564,0.7],"rotation":{"angle":-22.5,"axis":"x","origin":[30.94613,14.50177,-2.18123]},"faces":{"north":{"uv":[9,6,8,7],"rotation":90,"texture":"#2","tintindex":0},"east":{"uv":[8,10,9,6],"rotation":270,"texture":"#2","tintindex":0},"south":{"uv":[8,9,9,10],"rotation":270,"texture":"#2","tintindex":0},"west":{"uv":[8,6,9,10],"rotation":270,"texture":"#2","tintindex":0},"up":{"uv":[8,6,9,10],"texture":"#2","tintindex":0},"down":{"uv":[8,6,9,10],"rotation":180,"texture":"#2","tintindex":0}}},{"name":"bone_11","from":[15.0479,7.95564,-3.3],"to":[16.0479,8.95564,-2.3],"rotation":{"angle":-22.5,"axis":"x","origin":[30.94613,14.50177,-2.18123]},"faces":{"north":{"uv":[12,6,11,7],"rotation":90,"texture":"#2","tintindex":0},"east":{"uv":[11,7,12,6],"rotation":270,"texture":"#2","tintindex":0},"south":{"uv":[11,6,12,7],"rotation":270,"texture":"#2","tintindex":0},"west":{"uv":[11,6,12,7],"rotation":270,"texture":"#2","tintindex":0},"up":{"uv":[11,6,12,7],"texture":"#2","tintindex":0},"down":{"uv":[11,6,12,7],"rotation":180,"texture":"#2","tintindex":0}}},{"name":"bone_12","from":[15.0479,3.95564,-2.3],"to":[16.0479,4.95564,1.7],"rotation":{"angle":-22.5,"axis":"x","origin":[30.94613,14.50177,-2.18123]},"faces":{"north":{"uv":[8,7,7,8],"rotation":90,"texture":"#2","tintindex":0},"east":{"uv":[7,11,8,7],"rotation":270,"texture":"#2","tintindex":0},"south":{"uv":[7,10,8,11],"rotation":270,"texture":"#2","tintindex":0},"west":{"uv":[7,7,8,11],"rotation":270,"texture":"#2","tintindex":0},"up":{"uv":[7,7,8,11],"texture":"#2","tintindex":0},"down":{"uv":[7,7,8,11],"rotation":180,"texture":"#2","tintindex":0}}},{"name":"bone_13","from":[15.0479,2.95564,-1.3],"to":[16.0479,3.95564,4.7],"rotation":{"angle":-22.5,"axis":"x","origin":[30.94613,14.50177,-2.18123]},"faces":{"north":{"uv":[7,8,6,9],"rotation":90,"texture":"#2","tintindex":0},"east":{"uv":[6,14,7,8],"rotation":270,"texture":"#2","tintindex":0},"south":{"uv":[6,13,7,14],"rotation":270,"texture":"#2","tintindex":0},"west":{"uv":[6,8,7,14],"rotation":270,"texture":"#2","tintindex":0},"up":{"uv":[6,8,7,14],"texture":"#2","tintindex":0},"down":{"uv":[6,8,7,14],"rotation":180,"texture":"#2","tintindex":0}}},{"name":"bone_14","from":[15.0479,0.95564,-0.3],"to":[16.0479,2.95564,5.7],"rotation":{"angle":-22.5,"axis":"x","origin":[30.94613,14.50177,-2.18123]},"faces":{"north":{"uv":[6,9,4,10],"rotation":90,"texture":"#2","tintindex":0},"east":{"uv":[4,15,6,9],"rotation":270,"texture":"#2","tintindex":0},"south":{"uv":[4,14,6,15],"rotation":270,"texture":"#2","tintindex":0},"west":{"uv":[4,9,6,15],"rotation":270,"texture":"#2","tintindex":0},"up":{"uv":[5,9,6,15],"texture":"#2","tintindex":0},"down":{"uv":[4,9,5,15],"rotation":180,"texture":"#2","tintindex":0}}},{"name":"bone_15","from":[15.0479,-1.04436,0.7],"to":[16.0479,0.95564,4.7],"rotation":{"angle":-22.5,"axis":"x","origin":[30.94613,14.50177,-2.18123]},"faces":{"north":{"uv":[4,10,2,11],"rotation":90,"texture":"#2","tintindex":0},"east":{"uv":[2,14,4,10],"rotation":270,"texture":"#2","tintindex":0},"south":{"uv":[2,13,4,14],"rotation":270,"texture":"#2","tintindex":0},"west":{"uv":[2,10,4,14],"rotation":270,"texture":"#2","tintindex":0},"up":{"uv":[3,10,4,14],"texture":"#2","tintindex":0},"down":{"uv":[2,10,3,14],"rotation":180,"texture":"#2","tintindex":0}}},{"name":"bone_16","from":[15.0479,-2.04436,1.7],"to":[16.0479,-1.04436,3.7],"rotation":{"angle":-22.5,"axis":"x","origin":[30.94613,14.50177,-2.18123]},"faces":{"north":{"uv":[2,11,1,12],"rotation":90,"texture":"#2","tintindex":0},"east":{"uv":[1,13,2,11],"rotation":270,"texture":"#2","tintindex":0},"south":{"uv":[1,12,2,13],"rotation":270,"texture":"#2","tintindex":0},"west":{"uv":[1,11,2,13],"rotation":270,"texture":"#2","tintindex":0},"up":{"uv":[1,11,2,13],"texture":"#2","tintindex":0},"down":{"uv":[1,11,2,13],"rotation":180,"texture":"#2","tintindex":0}}}],"display":{"thirdperson_righthand":{"rotation":[67.5,0,0],"translation":[-5.75,-10,5.25],"scale":[0.51,0.51,0.51]},"thirdperson_lefthand":{"rotation":[70,0,0],"translation":[-6,-10,5],"scale":[0.51,0.51,0.51]},"firstperson_righthand":{"scale":[0,0,0]},"firstperson_lefthand":{"scale":[0,0,0]},"ground":{"rotation":[-90,90,90],"translation":[0,2,0],"scale":[0.2,0.2,0.2]},"gui":{"rotation":[25,-45,0],"translation":[-2,-3.75,0],"scale":[0.47,0.47,0.47]},"head":{"translation":[0,-17.25,8.25],"scale":[0.75,0.75,0.75]},"fixed":{"rotation":[0,180,0],"translation":[0,-3,-6],"scale":[0.5,0.5,0.5]}},"groups":[{"name":"skull","origin":[8,8,8],"children":[0,1,2]},{"name":"group","origin":[8,8,8],"children":[{"name":"bone","origin":[8,8,8],"children":[3,4,5,6,7,8,9,10,11,12,13,14]},{"name":"bone","origin":[8,8,8],"children":[15,16,17,18,19,20,21,22,23,24,25,26]},{"name":"bone","origin":[8,8,8],"children":[27,28,29,30,31,32,33,34,35,36,37,38]}]},{"name":"group","origin":[8,8,8],"children":[{"name":"bone","origin":[8,8,8],"children":[39,40,41,42,43,44,45,46,47,48,49,50]},{"name":"bone","origin":[8,8,8],"children":[51,52,53,54,55,56,57,58,59,60,61,62]},{"name":"bone","origin":[8,8,8],"children":[63,64,65,66,67,68,69,70,71,72,73,74]}]}]}