{"__comment":"ModelgeneratedusingMrCrayfish'sModelCreator(https://mrcrayfish.com/tools?id=mc)","textures":{"plastic":"itemsadder:item/carton_box/plastic","box":"itemsadder:item/carton_box/box"},"display":{"gui":{"rotation":[23,130,0],"translation":[0,1.25,0],"scale":[0.58,0.58,0.58]},"ground":{"rotation":[0,0,0],"translation":[0,2.5,0],"scale":[0.3,0.3,0.3]},"fixed":{"rotation":[0,0,0],"translation":[0,0,-4],"scale":[0.5,0.5,0.5]},"head":{"rotation":[0,0,0],"translation":[0,-30.5,0],"scale":[1.6,1.6,1.6]},"firstperson_righthand":{"rotation":[0,-6,0],"translation":[-0.5,3.5,2.75],"scale":[0.2,0.2,0.2]},"thirdperson_righthand":{"rotation":[69.5,0,0],"translation":[0,2.5,0],"scale":[0.3,0.3,0.3]}},"elements":[{"name":"Element","from":[-4.1,13.1,7.8],"to":[20.1,13.2,8.6],"rotation":{"origin":[7.999,11.049,10.355],"axis":"x","angle":22.5},"faces":{"north":{"texture":"#plastic","uv":[0,0,16,16]},"east":{"texture":"#plastic","uv":[0,0,16,16]},"south":{"texture":"#plastic","uv":[0,0,16,16]},"west":{"texture":"#plastic","uv":[0,0,16,16]},"up":{"texture":"#plastic","uv":[0,0,16,16]},"down":{"texture":"#plastic","uv":[0,0,16,16]}}},{"name":"Element","from":[-4,13.131,7.849],"to":[20,13.181,15.549],"rotation":{"origin":[7.999,11.049,10.355],"axis":"x","angle":22.5},"faces":{"north":{"texture":"#box","uv":[0,0,16,16]},"east":{"texture":"#box","uv":[0,0,16,16]},"south":{"texture":"#box","uv":[0,0,16,16]},"west":{"texture":"#box","uv":[0,0,16,16]},"up":{"texture":"#box","uv":[0,0,16,16]},"down":{"texture":"#box","uv":[0,0,16,16]}}},{"name":"Element","from":[-4,0,15],"to":[20,11,16],"faces":{"north":{"texture":"#box","uv":[0,0,16,16]},"east":{"texture":"#box","uv":[0,0,3,16]},"south":{"texture":"#box","uv":[0,0,16,16]},"west":{"texture":"#box","uv":[0,0,3,16]},"up":{"texture":"#box","uv":[0,0,16,16]},"down":{"texture":"#box","uv":[0,0,16,2]}}},{"name":"Element","from":[-4,0,0],"to":[20,11,1],"faces":{"north":{"texture":"#box","uv":[0,0,16,16]},"east":{"texture":"#box","uv":[0,0,3,16]},"south":{"texture":"#box","uv":[0,0,16,16]},"west":{"texture":"#box","uv":[0,0,3,16]},"up":{"texture":"#box","uv":[0,0,16,16]},"down":{"texture":"#box","uv":[0,0,16,2]}}},{"name":"Element","from":[20,0,7.3],"to":[20.1,11,9],"faces":{"north":{"texture":"#plastic","uv":[0,0,16,16]},"east":{"texture":"#plastic","uv":[0,0,16,16]},"south":{"texture":"#plastic","uv":[0,0,16,16]},"up":{"texture":"#plastic","uv":[0,0,16,16]}}},{"name":"Element","from":[-3,0,1],"to":[19,1,15],"faces":{"up":{"texture":"#box","uv":[0,0,16,16]},"down":{"texture":"#box","uv":[0,0,16,16]}}},{"name":"Element","from":[-4,0,1],"to":[-3,11,15],"faces":{"east":{"texture":"#box","uv":[0,0,16,16]},"west":{"texture":"#box","uv":[0,0,16,16]},"up":{"texture":"#box","uv":[0,0,3,16]},"down":{"texture":"#box","uv":[0,0,3,16]}}},{"name":"Element","from":[-4,11.003,0.004],"to":[20,11.053,8.104],"faces":{"north":{"texture":"#box","uv":[0,0,16,16]},"east":{"texture":"#box","uv":[0,0,16,16]},"south":{"texture":"#box","uv":[0,0,16,16]},"west":{"texture":"#box","uv":[0,0,16,16]},"up":{"texture":"#box","uv":[0,0,16,16]},"down":{"texture":"#box","uv":[0,0,16,16]}}},{"name":"Element","from":[19,0,1],"to":[20,11,15],"faces":{"east":{"texture":"#box","uv":[0,0,16,16]},"west":{"texture":"#box","uv":[0,0,16,16]},"up":{"texture":"#box","uv":[0,0,3,16]},"down":{"texture":"#box","uv":[0,0,3,16]}}},{"name":"Element","from":[-4.1,-0.1,7.3],"to":[20.1,0,9],"faces":{"north":{"texture":"#plastic","uv":[0,0,16,16]},"east":{"texture":"#plastic","uv":[0,0,16,16]},"south":{"texture":"#plastic","uv":[0,0,16,16]},"west":{"texture":"#plastic","uv":[0,0,16,16]},"up":{"texture":"#plastic","uv":[0,0,16,16]},"down":{"texture":"#plastic","uv":[0,0,16,16]}}},{"name":"Element","from":[-4.1,0,7.3],"to":[-4,11,9],"faces":{"north":{"texture":"#plastic","uv":[0,0,16,16]},"south":{"texture":"#plastic","uv":[0,0,16,16]},"west":{"texture":"#plastic","uv":[0,0,16,16]},"up":{"texture":"#plastic","uv":[0,0,16,16]}}},{"name":"Element","from":[-4.1,11,7.3],"to":[20.1,11.1,8.1],"faces":{"north":{"texture":"#plastic","uv":[0,0,16,16]},"east":{"texture":"#plastic","uv":[0,0,16,16]},"south":{"texture":"#plastic","uv":[0,0,16,16]},"west":{"texture":"#plastic","uv":[0,0,16,16]},"up":{"texture":"#plastic","uv":[0,0,16,16]},"down":{"texture":"#plastic","uv":[0,0,16,16]}}}]}