{"__comment":"ModelgeneratedusingMrCrayfish'sModelCreator(https://mrcrayfish.com/tools?id=mc)","textures":{"barrel_side":"itemsadder:item/quilmes/barrel_side","barrel_bottom":"itemsadder:item/quilmes/barrel_bottom","barrel_top":"itemsadder:item/quilmes/barrel_top"},"display":{"gui":{"rotation":[30,45,0],"translation":[0,0,0],"scale":[0.625,0.625,0.625]},"ground":{"rotation":[0,0,0],"translation":[0,3,0],"scale":[0.25,0.25,0.25]},"fixed":{"rotation":[0,180,0],"translation":[0,0,0],"scale":[1,1,1]},"head":{"rotation":[0,180,0],"translation":[0,0,0],"scale":[1,1,1]},"firstperson_righthand":{"rotation":[0,315,0],"translation":[0,2.5,0],"scale":[0.4,0.4,0.4]},"thirdperson_righthand":{"rotation":[75,315,0],"translation":[0,2.5,0],"scale":[0.375,0.375,0.375]}},"elements":[{"name":"Cube","from":[0,0,0],"to":[16,16,16],"faces":{"north":{"texture":"#barrel_side","uv":[0,0,16,16]},"east":{"texture":"#barrel_side","uv":[0,0,16,16]},"south":{"texture":"#barrel_side","uv":[0,0,16,16]},"west":{"texture":"#barrel_side","uv":[0,0,16,16]},"up":{"texture":"#barrel_top","uv":[0,0,16,16]},"down":{"texture":"#barrel_bottom","uv":[0,0,16,16]}}}]}