{"__comment":"ModelgeneratedusingMrCrayfish'sModelCreator(https://mrcrayfish.com/tools?id=mc)","textures":{"lime_wool":"itemsadder:item/panuelof/lime_wool"},"display":{"gui":{"rotation":[30,47,0],"translation":[3,-2.5,0],"scale":[0.5,0.5,0.6]},"ground":{"rotation":[0,0,0],"translation":[0,3,0],"scale":[0.3,0.3,0.3]},"head":{"rotation":[0,180,0],"translation":[0,-4,-7.7],"scale":[1,1,1]},"fixed":{"rotation":[0,0,0],"translation":[0,0,0],"scale":[0.5,0.5,0.5]},"firstperson_righthand":{"rotation":[0,0,0],"translation":[-1,4,0],"scale":[0.5,0.5,0.3]},"thirdperson_righthand":{"rotation":[37,235,32],"translation":[-2,0,0],"scale":[0.4,0.4,0.3]}},"elements":[{"name":"Cube","from":[7,0,8],"to":[9,4,9],"faces":{"north":{"texture":"#lime_wool","uv":[0,0,2,4]},"east":{"texture":"#lime_wool","uv":[0,0,1,4]},"south":{"texture":"#lime_wool","uv":[0,0,2,4]},"west":{"texture":"#lime_wool","uv":[0,0,1,4]},"up":{"texture":"#lime_wool","uv":[0,0,2,1]},"down":{"texture":"#lime_wool","uv":[0,0,2,1]}}},{"name":"Cube","from":[9,2,8],"to":[11,5,9],"faces":{"north":{"texture":"#lime_wool","uv":[0,0,2,3]},"east":{"texture":"#lime_wool","uv":[0,0,1,3]},"south":{"texture":"#lime_wool","uv":[0,0,2,3]},"west":{"texture":"#lime_wool","uv":[0,0,1,3]},"up":{"texture":"#lime_wool","uv":[0,0,2,1]},"down":{"texture":"#lime_wool","uv":[0,0,2,1]}}},{"name":"Cube","from":[5,2,8],"to":[7,6,9],"faces":{"north":{"texture":"#lime_wool","uv":[0,0,2,4]},"east":{"texture":"#lime_wool","uv":[0,0,1,4]},"south":{"texture":"#lime_wool","uv":[0,0,2,4]},"west":{"texture":"#lime_wool","uv":[0,0,1,4]},"up":{"texture":"#lime_wool","uv":[0,0,2,1]},"down":{"texture":"#lime_wool","uv":[0,0,2,1]}}},{"name":"Cube","from":[3,5,8],"to":[5,10,9],"faces":{"north":{"texture":"#lime_wool","uv":[0,0,2,5]},"east":{"texture":"#lime_wool","uv":[0,0,1,5]},"south":{"texture":"#lime_wool","uv":[0,0,2,5]},"west":{"texture":"#lime_wool","uv":[0,0,1,5]},"up":{"texture":"#lime_wool","uv":[0,0,2,1]},"down":{"texture":"#lime_wool","uv":[0,0,2,1]}}},{"name":"Cube","from":[11,4,8],"to":[13,10,9],"faces":{"north":{"texture":"#lime_wool","uv":[0,0,2,6]},"east":{"texture":"#lime_wool","uv":[0,0,1,6]},"south":{"texture":"#lime_wool","uv":[0,0,2,6]},"west":{"texture":"#lime_wool","uv":[0,0,1,6]},"up":{"texture":"#lime_wool","uv":[0,0,2,1]},"down":{"texture":"#lime_wool","uv":[0,0,2,1]}}},{"name":"Cube","from":[7,4,9],"to":[9,12,10],"faces":{"north":{"texture":"#lime_wool","uv":[0,0,2,8]},"east":{"texture":"#lime_wool","uv":[0,0,1,8]},"south":{"texture":"#lime_wool","uv":[0,0,2,8]},"west":{"texture":"#lime_wool","uv":[0,0,1,8]},"up":{"texture":"#lime_wool","uv":[0,0,2,1]},"down":{"texture":"#lime_wool","uv":[0,0,2,1]}}},{"name":"Cube","from":[5,6,9],"to":[7,11,10],"faces":{"north":{"texture":"#lime_wool","uv":[0,0,2,5]},"south":{"texture":"#lime_wool","uv":[0,0,2,5]},"west":{"texture":"#lime_wool","uv":[0,0,1,5]},"up":{"texture":"#lime_wool","uv":[0,0,2,1]},"down":{"texture":"#lime_wool","uv":[0,0,2,1]}}},{"name":"Cube","from":[9,5,9],"to":[11,11,10],"faces":{"north":{"texture":"#lime_wool","uv":[0,0,2,6]},"east":{"texture":"#lime_wool","uv":[0,0,1,6]},"south":{"texture":"#lime_wool","uv":[0,0,2,6]},"up":{"texture":"#lime_wool","uv":[0,0,2,1]},"down":{"texture":"#lime_wool","uv":[0,0,2,1]}}},{"name":"Cube","from":[2,5,7],"to":[3,10,8],"faces":{"north":{"texture":"#lime_wool","uv":[0,0,1,5]},"east":{"texture":"#lime_wool","uv":[0,0,1,5]},"south":{"texture":"#lime_wool","uv":[0,0,1,5]},"west":{"texture":"#lime_wool","uv":[0,0,1,5]},"up":{"texture":"#lime_wool","uv":[0,0,1,1]},"down":{"texture":"#lime_wool","uv":[0,0,1,1]}}},{"name":"Cube","from":[13,5,7],"to":[14,10,8],"faces":{"north":{"texture":"#lime_wool","uv":[0,0,1,5]},"east":{"texture":"#lime_wool","uv":[0,0,1,5]},"south":{"texture":"#lime_wool","uv":[0,0,1,5]},"west":{"texture":"#lime_wool","uv":[0,0,1,5]},"up":{"texture":"#lime_wool","uv":[0,0,1,1]},"down":{"texture":"#lime_wool","uv":[0,0,1,1]}}},{"name":"Cube","from":[14,5,6],"to":[15,19,7],"faces":{"north":{"texture":"#lime_wool","uv":[0,0,1,14]},"east":{"texture":"#lime_wool","uv":[0,0,1,14]},"south":{"texture":"#lime_wool","uv":[0,0,1,14]},"west":{"texture":"#lime_wool","uv":[0,0,1,14]},"up":{"texture":"#lime_wool","uv":[0,0,1,1]},"down":{"texture":"#lime_wool","uv":[0,0,1,1]}}},{"name":"Cube","from":[1,5,6],"to":[2,19,7],"faces":{"north":{"texture":"#lime_wool","uv":[0,0,1,14]},"east":{"texture":"#lime_wool","uv":[0,0,1,14]},"south":{"texture":"#lime_wool","uv":[0,0,1,14]},"west":{"texture":"#lime_wool","uv":[0,0,1,14]},"up":{"texture":"#lime_wool","uv":[0,0,1,1]},"down":{"texture":"#lime_wool","uv":[0,0,1,1]}}},{"name":"Cube","from":[2,15,7],"to":[14,19,8],"faces":{"north":{"texture":"#lime_wool","uv":[0,0,12,4]},"east":{"texture":"#lime_wool","uv":[0,0,1,4]},"south":{"texture":"#lime_wool","uv":[0,0,12,4]},"west":{"texture":"#lime_wool","uv":[0,0,1,4]},"up":{"texture":"#lime_wool","uv":[0,0,12,1]},"down":{"texture":"#lime_wool","uv":[0,0,12,1]}}},{"name":"Cube","from":[0.5,5,-7],"to":[1.5,19,6],"faces":{"north":{"texture":"#lime_wool","uv":[0,0,1,14]},"east":{"texture":"#lime_wool","uv":[0,0,8,8]},"south":{"texture":"#lime_wool","uv":[0,0,1,14]},"west":{"texture":"#lime_wool","uv":[0,0,8,8]},"up":{"texture":"#lime_wool","uv":[0,0,1,13]},"down":{"texture":"#lime_wool","uv":[0,0,1,13]}}},{"name":"Cube","from":[14.5,5,-7],"to":[15.5,19,6],"faces":{"north":{"texture":"#lime_wool","uv":[0,0,1,14]},"east":{"texture":"#lime_wool","uv":[0,0,8,8]},"south":{"texture":"#lime_wool","uv":[0,0,1,14]},"west":{"texture":"#lime_wool","uv":[0,0,8,8]},"up":{"texture":"#lime_wool","uv":[0,0,1,13]},"down":{"texture":"#lime_wool","uv":[0,0,1,13]}}},{"name":"Cube","from":[1.5,5,-8],"to":[14.5,19,-7],"faces":{"north":{"texture":"#lime_wool","uv":[0,0,8,8]},"east":{"texture":"#lime_wool","uv":[0,0,1,14]},"south":{"texture":"#lime_wool","uv":[0,0,8,8]},"west":{"texture":"#lime_wool","uv":[0,0,1,14]},"up":{"texture":"#lime_wool","uv":[0,0,13,1]},"down":{"texture":"#lime_wool","uv":[0,0,13,1]}}},{"name":"Cube","from":[1.5,19,-7],"to":[14.5,20,6],"faces":{"north":{"texture":"#lime_wool","uv":[0,0,13,1]},"east":{"texture":"#lime_wool","uv":[0,0,13,1]},"south":{"texture":"#lime_wool","uv":[0,0,13,1]},"west":{"texture":"#lime_wool","uv":[0,0,13,1]},"up":{"texture":"#lime_wool","uv":[0,0,8,8]},"down":{"texture":"#lime_wool","uv":[0,0,8,8]}}},{"name":"Cube","from":[2,19,6],"to":[14,20,7],"faces":{"east":{"texture":"#lime_wool","uv":[0,0,1,1]},"south":{"texture":"#lime_wool","uv":[0,0,12,1]},"west":{"texture":"#lime_wool","uv":[0,0,1,1]},"up":{"texture":"#lime_wool","uv":[0,0,12,1]},"down":{"texture":"#lime_wool","uv":[0,0,12,1]}}},{"name":"Cube","from":[6.5,5,-9],"to":[10.5,8.5,-8],"faces":{"north":{"texture":"#lime_wool","uv":[0,0,4,3.5]},"east":{"texture":"#lime_wool","uv":[0,0,1,3.5]},"west":{"texture":"#lime_wool","uv":[0,0,1,3.5]},"up":{"texture":"#lime_wool","uv":[0,0,4,1]},"down":{"texture":"#lime_wool","uv":[0,0,4,1]}}},{"name":"Cube","from":[5.5,1,-9],"to":[7.5,5,-8],"faces":{"north":{"texture":"#lime_wool","uv":[0,0,2,4]},"east":{"texture":"#lime_wool","uv":[0,0,1,4]},"south":{"texture":"#lime_wool","uv":[0,0,2,4]},"west":{"texture":"#lime_wool","uv":[0,0,1,4]},"up":{"texture":"#lime_wool","uv":[0,0,2,1]},"down":{"texture":"#lime_wool","uv":[0,0,2,1]}}},{"name":"Cube","from":[8.5,1,-9.5],"to":[10.5,5,-8.5],"faces":{"north":{"texture":"#lime_wool","uv":[0,0,2,4]},"east":{"texture":"#lime_wool","uv":[0,0,1,4]},"south":{"texture":"#lime_wool","uv":[0,0,2,4]},"west":{"texture":"#lime_wool","uv":[0,0,1,4]},"up":{"texture":"#lime_wool","uv":[0,0,2,1]},"down":{"texture":"#lime_wool","uv":[0,0,2,1]}}}]}