{"credit":"MadewithBlockbench","textures":{"0":"block/dark_oak_log","1":"itemsadder:item/christmas_tree/leaves","2":"itemsadder:item/christmas_tree/red_orb","3":"itemsadder:item/christmas_tree/green_orb","particle":"block/dark_oak_log"},"elements":[{"from":[-10,-9,-12],"to":[26,-2,27],"faces":{"north":{"uv":[0,0,16,4.5],"texture":"#1"},"east":{"uv":[0,0,16,4.5],"texture":"#1"},"south":{"uv":[0,0,16,4.5],"texture":"#1"},"west":{"uv":[0,0,16,4.5],"texture":"#1"},"up":{"uv":[0,0,16,16],"texture":"#1"},"down":{"uv":[0,0,16,16],"texture":"#1"}}},{"from":[-6,2,-7],"to":[22,9,22],"faces":{"north":{"uv":[0,0,11.25,2.75],"texture":"#1"},"east":{"uv":[0,0,11.25,2.75],"texture":"#1"},"south":{"uv":[0,0,11.25,2.75],"texture":"#1"},"west":{"uv":[0,0,11.25,2.75],"texture":"#1"},"up":{"uv":[0,0,11.5,8.5],"texture":"#1"},"down":{"uv":[0,0,11.5,8.5],"texture":"#1"}}},{"from":[-3,13,-4],"to":[19,20,19],"faces":{"north":{"uv":[0,0,9.75,3],"texture":"#1"},"east":{"uv":[0,0,9.75,3],"texture":"#1"},"south":{"uv":[0,0,9.75,3],"texture":"#1"},"west":{"uv":[0,0,9.75,3],"texture":"#1"},"up":{"uv":[0,0,9.75,7.75],"texture":"#1"},"down":{"uv":[0,0,9.75,7.75],"texture":"#1"}}},{"from":[1,24,1],"to":[15,32,15],"faces":{"north":{"uv":[0,0,6.25,3.5],"texture":"#1"},"east":{"uv":[0,0,6.25,3.5],"texture":"#1"},"south":{"uv":[0,0,6.25,3.5],"texture":"#1"},"west":{"uv":[0,0,6.25,3.5],"texture":"#1"},"up":{"uv":[0,0,6.25,5.75],"texture":"#1"},"down":{"uv":[0,0,6.25,5.75],"texture":"#1"}}},{"from":[4,-16,4],"to":[12,31,12],"faces":{"north":{"uv":[0,0,8,16],"texture":"#0"},"east":{"uv":[0,0,8,16],"texture":"#0"},"south":{"uv":[0,0,8,16],"texture":"#0"},"west":{"uv":[0,0,8,16],"texture":"#0"},"up":{"uv":[0,0,16,16],"texture":"#0"},"down":{"uv":[0,0,16,16],"texture":"#0"}}},{"from":[-6.23474,6.1,-0.21723],"to":[-5.83474,7.8,0.18277],"rotation":{"angle":0,"axis":"y","origin":[-6.09214,8.20727,8.62454]},"faces":{"north":{"uv":[0,0,2,2],"texture":"#2"},"east":{"uv":[0,0,2,2],"texture":"#2"},"south":{"uv":[0,0,2,2],"texture":"#2"},"west":{"uv":[0,0,2,2],"texture":"#2"},"up":{"uv":[0,0,2,2],"rotation":270,"texture":"#2"},"down":{"uv":[0,0,2,2],"rotation":90,"texture":"#2"}}},{"from":[-7.73474,4,-1.51723],"to":[-4.73474,7,1.48277],"rotation":{"angle":0,"axis":"y","origin":[-6.09214,8.20727,8.62454]},"faces":{"north":{"uv":[4,0,6,2],"texture":"#2"},"east":{"uv":[4,0,6,2],"texture":"#2"},"south":{"uv":[4,0,6,2],"texture":"#2"},"west":{"uv":[4,0,6,2],"texture":"#2"},"up":{"uv":[4,0,6,2],"rotation":270,"texture":"#2"},"down":{"uv":[4,0,6,2],"rotation":90,"texture":"#2"}}},{"from":[-6.23474,4.1,8.78277],"to":[-5.83474,5.8,9.18277],"rotation":{"angle":0,"axis":"y","origin":[-6.09214,2.20727,8.62454]},"faces":{"north":{"uv":[0,0,2,2],"texture":"#2"},"east":{"uv":[0,0,2,2],"texture":"#2"},"south":{"uv":[0,0,2,2],"texture":"#2"},"west":{"uv":[0,0,2,2],"texture":"#2"},"up":{"uv":[0,0,2,2],"rotation":270,"texture":"#2"},"down":{"uv":[0,0,2,2],"rotation":90,"texture":"#2"}}},{"from":[-7.73474,2,7.48277],"to":[-4.73474,5,10.48277],"rotation":{"angle":0,"axis":"y","origin":[-6.09214,2.20727,8.62454]},"faces":{"north":{"uv":[4,0,6,2],"texture":"#3"},"east":{"uv":[4,0,6,2],"texture":"#3"},"south":{"uv":[4,0,6,2],"texture":"#3"},"west":{"uv":[4,0,6,2],"texture":"#3"},"up":{"uv":[4,0,6,2],"texture":"#3"},"down":{"uv":[4,0,6,2],"texture":"#3"}}},{"from":[-6.23474,5.1,18.6],"to":[-5.83474,6.8,19],"rotation":{"angle":0,"axis":"y","origin":[-6.09214,5.20727,17.62454]},"faces":{"north":{"uv":[0,0,2,2],"texture":"#2"},"east":{"uv":[0,0,2,2],"texture":"#2"},"south":{"uv":[0,0,2,2],"texture":"#2"},"west":{"uv":[0,0,2,2],"texture":"#2"},"up":{"uv":[0,0,2,2],"rotation":270,"texture":"#2"},"down":{"uv":[0,0,2,2],"rotation":90,"texture":"#2"}}},{"from":[-7.73474,3,17],"to":[-4.73474,6,20],"rotation":{"angle":0,"axis":"y","origin":[-6.09214,5.20727,17.62454]},"faces":{"north":{"uv":[4,0,6,2],"texture":"#2"},"east":{"uv":[4,0,6,2],"texture":"#2"},"south":{"uv":[4,0,6,2],"texture":"#2"},"west":{"uv":[4,0,6,2],"texture":"#2"},"up":{"uv":[4,0,6,2],"rotation":270,"texture":"#2"},"down":{"uv":[4,0,6,2],"rotation":90,"texture":"#2"}}},{"from":[21.86526,6.1,-0.21723],"to":[22.26526,7.8,0.18277],"rotation":{"angle":0,"axis":"y","origin":[22.00786,8.20727,8.62454]},"faces":{"north":{"uv":[0,0,2,2],"texture":"#2"},"east":{"uv":[0,0,2,2],"texture":"#2"},"south":{"uv":[0,0,2,2],"texture":"#2"},"west":{"uv":[0,0,2,2],"texture":"#2"},"up":{"uv":[0,0,2,2],"rotation":270,"texture":"#2"},"down":{"uv":[0,0,2,2],"rotation":90,"texture":"#2"}}},{"from":[20.36526,4,-1.51723],"to":[23.36526,7,1.48277],"rotation":{"angle":0,"axis":"y","origin":[22.00786,8.20727,8.62454]},"faces":{"north":{"uv":[4,0,6,2],"texture":"#2"},"east":{"uv":[4,0,6,2],"texture":"#2"},"south":{"uv":[4,0,6,2],"texture":"#2"},"west":{"uv":[4,0,6,2],"texture":"#2"},"up":{"uv":[4,0,6,2],"rotation":270,"texture":"#2"},"down":{"uv":[4,0,6,2],"rotation":90,"texture":"#2"}}},{"from":[21.86526,2.1,8.78277],"to":[22.26526,3.8,9.18277],"rotation":{"angle":0,"axis":"y","origin":[22.00786,0.20727,8.62454]},"faces":{"north":{"uv":[0,0,2,2],"texture":"#2"},"east":{"uv":[0,0,2,2],"texture":"#2"},"south":{"uv":[0,0,2,2],"texture":"#2"},"west":{"uv":[0,0,2,2],"texture":"#2"},"up":{"uv":[0,0,2,2],"rotation":270,"texture":"#2"},"down":{"uv":[0,0,2,2],"rotation":90,"texture":"#2"}}},{"from":[20.36526,0,7.48277],"to":[23.36526,3,10.48277],"rotation":{"angle":0,"axis":"y","origin":[22.00786,0.20727,8.62454]},"faces":{"north":{"uv":[4,0,6,2],"texture":"#2"},"east":{"uv":[4,0,6,2],"texture":"#2"},"south":{"uv":[4,0,6,2],"texture":"#2"},"west":{"uv":[4,0,6,2],"texture":"#2"},"up":{"uv":[4,0,6,2],"rotation":270,"texture":"#2"},"down":{"uv":[4,0,6,2],"rotation":90,"texture":"#2"}}},{"from":[21.86526,7.1,18.6],"to":[22.26526,8.8,19],"rotation":{"angle":0,"axis":"y","origin":[22.00786,7.20727,17.62454]},"faces":{"north":{"uv":[0,0,2,2],"texture":"#2"},"east":{"uv":[0,0,2,2],"texture":"#2"},"south":{"uv":[0,0,2,2],"texture":"#2"},"west":{"uv":[0,0,2,2],"texture":"#2"},"up":{"uv":[0,0,2,2],"rotation":270,"texture":"#2"},"down":{"uv":[0,0,2,2],"rotation":90,"texture":"#2"}}},{"from":[20.36526,5,17],"to":[23.36526,8,20],"rotation":{"angle":0,"axis":"y","origin":[22.00786,7.20727,17.62454]},"faces":{"north":{"uv":[4,0,6,2],"texture":"#3"},"east":{"uv":[4,0,6,2],"texture":"#3"},"south":{"uv":[4,0,6,2],"texture":"#3"},"west":{"uv":[4,0,6,2],"texture":"#3"},"up":{"uv":[4,0,6,2],"texture":"#3"},"down":{"uv":[4,0,6,2],"texture":"#3"}}},{"from":[18.3,3.1,21.9],"to":[18.7,4.8,22.3],"rotation":{"angle":0,"axis":"x","origin":[18.47401,4.51726,21.00875]},"faces":{"north":{"uv":[0,0,2,2],"texture":"#2"},"east":{"uv":[0,0,2,2],"texture":"#2"},"south":{"uv":[0,0,2,2],"texture":"#2"},"west":{"uv":[0,0,2,2],"texture":"#2"},"up":{"uv":[0,0,2,2],"texture":"#2"},"down":{"uv":[0,0,2,2],"texture":"#2"}}},{"from":[17,1,20.4],"to":[20,4,23.4],"rotation":{"angle":0,"axis":"y","origin":[25,6,37.4]},"faces":{"north":{"uv":[4,0,6,2],"texture":"#2"},"east":{"uv":[4,0,6,2],"texture":"#2"},"south":{"uv":[4,0,6,2],"texture":"#2"},"west":{"uv":[4,0,6,2],"texture":"#2"},"up":{"uv":[4,0,6,2],"texture":"#2"},"down":{"uv":[4,0,6,2],"texture":"#2"}}},{"from":[9.3,7.1,21.9],"to":[9.7,8.8,22.3],"rotation":{"angle":0,"axis":"x","origin":[9.47401,8.51726,21.00875]},"faces":{"north":{"uv":[0,0,2,2],"texture":"#2"},"east":{"uv":[0,0,2,2],"texture":"#2"},"south":{"uv":[0,0,2,2],"texture":"#2"},"west":{"uv":[0,0,2,2],"texture":"#2"},"up":{"uv":[0,0,2,2],"texture":"#2"},"down":{"uv":[0,0,2,2],"texture":"#2"}}},{"from":[8,5,20.4],"to":[11,8,23.4],"rotation":{"angle":0,"axis":"y","origin":[16,10,37.4]},"faces":{"north":{"uv":[4,0,6,2],"texture":"#3"},"east":{"uv":[4,0,6,2],"texture":"#3"},"south":{"uv":[4,0,6,2],"texture":"#3"},"west":{"uv":[4,0,6,2],"texture":"#3"},"up":{"uv":[4,0,6,2],"texture":"#3"},"down":{"uv":[4,0,6,2],"texture":"#3"}}},{"from":[1.3,5.1,21.9],"to":[1.7,6.8,22.3],"rotation":{"angle":0,"axis":"x","origin":[1.47401,6.51726,21.00875]},"faces":{"north":{"uv":[0,0,2,2],"texture":"#2"},"east":{"uv":[0,0,2,2],"texture":"#2"},"south":{"uv":[0,0,2,2],"texture":"#2"},"west":{"uv":[0,0,2,2],"texture":"#2"},"up":{"uv":[0,0,2,2],"texture":"#2"},"down":{"uv":[0,0,2,2],"texture":"#2"}}},{"from":[0,3,20.4],"to":[3,6,23.4],"rotation":{"angle":0,"axis":"y","origin":[8,8,37.4]},"faces":{"north":{"uv":[4,0,6,2],"texture":"#2"},"east":{"uv":[4,0,6,2],"texture":"#2"},"south":{"uv":[4,0,6,2],"texture":"#2"},"west":{"uv":[4,0,6,2],"texture":"#2"},"up":{"uv":[4,0,6,2],"texture":"#2"},"down":{"uv":[4,0,6,2],"texture":"#2"}}},{"from":[18.3,3.1,-7.5],"to":[18.7,4.8,-7.1],"rotation":{"angle":0,"axis":"x","origin":[18.47401,4.51726,-8.39125]},"faces":{"north":{"uv":[0,0,2,2],"texture":"#2"},"east":{"uv":[0,0,2,2],"texture":"#2"},"south":{"uv":[0,0,2,2],"texture":"#2"},"west":{"uv":[0,0,2,2],"texture":"#2"},"up":{"uv":[0,0,2,2],"texture":"#2"},"down":{"uv":[0,0,2,2],"texture":"#2"}}},{"from":[17,1,-9],"to":[20,4,-6],"rotation":{"angle":0,"axis":"y","origin":[25,6,8]},"faces":{"north":{"uv":[4,0,6,2],"texture":"#3"},"east":{"uv":[4,0,6,2],"texture":"#3"},"south":{"uv":[4,0,6,2],"texture":"#3"},"west":{"uv":[4,0,6,2],"texture":"#3"},"up":{"uv":[4,0,6,2],"texture":"#3"},"down":{"uv":[4,0,6,2],"texture":"#3"}}},{"from":[9.3,7.1,-7.5],"to":[9.7,8.8,-7.1],"rotation":{"angle":0,"axis":"x","origin":[9.47401,8.51726,-8.39125]},"faces":{"north":{"uv":[0,0,2,2],"texture":"#2"},"east":{"uv":[0,0,2,2],"texture":"#2"},"south":{"uv":[0,0,2,2],"texture":"#2"},"west":{"uv":[0,0,2,2],"texture":"#2"},"up":{"uv":[0,0,2,2],"texture":"#2"},"down":{"uv":[0,0,2,2],"texture":"#2"}}},{"from":[8,5,-9],"to":[11,8,-6],"rotation":{"angle":0,"axis":"y","origin":[16,10,8]},"faces":{"north":{"uv":[4,0,6,2],"texture":"#3"},"east":{"uv":[4,0,6,2],"texture":"#3"},"south":{"uv":[4,0,6,2],"texture":"#3"},"west":{"uv":[4,0,6,2],"texture":"#3"},"up":{"uv":[4,0,6,2],"texture":"#3"},"down":{"uv":[4,0,6,2],"texture":"#3"}}},{"from":[1.3,5.1,-7.5],"to":[1.7,6.8,-7.1],"rotation":{"angle":0,"axis":"x","origin":[1.47401,6.51726,-8.39125]},"faces":{"north":{"uv":[0,0,2,2],"texture":"#2"},"east":{"uv":[0,0,2,2],"texture":"#2"},"south":{"uv":[0,0,2,2],"texture":"#2"},"west":{"uv":[0,0,2,2],"texture":"#2"},"up":{"uv":[0,0,2,2],"texture":"#2"},"down":{"uv":[0,0,2,2],"texture":"#2"}}},{"from":[0,3,-9],"to":[3,6,-6],"faces":{"north":{"uv":[4,0,6,2],"texture":"#2"},"east":{"uv":[4,0,6,2],"texture":"#2"},"south":{"uv":[4,0,6,2],"texture":"#2"},"west":{"uv":[4,0,6,2],"texture":"#2"},"up":{"uv":[4,0,6,2],"texture":"#2"},"down":{"uv":[4,0,6,2],"texture":"#2"}}},{"from":[-10.23474,-4.9,-4.21723],"to":[-9.83474,-3.2,-3.81723],"rotation":{"angle":0,"axis":"y","origin":[-10.09214,-2.79273,4.62454]},"faces":{"north":{"uv":[0,0,2,2],"texture":"#2"},"east":{"uv":[0,0,2,2],"texture":"#2"},"south":{"uv":[0,0,2,2],"texture":"#2"},"west":{"uv":[0,0,2,2],"texture":"#2"},"up":{"uv":[0,0,2,2],"rotation":270,"texture":"#2"},"down":{"uv":[0,0,2,2],"rotation":90,"texture":"#2"}}},{"from":[-11.73474,-7,-5.51723],"to":[-8.73474,-4,-2.51723],"rotation":{"angle":0,"axis":"y","origin":[-10.09214,-2.79273,4.62454]},"faces":{"north":{"uv":[4,0,6,2],"texture":"#3"},"east":{"uv":[4,0,6,2],"texture":"#3"},"south":{"uv":[4,0,6,2],"texture":"#3"},"west":{"uv":[4,0,6,2],"texture":"#3"},"up":{"uv":[4,0,6,2],"texture":"#3"},"down":{"uv":[4,0,6,2],"texture":"#3"}}},{"from":[-10.23474,-6.9,5.78277],"to":[-9.83474,-5.2,6.18277],"rotation":{"angle":0,"axis":"y","origin":[-10.09214,-8.79273,5.62454]},"faces":{"north":{"uv":[0,0,2,2],"texture":"#2"},"east":{"uv":[0,0,2,2],"texture":"#2"},"south":{"uv":[0,0,2,2],"texture":"#2"},"west":{"uv":[0,0,2,2],"texture":"#2"},"up":{"uv":[0,0,2,2],"rotation":270,"texture":"#2"},"down":{"uv":[0,0,2,2],"rotation":90,"texture":"#2"}}},{"from":[-11.73474,-9,4.48277],"to":[-8.73474,-6,7.48277],"rotation":{"angle":0,"axis":"y","origin":[-10.09214,-8.79273,5.62454]},"faces":{"north":{"uv":[4,0,6,2],"texture":"#2"},"east":{"uv":[4,0,6,2],"texture":"#2"},"south":{"uv":[4,0,6,2],"texture":"#2"},"west":{"uv":[4,0,6,2],"texture":"#2"},"up":{"uv":[4,0,6,2],"rotation":270,"texture":"#2"},"down":{"uv":[4,0,6,2],"rotation":90,"texture":"#2"}}},{"from":[-10.23474,-6.9,20.6],"to":[-9.83474,-5.2,21],"rotation":{"angle":0,"axis":"y","origin":[-10.09214,-6.79273,19.62454]},"faces":{"north":{"uv":[0,0,2,2],"texture":"#2"},"east":{"uv":[0,0,2,2],"texture":"#2"},"south":{"uv":[0,0,2,2],"texture":"#2"},"west":{"uv":[0,0,2,2],"texture":"#2"},"up":{"uv":[0,0,2,2],"rotation":270,"texture":"#2"},"down":{"uv":[0,0,2,2],"rotation":90,"texture":"#2"}}},{"from":[-11.73474,-9,19],"to":[-8.73474,-6,22],"rotation":{"angle":0,"axis":"y","origin":[-10.09214,-6.79273,19.62454]},"faces":{"north":{"uv":[4,0,6,2],"texture":"#2"},"east":{"uv":[4,0,6,2],"texture":"#2"},"south":{"uv":[4,0,6,2],"texture":"#2"},"west":{"uv":[4,0,6,2],"texture":"#2"},"up":{"uv":[4,0,6,2],"rotation":270,"texture":"#2"},"down":{"uv":[4,0,6,2],"rotation":90,"texture":"#2"}}},{"from":[25.86526,-4.9,-6.21723],"to":[26.26526,-3.2,-5.81723],"rotation":{"angle":0,"axis":"y","origin":[26.00786,-2.79273,2.62454]},"faces":{"north":{"uv":[0,0,2,2],"texture":"#2"},"east":{"uv":[0,0,2,2],"texture":"#2"},"south":{"uv":[0,0,2,2],"texture":"#2"},"west":{"uv":[0,0,2,2],"texture":"#2"},"up":{"uv":[0,0,2,2],"rotation":270,"texture":"#2"},"down":{"uv":[0,0,2,2],"rotation":90,"texture":"#2"}}},{"from":[24.36526,-7,-7.51723],"to":[27.36526,-4,-4.51723],"rotation":{"angle":0,"axis":"y","origin":[26.00786,-2.79273,2.62454]},"faces":{"north":{"uv":[4,0,6,2],"texture":"#3"},"east":{"uv":[4,0,6,2],"texture":"#3"},"south":{"uv":[4,0,6,2],"texture":"#3"},"west":{"uv":[4,0,6,2],"texture":"#3"},"up":{"uv":[4,0,6,2],"texture":"#3"},"down":{"uv":[4,0,6,2],"texture":"#3"}}},{"from":[25.86526,-5.9,8.78277],"to":[26.26526,-4.2,9.18277],"rotation":{"angle":0,"axis":"y","origin":[26.00786,-7.79273,8.62454]},"faces":{"north":{"uv":[0,0,2,2],"texture":"#2"},"east":{"uv":[0,0,2,2],"texture":"#2"},"south":{"uv":[0,0,2,2],"texture":"#2"},"west":{"uv":[0,0,2,2],"texture":"#2"},"up":{"uv":[0,0,2,2],"rotation":270,"texture":"#2"},"down":{"uv":[0,0,2,2],"rotation":90,"texture":"#2"}}},{"from":[24.36526,-8,7.48277],"to":[27.36526,-5,10.48277],"rotation":{"angle":0,"axis":"y","origin":[26.00786,-7.79273,8.62454]},"faces":{"north":{"uv":[4,0,6,2],"texture":"#2"},"east":{"uv":[4,0,6,2],"texture":"#2"},"south":{"uv":[4,0,6,2],"texture":"#2"},"west":{"uv":[4,0,6,2],"texture":"#2"},"up":{"uv":[4,0,6,2],"rotation":270,"texture":"#2"},"down":{"uv":[4,0,6,2],"rotation":90,"texture":"#2"}}},{"from":[25.86526,-3.9,18.6],"to":[26.26526,-2.2,19],"rotation":{"angle":0,"axis":"y","origin":[26.00786,-3.79273,17.62454]},"faces":{"north":{"uv":[0,0,2,2],"texture":"#2"},"east":{"uv":[0,0,2,2],"texture":"#2"},"south":{"uv":[0,0,2,2],"texture":"#2"},"west":{"uv":[0,0,2,2],"texture":"#2"},"up":{"uv":[0,0,2,2],"rotation":270,"texture":"#2"},"down":{"uv":[0,0,2,2],"rotation":90,"texture":"#2"}}},{"from":[24.36526,-6,17],"to":[27.36526,-3,20],"rotation":{"angle":0,"axis":"y","origin":[26.00786,-3.79273,17.62454]},"faces":{"north":{"uv":[4,0,6,2],"texture":"#2"},"east":{"uv":[4,0,6,2],"texture":"#2"},"south":{"uv":[4,0,6,2],"texture":"#2"},"west":{"uv":[4,0,6,2],"texture":"#2"},"up":{"uv":[4,0,6,2],"rotation":270,"texture":"#2"},"down":{"uv":[4,0,6,2],"rotation":90,"texture":"#2"}}},{"from":[18.3,-4.9,26.9],"to":[18.7,-3.2,27.3],"rotation":{"angle":0,"axis":"x","origin":[18.47401,-3.48274,26.00875]},"faces":{"north":{"uv":[0,0,2,2],"texture":"#2"},"east":{"uv":[0,0,2,2],"texture":"#2"},"south":{"uv":[0,0,2,2],"texture":"#2"},"west":{"uv":[0,0,2,2],"texture":"#2"},"up":{"uv":[0,0,2,2],"texture":"#2"},"down":{"uv":[0,0,2,2],"texture":"#2"}}},{"from":[17,-7,25.4],"to":[20,-4,28.4],"rotation":{"angle":0,"axis":"y","origin":[25,-2,42.4]},"faces":{"north":{"uv":[4,0,6,2],"texture":"#2"},"east":{"uv":[4,0,6,2],"texture":"#2"},"south":{"uv":[4,0,6,2],"texture":"#2"},"west":{"uv":[4,0,6,2],"texture":"#2"},"up":{"uv":[4,0,6,2],"texture":"#2"},"down":{"uv":[4,0,6,2],"texture":"#2"}}},{"from":[6.3,-6.9,26.9],"to":[6.7,-5.2,27.3],"rotation":{"angle":0,"axis":"x","origin":[6.47401,-5.48274,26.00875]},"faces":{"north":{"uv":[0,0,2,2],"texture":"#2"},"east":{"uv":[0,0,2,2],"texture":"#2"},"south":{"uv":[0,0,2,2],"texture":"#2"},"west":{"uv":[0,0,2,2],"texture":"#2"},"up":{"uv":[0,0,2,2],"texture":"#2"},"down":{"uv":[0,0,2,2],"texture":"#2"}}},{"from":[5,-9,25.4],"to":[8,-6,28.4],"rotation":{"angle":0,"axis":"y","origin":[13,-4,42.4]},"faces":{"north":{"uv":[4,0,6,2],"texture":"#3"},"east":{"uv":[4,0,6,2],"texture":"#3"},"south":{"uv":[4,0,6,2],"texture":"#3"},"west":{"uv":[4,0,6,2],"texture":"#3"},"up":{"uv":[4,0,6,2],"texture":"#3"},"down":{"uv":[4,0,6,2],"texture":"#3"}}},{"from":[-5.7,-5.9,26.9],"to":[-5.3,-4.2,27.3],"rotation":{"angle":0,"axis":"x","origin":[-5.52599,-4.48274,26.00875]},"faces":{"north":{"uv":[0,0,2,2],"texture":"#2"},"east":{"uv":[0,0,2,2],"texture":"#2"},"south":{"uv":[0,0,2,2],"texture":"#2"},"west":{"uv":[0,0,2,2],"texture":"#2"},"up":{"uv":[0,0,2,2],"texture":"#2"},"down":{"uv":[0,0,2,2],"texture":"#2"}}},{"from":[-7,-8,25.4],"to":[-4,-5,28.4],"rotation":{"angle":0,"axis":"y","origin":[1,-3,42.4]},"faces":{"north":{"uv":[4,0,6,2],"texture":"#2"},"east":{"uv":[4,0,6,2],"texture":"#2"},"south":{"uv":[4,0,6,2],"texture":"#2"},"west":{"uv":[4,0,6,2],"texture":"#2"},"up":{"uv":[4,0,6,2],"texture":"#2"},"down":{"uv":[4,0,6,2],"texture":"#2"}}},{"from":[18.3,-4.9,-12.5],"to":[18.7,-3.2,-12.1],"rotation":{"angle":0,"axis":"x","origin":[18.47401,-3.48274,-13.39125]},"faces":{"north":{"uv":[0,0,2,2],"texture":"#2"},"east":{"uv":[0,0,2,2],"texture":"#2"},"south":{"uv":[0,0,2,2],"texture":"#2"},"west":{"uv":[0,0,2,2],"texture":"#2"},"up":{"uv":[0,0,2,2],"texture":"#2"},"down":{"uv":[0,0,2,2],"texture":"#2"}}},{"from":[17,-7,-14],"to":[20,-4,-11],"rotation":{"angle":0,"axis":"y","origin":[25,-2,3]},"faces":{"north":{"uv":[4,0,6,2],"texture":"#2"},"east":{"uv":[4,0,6,2],"texture":"#2"},"south":{"uv":[4,0,6,2],"texture":"#2"},"west":{"uv":[4,0,6,2],"texture":"#2"},"up":{"uv":[4,0,6,2],"texture":"#2"},"down":{"uv":[4,0,6,2],"texture":"#2"}}},{"from":[6.3,-6.9,-12.5],"to":[6.7,-5.2,-12.1],"rotation":{"angle":0,"axis":"x","origin":[6.47401,-5.48274,-13.39125]},"faces":{"north":{"uv":[0,0,2,2],"texture":"#2"},"east":{"uv":[0,0,2,2],"texture":"#2"},"south":{"uv":[0,0,2,2],"texture":"#2"},"west":{"uv":[0,0,2,2],"texture":"#2"},"up":{"uv":[0,0,2,2],"texture":"#2"},"down":{"uv":[0,0,2,2],"texture":"#2"}}},{"from":[5,-9,-14],"to":[8,-6,-11],"rotation":{"angle":0,"axis":"y","origin":[13,-4,3]},"faces":{"north":{"uv":[4,0,6,2],"texture":"#2"},"east":{"uv":[4,0,6,2],"texture":"#2"},"south":{"uv":[4,0,6,2],"texture":"#2"},"west":{"uv":[4,0,6,2],"texture":"#2"},"up":{"uv":[4,0,6,2],"texture":"#2"},"down":{"uv":[4,0,6,2],"texture":"#2"}}},{"from":[-6.7,-5.9,-12.5],"to":[-6.3,-4.2,-12.1],"rotation":{"angle":0,"axis":"x","origin":[-6.52599,-4.48274,-13.39125]},"faces":{"north":{"uv":[0,0,2,2],"texture":"#2"},"east":{"uv":[0,0,2,2],"texture":"#2"},"south":{"uv":[0,0,2,2],"texture":"#2"},"west":{"uv":[0,0,2,2],"texture":"#2"},"up":{"uv":[0,0,2,2],"texture":"#2"},"down":{"uv":[0,0,2,2],"texture":"#2"}}},{"from":[-8,-8,-14],"to":[-5,-5,-11],"rotation":{"angle":0,"axis":"y","origin":[0,-3,3]},"faces":{"north":{"uv":[4,0,6,2],"texture":"#3"},"east":{"uv":[4,0,6,2],"texture":"#3"},"south":{"uv":[4,0,6,2],"texture":"#3"},"west":{"uv":[4,0,6,2],"texture":"#3"},"up":{"uv":[4,0,6,2],"texture":"#3"},"down":{"uv":[4,0,6,2],"texture":"#3"}}},{"from":[9.3,16.1,18.9],"to":[9.7,17.8,19.3],"rotation":{"angle":0,"axis":"x","origin":[9.47401,17.51726,18.00875]},"faces":{"north":{"uv":[0,0,2,2],"texture":"#2"},"east":{"uv":[0,0,2,2],"texture":"#2"},"south":{"uv":[0,0,2,2],"texture":"#2"},"west":{"uv":[0,0,2,2],"texture":"#2"},"up":{"uv":[0,0,2,2],"texture":"#2"},"down":{"uv":[0,0,2,2],"texture":"#2"}}},{"from":[8,14,17.4],"to":[11,17,20.4],"rotation":{"angle":0,"axis":"y","origin":[16,19,34.4]},"faces":{"north":{"uv":[4,0,6,2],"texture":"#2"},"east":{"uv":[4,0,6,2],"texture":"#2"},"south":{"uv":[4,0,6,2],"texture":"#2"},"west":{"uv":[4,0,6,2],"texture":"#2"},"up":{"uv":[4,0,6,2],"texture":"#2"},"down":{"uv":[4,0,6,2],"texture":"#2"}}},{"from":[15.3,18.1,18.9],"to":[15.7,19.8,19.3],"rotation":{"angle":0,"axis":"x","origin":[15.47401,19.51726,18.00875]},"faces":{"north":{"uv":[0,0,2,2],"texture":"#2"},"east":{"uv":[0,0,2,2],"texture":"#2"},"south":{"uv":[0,0,2,2],"texture":"#2"},"west":{"uv":[0,0,2,2],"texture":"#2"},"up":{"uv":[0,0,2,2],"texture":"#2"},"down":{"uv":[0,0,2,2],"texture":"#2"}}},{"from":[14,16,17.4],"to":[17,19,20.4],"rotation":{"angle":0,"axis":"y","origin":[22,21,34.4]},"faces":{"north":{"uv":[4,0,6,2],"texture":"#2"},"east":{"uv":[4,0,6,2],"texture":"#2"},"south":{"uv":[4,0,6,2],"texture":"#2"},"west":{"uv":[4,0,6,2],"texture":"#2"},"up":{"uv":[4,0,6,2],"texture":"#2"},"down":{"uv":[4,0,6,2],"texture":"#2"}}},{"from":[15.3,18.1,18.9],"to":[15.7,19.8,19.3],"rotation":{"angle":0,"axis":"x","origin":[15.47401,19.51726,18.00875]},"faces":{"north":{"uv":[0,0,2,2],"texture":"#2"},"east":{"uv":[0,0,2,2],"texture":"#2"},"south":{"uv":[0,0,2,2],"texture":"#2"},"west":{"uv":[0,0,2,2],"texture":"#2"},"up":{"uv":[0,0,2,2],"texture":"#2"},"down":{"uv":[0,0,2,2],"texture":"#2"}}},{"from":[14,16,17.4],"to":[17,19,20.4],"rotation":{"angle":0,"axis":"y","origin":[22,21,34.4]},"faces":{"north":{"uv":[4,0,6,2],"texture":"#2"},"east":{"uv":[4,0,6,2],"texture":"#2"},"south":{"uv":[4,0,6,2],"texture":"#2"},"west":{"uv":[4,0,6,2],"texture":"#2"},"up":{"uv":[4,0,6,2],"texture":"#2"},"down":{"uv":[4,0,6,2],"texture":"#2"}}},{"from":[0.3,15.1,18.9],"to":[0.7,16.8,19.3],"rotation":{"angle":0,"axis":"x","origin":[0.47401,16.51726,18.00875]},"faces":{"north":{"uv":[0,0,2,2],"texture":"#2"},"east":{"uv":[0,0,2,2],"texture":"#2"},"south":{"uv":[0,0,2,2],"texture":"#2"},"west":{"uv":[0,0,2,2],"texture":"#2"},"up":{"uv":[0,0,2,2],"texture":"#2"},"down":{"uv":[0,0,2,2],"texture":"#2"}}},{"from":[-1,13,17.4],"to":[2,16,20.4],"rotation":{"angle":0,"axis":"y","origin":[7,18,34.4]},"faces":{"north":{"uv":[4,0,6,2],"texture":"#3"},"east":{"uv":[4,0,6,2],"texture":"#3"},"south":{"uv":[4,0,6,2],"texture":"#3"},"west":{"uv":[4,0,6,2],"texture":"#3"},"up":{"uv":[4,0,6,2],"texture":"#3"},"down":{"uv":[4,0,6,2],"texture":"#3"}}},{"from":[-3.4,15.1,10.9],"to":[-3,16.8,11.3],"rotation":{"angle":0,"axis":"x","origin":[-3.22599,16.51726,10.00875]},"faces":{"north":{"uv":[0,0,2,2],"texture":"#2"},"east":{"uv":[0,0,2,2],"texture":"#2"},"south":{"uv":[0,0,2,2],"texture":"#2"},"west":{"uv":[0,0,2,2],"texture":"#2"},"up":{"uv":[0,0,2,2],"texture":"#2"},"down":{"uv":[0,0,2,2],"texture":"#2"}}},{"from":[-4.7,13,9.4],"to":[-1.7,16,12.4],"rotation":{"angle":0,"axis":"y","origin":[3.3,18,26.4]},"faces":{"north":{"uv":[4,0,6,2],"texture":"#2"},"east":{"uv":[4,0,6,2],"texture":"#2"},"south":{"uv":[4,0,6,2],"texture":"#2"},"west":{"uv":[4,0,6,2],"texture":"#2"},"up":{"uv":[4,0,6,2],"texture":"#2"},"down":{"uv":[4,0,6,2],"texture":"#2"}}},{"from":[-3.4,14.2,0.9],"to":[-3,15.9,1.3],"rotation":{"angle":0,"axis":"x","origin":[-3.22599,15.61726,0.00875]},"faces":{"north":{"uv":[0,0,2,2],"texture":"#2"},"east":{"uv":[0,0,2,2],"texture":"#2"},"south":{"uv":[0,0,2,2],"texture":"#2"},"west":{"uv":[0,0,2,2],"texture":"#2"},"up":{"uv":[0,0,2,2],"texture":"#2"},"down":{"uv":[0,0,2,2],"texture":"#2"}}},{"from":[-4.7,12.1,-0.6],"to":[-1.7,15.1,2.4],"rotation":{"angle":0,"axis":"y","origin":[3.3,17.1,16.4]},"faces":{"north":{"uv":[4,0,6,2],"texture":"#3"},"east":{"uv":[4,0,6,2],"texture":"#3"},"south":{"uv":[4,0,6,2],"texture":"#3"},"west":{"uv":[4,0,6,2],"texture":"#3"},"up":{"uv":[4,0,6,2],"texture":"#3"},"down":{"uv":[4,0,6,2],"texture":"#3"}}},{"from":[-3.4,13.7,16.4],"to":[-3,15.4,16.8],"rotation":{"angle":0,"axis":"x","origin":[-3.22599,15.11726,15.50875]},"faces":{"north":{"uv":[0,0,2,2],"texture":"#2"},"east":{"uv":[0,0,2,2],"texture":"#2"},"south":{"uv":[0,0,2,2],"texture":"#2"},"west":{"uv":[0,0,2,2],"texture":"#2"},"up":{"uv":[0,0,2,2],"texture":"#2"},"down":{"uv":[0,0,2,2],"texture":"#2"}}},{"from":[-4.7,11.6,14.9],"to":[-1.7,14.6,17.9],"rotation":{"angle":0,"axis":"y","origin":[3.3,16.6,31.9]},"faces":{"north":{"uv":[4,0,6,2],"texture":"#2"},"east":{"uv":[4,0,6,2],"texture":"#2"},"south":{"uv":[4,0,6,2],"texture":"#2"},"west":{"uv":[4,0,6,2],"texture":"#2"},"up":{"uv":[4,0,6,2],"texture":"#2"},"down":{"uv":[4,0,6,2],"texture":"#2"}}},{"from":[3.6,14.2,-4.2],"to":[4,15.9,-3.8],"rotation":{"angle":0,"axis":"x","origin":[3.77401,15.61726,-5.09125]},"faces":{"north":{"uv":[0,0,2,2],"texture":"#2"},"east":{"uv":[0,0,2,2],"texture":"#2"},"south":{"uv":[0,0,2,2],"texture":"#2"},"west":{"uv":[0,0,2,2],"texture":"#2"},"up":{"uv":[0,0,2,2],"texture":"#2"},"down":{"uv":[0,0,2,2],"texture":"#2"}}},{"from":[2.3,12.1,-5.7],"to":[5.3,15.1,-2.7],"rotation":{"angle":0,"axis":"y","origin":[10.3,17.1,11.3]},"faces":{"north":{"uv":[4,0,6,2],"texture":"#2"},"east":{"uv":[4,0,6,2],"texture":"#2"},"south":{"uv":[4,0,6,2],"texture":"#2"},"west":{"uv":[4,0,6,2],"texture":"#2"},"up":{"uv":[4,0,6,2],"texture":"#2"},"down":{"uv":[4,0,6,2],"texture":"#2"}}},{"from":[11.6,16.1,-4.2],"to":[12,17.8,-3.8],"rotation":{"angle":0,"axis":"x","origin":[11.77401,17.51726,-5.09125]},"faces":{"north":{"uv":[0,0,2,2],"texture":"#2"},"east":{"uv":[0,0,2,2],"texture":"#2"},"south":{"uv":[0,0,2,2],"texture":"#2"},"west":{"uv":[0,0,2,2],"texture":"#2"},"up":{"uv":[0,0,2,2],"texture":"#2"},"down":{"uv":[0,0,2,2],"texture":"#2"}}},{"from":[10.3,14,-5.7],"to":[13.3,17,-2.7],"rotation":{"angle":0,"axis":"y","origin":[18.3,19,11.3]},"faces":{"north":{"uv":[4,0,6,2],"texture":"#2"},"east":{"uv":[4,0,6,2],"texture":"#2"},"south":{"uv":[4,0,6,2],"texture":"#2"},"west":{"uv":[4,0,6,2],"texture":"#2"},"up":{"uv":[4,0,6,2],"texture":"#2"},"down":{"uv":[4,0,6,2],"texture":"#2"}}},{"from":[19.1,16.1,-0.2],"to":[19.5,17.8,0.2],"rotation":{"angle":0,"axis":"x","origin":[19.27401,17.51726,-1.09125]},"faces":{"north":{"uv":[0,0,2,2],"texture":"#2"},"east":{"uv":[0,0,2,2],"texture":"#2"},"south":{"uv":[0,0,2,2],"texture":"#2"},"west":{"uv":[0,0,2,2],"texture":"#2"},"up":{"uv":[0,0,2,2],"texture":"#2"},"down":{"uv":[0,0,2,2],"texture":"#2"}}},{"from":[17.8,14,-1.7],"to":[20.8,17,1.3],"rotation":{"angle":0,"axis":"y","origin":[25.8,19,15.3]},"faces":{"north":{"uv":[4,0,6,2],"texture":"#2"},"east":{"uv":[4,0,6,2],"texture":"#2"},"south":{"uv":[4,0,6,2],"texture":"#2"},"west":{"uv":[4,0,6,2],"texture":"#2"},"up":{"uv":[4,0,6,2],"texture":"#2"},"down":{"uv":[4,0,6,2],"texture":"#2"}}},{"from":[19.1,13.9,15.8],"to":[19.5,15.6,16.2],"rotation":{"angle":0,"axis":"x","origin":[19.27401,15.31726,14.90875]},"faces":{"north":{"uv":[0,0,2,2],"texture":"#2"},"east":{"uv":[0,0,2,2],"texture":"#2"},"south":{"uv":[0,0,2,2],"texture":"#2"},"west":{"uv":[0,0,2,2],"texture":"#2"},"up":{"uv":[0,0,2,2],"texture":"#2"},"down":{"uv":[0,0,2,2],"texture":"#2"}}},{"from":[17.8,11.8,14.3],"to":[20.8,14.8,17.3],"rotation":{"angle":0,"axis":"y","origin":[25.8,16.8,31.3]},"faces":{"north":{"uv":[4,0,6,2],"texture":"#2"},"east":{"uv":[4,0,6,2],"texture":"#2"},"south":{"uv":[4,0,6,2],"texture":"#2"},"west":{"uv":[4,0,6,2],"texture":"#2"},"up":{"uv":[4,0,6,2],"texture":"#2"},"down":{"uv":[4,0,6,2],"texture":"#2"}}},{"from":[19.1,17.2,7.8],"to":[19.5,18.9,8.2],"rotation":{"angle":0,"axis":"x","origin":[19.27401,18.61726,6.90875]},"faces":{"north":{"uv":[0,0,2,2],"texture":"#2"},"east":{"uv":[0,0,2,2],"texture":"#2"},"south":{"uv":[0,0,2,2],"texture":"#2"},"west":{"uv":[0,0,2,2],"texture":"#2"},"up":{"uv":[0,0,2,2],"texture":"#2"},"down":{"uv":[0,0,2,2],"texture":"#2"}}},{"from":[17.8,15.1,6.3],"to":[20.8,18.1,9.3],"rotation":{"angle":0,"axis":"y","origin":[25.8,20.1,23.3]},"faces":{"north":{"uv":[4,0,6,2],"texture":"#2"},"east":{"uv":[4,0,6,2],"texture":"#2"},"south":{"uv":[4,0,6,2],"texture":"#2"},"west":{"uv":[4,0,6,2],"texture":"#2"},"up":{"uv":[4,0,6,2],"texture":"#2"},"down":{"uv":[4,0,6,2],"texture":"#2"}}},{"from":[14.8,24.2,7.8],"to":[15.2,25.9,8.2],"rotation":{"angle":0,"axis":"x","origin":[14.97401,25.61726,6.90875]},"faces":{"north":{"uv":[0,0,2,2],"texture":"#2"},"east":{"uv":[0,0,2,2],"texture":"#2"},"south":{"uv":[0,0,2,2],"texture":"#2"},"west":{"uv":[0,0,2,2],"texture":"#2"},"up":{"uv":[0,0,2,2],"texture":"#2"},"down":{"uv":[0,0,2,2],"texture":"#2"}}},{"from":[13.5,22.1,6.3],"to":[16.5,25.1,9.3],"rotation":{"angle":0,"axis":"y","origin":[21.5,27.1,23.3]},"faces":{"north":{"uv":[4,0,6,2],"texture":"#3"},"east":{"uv":[4,0,6,2],"texture":"#3"},"south":{"uv":[4,0,6,2],"texture":"#3"},"west":{"uv":[4,0,6,2],"texture":"#3"},"up":{"uv":[4,0,6,2],"texture":"#3"},"down":{"uv":[4,0,6,2],"texture":"#3"}}},{"from":[1.1,26.5,7.8],"to":[1.5,28.2,8.2],"rotation":{"angle":0,"axis":"x","origin":[1.27401,27.91726,6.90875]},"faces":{"north":{"uv":[0,0,2,2],"texture":"#2"},"east":{"uv":[0,0,2,2],"texture":"#2"},"south":{"uv":[0,0,2,2],"texture":"#2"},"west":{"uv":[0,0,2,2],"texture":"#2"},"up":{"uv":[0,0,2,2],"texture":"#2"},"down":{"uv":[0,0,2,2],"texture":"#2"}}},{"from":[-0.2,24.4,6.3],"to":[2.8,27.4,9.3],"rotation":{"angle":0,"axis":"y","origin":[7.8,29.4,23.3]},"faces":{"north":{"uv":[4,0,6,2],"texture":"#2"},"east":{"uv":[4,0,6,2],"texture":"#2"},"south":{"uv":[4,0,6,2],"texture":"#2"},"west":{"uv":[4,0,6,2],"texture":"#2"},"up":{"uv":[4,0,6,2],"texture":"#2"},"down":{"uv":[4,0,6,2],"texture":"#2"}}},{"from":[9.1,28.3,14.8],"to":[9.5,30,15.2],"rotation":{"angle":0,"axis":"x","origin":[9.27401,29.71726,13.90875]},"faces":{"north":{"uv":[0,0,2,2],"texture":"#2"},"east":{"uv":[0,0,2,2],"texture":"#2"},"south":{"uv":[0,0,2,2],"texture":"#2"},"west":{"uv":[0,0,2,2],"texture":"#2"},"up":{"uv":[0,0,2,2],"texture":"#2"},"down":{"uv":[0,0,2,2],"texture":"#2"}}},{"from":[7.8,26.2,13.3],"to":[10.8,29.2,16.3],"rotation":{"angle":0,"axis":"y","origin":[15.8,31.2,30.3]},"faces":{"north":{"uv":[4,0,6,2],"texture":"#3"},"east":{"uv":[4,0,6,2],"texture":"#3"},"south":{"uv":[4,0,6,2],"texture":"#3"},"west":{"uv":[4,0,6,2],"texture":"#3"},"up":{"uv":[4,0,6,2],"texture":"#3"},"down":{"uv":[4,0,6,2],"texture":"#3"}}},{"from":[9.1,28.3,0.8],"to":[9.5,30,1.2],"rotation":{"angle":0,"axis":"x","origin":[9.27401,29.71726,-0.09125]},"faces":{"north":{"uv":[0,0,2,2],"texture":"#2"},"east":{"uv":[0,0,2,2],"texture":"#2"},"south":{"uv":[0,0,2,2],"texture":"#2"},"west":{"uv":[0,0,2,2],"texture":"#2"},"up":{"uv":[0,0,2,2],"texture":"#2"},"down":{"uv":[0,0,2,2],"texture":"#2"}}},{"from":[7.8,26.2,-0.7],"to":[10.8,29.2,2.3],"rotation":{"angle":0,"axis":"y","origin":[15.8,31.2,16.3]},"faces":{"north":{"uv":[4,0,6,2],"texture":"#2"},"east":{"uv":[4,0,6,2],"texture":"#2"},"south":{"uv":[4,0,6,2],"texture":"#2"},"west":{"uv":[4,0,6,2],"texture":"#2"},"up":{"uv":[4,0,6,2],"texture":"#2"},"down":{"uv":[4,0,6,2],"texture":"#2"}}}],"display":{"thirdperson_righthand":{"rotation":[45,-155,0],"translation":[0.75,4.75,-0.75],"scale":[0.2,0.2,0.2]},"thirdperson_lefthand":{"scale":[0.5,0.5,0.5]},"firstperson_righthand":{"rotation":[-10,-133,0],"translation":[3.25,5.75,0.75],"scale":[0.3,0.3,0.3]},"firstperson_lefthand":{"scale":[0.5,0.5,0.5]},"ground":{"translation":[0,4.25,0],"scale":[0.15,0.15,0.15]},"gui":{"rotation":[15,-34,0],"scale":[0.31,0.31,0.31]},"head":{"translation":[0,-5,0],"scale":[1.6,1.6,1.6]},"fixed":{"rotation":[0,180,0],"translation":[0,0.5,-1.75],"scale":[0.3,0.3,0.3]}},"groups":[{"name":"tree","origin":[8,8,8],"children":[0,1,2,3,4]},{"name":"balls","origin":[8,8,8],"children":[{"name":"group","origin":[8,8,8],"children":[{"name":"ball","origin":[8,8,8],"children":[5,6]},{"name":"ball","origin":[8,8,8],"children":[7,8]},{"name":"ball","origin":[8,8,8],"children":[9,10]}]},{"name":"group","origin":[8,8,8],"children":[{"name":"ball","origin":[8,8,8],"children":[11,12]},{"name":"ball","origin":[8,8,8],"children":[13,14]},{"name":"ball","origin":[8,8,8],"children":[15,16]}]},{"name":"group","origin":[8,8,8],"children":[{"name":"ball","origin":[8,8,8],"children":[17,18]},{"name":"ball","origin":[8,8,8],"children":[19,20]},{"name":"ball","origin":[8,8,8],"children":[21,22]}]},{"name":"group","origin":[8,8,8],"children":[{"name":"ball","origin":[8,8,8],"children":[23,24]},{"name":"ball","origin":[8,8,8],"children":[25,26]},{"name":"ball","origin":[8,8,8],"children":[27,28]}]}]},{"name":"balls","origin":[8,8,8],"children":[{"name":"group","origin":[8,8,8],"children":[{"name":"ball","origin":[8,8,8],"children":[29,30]},{"name":"ball","origin":[8,8,8],"children":[31,32]},{"name":"ball","origin":[8,8,8],"children":[33,34]}]},{"name":"group","origin":[8,8,8],"children":[{"name":"ball","origin":[8,8,8],"children":[35,36]},{"name":"ball","origin":[8,8,8],"children":[37,38]},{"name":"ball","origin":[8,8,8],"children":[39,40]}]},{"name":"group","origin":[8,8,8],"children":[{"name":"ball","origin":[8,8,8],"children":[41,42]},{"name":"ball","origin":[8,8,8],"children":[43,44]},{"name":"ball","origin":[8,8,8],"children":[45,46]}]},{"name":"group","origin":[8,8,8],"children":[{"name":"ball","origin":[8,8,8],"children":[47,48]},{"name":"ball","origin":[8,8,8],"children":[49,50]},{"name":"ball","origin":[8,8,8],"children":[51,52]}]}]},{"name":"ball","origin":[8,8,8],"children":[53,54]},{"name":"ball","origin":[8,8,8],"children":[55,56]},{"name":"ball","origin":[8,8,8],"children":[57,58]},{"name":"ball","origin":[8,8,8],"children":[59,60]},{"name":"ball","origin":[8,8,8],"children":[61,62]},{"name":"ball","origin":[8,8,8],"children":[63,64]},{"name":"ball","origin":[8,8,8],"children":[65,66]},{"name":"ball","origin":[8,8,8],"children":[67,68]},{"name":"ball","origin":[8,8,8],"children":[69,70]},{"name":"ball","origin":[8,8,8],"children":[71,72]},{"name":"ball","origin":[8,8,8],"children":[73,74]},{"name":"ball","origin":[8,8,8],"children":[75,76]},{"name":"ball","origin":[8,8,8],"children":[77,78]},{"name":"ball","origin":[8,8,8],"children":[79,80]},{"name":"ball","origin":[8,8,8],"children":[81,82]},{"name":"ball","origin":[8,8,8],"children":[83,84]}]}