{"credit":"MadewithBlockbench","textures":{"1":"itemsadder:item/christmas_candle/leaves","2":"block/glass","3":"itemsadder:item/christmas_candle/red_candle","4":"itemsadder:item/christmas_candle/fire","5":"block/sand","particle":"block/glass"},"elements":[{"from":[11.7,2,4.3],"to":[12,10,11.7],"rotation":{"angle":0,"axis":"y","origin":[8,10,8]},"faces":{"north":{"uv":[0,0,1,15],"texture":"#2"},"east":{"uv":[1,0,15,16],"texture":"#2"},"south":{"uv":[0,0,16,1],"texture":"#2"},"west":{"uv":[0,0,16,16],"texture":"#2"},"up":{"uv":[0,0,16,1],"texture":"#2"},"down":{"uv":[0,0,16,1],"texture":"#2"}}},{"from":[4.06371,1.74977,4.1],"to":[11.96371,2.04977,11.9],"rotation":{"angle":0,"axis":"z","origin":[11.85697,6.00674,7.9863]},"faces":{"north":{"uv":[0,0,1,15],"rotation":90,"texture":"#2"},"east":{"uv":[0,0,16,1],"rotation":270,"texture":"#2"},"south":{"uv":[0,0,16,1],"rotation":270,"texture":"#2"},"west":{"uv":[0,0,16,1],"rotation":270,"texture":"#2"},"up":{"uv":[1,0,15,16],"rotation":270,"texture":"#2"},"down":{"uv":[0,0,16,16],"rotation":270,"texture":"#2"}}},{"from":[4,2,4.3],"to":[4.3,10,11.7],"rotation":{"angle":0,"axis":"y","origin":[8,10,8]},"faces":{"north":{"uv":[0,0,16,1],"texture":"#2"},"east":{"uv":[0,0,16,16],"texture":"#2"},"south":{"uv":[0,0,16,1],"texture":"#2"},"west":{"uv":[1,0,15,16],"texture":"#2"},"up":{"uv":[0,0,16,1],"texture":"#2"},"down":{"uv":[0,0,16,1],"texture":"#2"}}},{"from":[4.3,2,4],"to":[11.7,10,4.3],"rotation":{"angle":0,"axis":"y","origin":[8,10,8]},"faces":{"north":{"uv":[1,0,15,16],"texture":"#2"},"east":{"uv":[0,0,16,1],"texture":"#2"},"south":{"uv":[0,0,16,16],"texture":"#2"},"west":{"uv":[0,0,16,1],"texture":"#2"},"up":{"uv":[0,0,16,1],"rotation":270,"texture":"#2"},"down":{"uv":[0,0,16,1],"rotation":90,"texture":"#2"}}},{"from":[4.3,2,11.7],"to":[11.7,10,12],"rotation":{"angle":0,"axis":"y","origin":[8,10,8]},"faces":{"north":{"uv":[0,0,16,16],"texture":"#2"},"east":{"uv":[0,0,16,1],"texture":"#2"},"south":{"uv":[1,0,15,16],"texture":"#2"},"west":{"uv":[0,0,16,1],"texture":"#2"},"up":{"uv":[0,0,16,1],"rotation":270,"texture":"#2"},"down":{"uv":[0,0,16,1],"rotation":90,"texture":"#2"}}},{"from":[7,2.4,7],"to":[9,12,9],"rotation":{"angle":0,"axis":"y","origin":[8,10,8]},"faces":{"north":{"uv":[0,0,2,10],"texture":"#3"},"east":{"uv":[0,0,2,10],"texture":"#3"},"south":{"uv":[0,0,2,10],"texture":"#3"},"west":{"uv":[0,0,2,10],"texture":"#3"},"up":{"uv":[0,0,2,10],"texture":"#3"},"down":{"uv":[0,0,2,10],"texture":"#3"}}},{"from":[4.4,2,4.6],"to":[11.4,6.3,11.4],"rotation":{"angle":0,"axis":"y","origin":[8,10,8]},"faces":{"north":{"uv":[0,0,16,16],"texture":"#5"},"east":{"uv":[0,0,16,16],"texture":"#5"},"south":{"uv":[0,0,16,16],"texture":"#5"},"west":{"uv":[0,0,16,16],"texture":"#5"},"up":{"uv":[0,0,16,16],"texture":"#5"},"down":{"uv":[0,0,16,16],"texture":"#5"}}},{"from":[7.5,12,8],"to":[8.5,13,8],"rotation":{"angle":0,"axis":"y","origin":[8,10,8]},"faces":{"north":{"uv":[0,0,16,16],"texture":"#4"},"east":{"uv":[0,0,1,2],"texture":"#4"},"south":{"uv":[0,0,16,16],"texture":"#4"},"west":{"uv":[0,0,1,2],"texture":"#4"},"up":{"uv":[0,0,1,2],"texture":"#4"},"down":{"uv":[0,0,1,2],"texture":"#4"}}},{"from":[8.00001,12,7.50873],"to":[8.00001,13,8.50873],"rotation":{"angle":0,"axis":"y","origin":[7.99564,12.49999,8.00437]},"faces":{"north":{"uv":[0,0,1,2],"texture":"#4"},"east":{"uv":[0,0,16,16],"texture":"#4"},"south":{"uv":[0,0,1,2],"texture":"#4"},"west":{"uv":[0,0,16,16],"texture":"#4"},"up":{"uv":[0,0,1,2],"texture":"#4"},"down":{"uv":[0,0,1,2],"texture":"#4"}}},{"from":[0,0,0],"to":[16,2.7,16],"faces":{"north":{"uv":[0,0,8,1.7],"texture":"#1"},"east":{"uv":[0,0,8,1.7],"texture":"#1"},"south":{"uv":[0,0,8,1.7],"texture":"#1"},"west":{"uv":[0,0,8,1.7],"texture":"#1"},"up":{"uv":[0,0,9,7.45],"texture":"#1"},"down":{"uv":[0,0,9,7.45],"texture":"#1"}}}],"display":{"thirdperson_righthand":{"rotation":[45,-155,0],"translation":[0.75,2.5,-0.5],"scale":[0.2,0.2,0.2]},"thirdperson_lefthand":{"scale":[0.5,0.5,0.5]},"firstperson_righthand":{"rotation":[-10,-133,0],"translation":[1.25,3.75,1.75],"scale":[0.3,0.3,0.3]},"firstperson_lefthand":{"scale":[0.5,0.5,0.5]},"ground":{"translation":[0,1,0],"scale":[0.15,0.15,0.15]},"gui":{"rotation":[15,45,0],"translation":[0,1.75,0],"scale":[0.7,0.7,0.7]},"head":{"translation":[0,-18.5,0],"scale":[1.6,1.6,1.6]},"fixed":{"rotation":[0,180,0],"translation":[0,0.5,-1.75],"scale":[0.6,0.6,0.6]}},"groups":[{"name":"tree","origin":[8,8,8],"children":[0,1,2,3,4,5,6,7,8]},9]}