{"__comment":"ModelgeneratedusingMrCrayfish'sModelCreator(https://mrcrayfish.com/tools?id=mc)","textures":{"cigar":"itemsadder:item/cigar/cigar"},"display":{"gui":{"rotation":[90,0,0],"translation":[0.5,0,0],"scale":[1,1,1]},"ground":{"rotation":[-45,0,90],"translation":[0,0.75,0],"scale":[0.2,0.2,0.2]},"fixed":{"rotation":[90,0,180],"translation":[0,0.5,-0.5],"scale":[0.5,0.5,0.5]},"head":{"rotation":[80,0,120],"translation":[1.25,-4.25,-9.4],"scale":[0.9,0.9,0.9]},"firstperson_righthand":{"rotation":[92,0,90],"translation":[0,3,-0.5],"scale":[0.5,0.5,0.5]},"thirdperson_righthand":{"rotation":[97,0,90],"translation":[-1,0.2,-0.35],"scale":[0.5,0.5,0.5]}},"elements":[{"name":"Cube","from":[3,5,7],"to":[13,7,9],"faces":{"north":{"texture":"#cigar","uv":[0,0,10,2],"rotation":180},"east":{"texture":"#cigar","uv":[14,0,16,2]},"south":{"texture":"#cigar","uv":[0,0,10,2]},"west":{"texture":"#cigar","uv":[11,0,13,2]},"up":{"texture":"#cigar","uv":[0,0,10,2]},"down":{"texture":"#cigar","uv":[0,0,10,2]}}}]}