{"__comment":"ModelgeneratedusingMrCrayfish'sModelCreator(https://mrcrayfish.com/tools?id=mc)","textures":{"1":"itemsadder:item/cuchillos/tactico"},"display":{"gui":{"rotation":[30,45,0],"translation":[-0.5,1,0],"scale":[1.225,1.225,1.225]},"ground":{"rotation":[0,0,0],"translation":[0,4.5,0],"scale":[1.05,0.95,0.95]},"fixed":{"rotation":[0,180,0],"translation":[0,0,0],"scale":[1,1,1]},"head":{"rotation":[0,180,0],"translation":[0,0,0],"scale":[1,1,1]},"firstperson_righthand":{"rotation":[0,90,0],"translation":[-1,7,0],"scale":[0.8,0.8,0.8]},"thirdperson_righthand":{"rotation":[0,90,0],"translation":[-0.3,2,0],"scale":[0.675,0.675,0.675]}},"elements":[{"name":"Cube","from":[7.2,1.5,8.2],"to":[8.8,6,8.8],"faces":{"north":{"texture":"#1","uv":[1,1,2.6,5.5]},"east":{"texture":"#1","uv":[1,1,1.6,5.5]},"south":{"texture":"#1","uv":[1,1,2.6,5.5]},"west":{"texture":"#1","uv":[2,1,2.6,5.5]},"down":{"texture":"#1","uv":[2,3,3.6,3.6]}}},{"name":"Cube","from":[7.2,7.5,8.2],"to":[8.8,10,8.8],"faces":{"north":{"texture":"#1","uv":[6,3,7.6,5]},"east":{"texture":"#1","uv":[6,4,6.6,6]},"south":{"texture":"#1","uv":[6,3,7.6,5]},"west":{"texture":"#1","uv":[7,4,7.6,6]},"down":{"texture":"#1","uv":[6,4,7.6,4.6]}}},{"name":"Cube","from":[8.8,1.5,8.2],"to":[9.3,2.2,8.8],"faces":{"north":{"texture":"#1","uv":[1,5,1.5,5.7]},"east":{"texture":"#1","uv":[1,5,1.6,5.7]},"south":{"texture":"#1","uv":[1,5,1.5,5.7]},"up":{"texture":"#1","uv":[2,5,2.5,5.6]},"down":{"texture":"#1","uv":[0,0,0.5,0.6]}}},{"name":"Cube","from":[7.1,0.9,8.1],"to":[9.4,1.5,8.9],"faces":{"north":{"texture":"#1","uv":[0,0,2.3,0.6]},"east":{"texture":"#1","uv":[0,0,0.8,0.6]},"south":{"texture":"#1","uv":[1,0,2.3,0.6]},"west":{"texture":"#1","uv":[0,0,0.8,0.6]},"up":{"texture":"#1","uv":[0,0,2.3,0.8]},"down":{"texture":"#1","uv":[0,0,2.3,0.8]}}},{"name":"Cube","from":[6.3,6,8],"to":[9.8,6.4,9],"faces":{"north":{"texture":"#1","uv":[0,0,3.5,0.4]},"east":{"texture":"#1","uv":[0,0,1,0.4]},"south":{"texture":"#1","uv":[0,0,3.5,0.4]},"west":{"texture":"#1","uv":[0,0,1,0.4]},"up":{"texture":"#1","uv":[0,0,3.5,1]},"down":{"texture":"#1","uv":[0,0,3.5,1]}}},{"name":"Cube","from":[7.2,10,8.2],"to":[8.8,12,8.8],"faces":{"north":{"texture":"#1","uv":[6,2,7.6,4]},"east":{"texture":"#1","uv":[6,2,6.6,4]},"south":{"texture":"#1","uv":[6,2,7.6,4]},"west":{"texture":"#1","uv":[7,3,7.6,5]},"up":{"texture":"#1","uv":[6,3,7.6,3.6]}}},{"name":"Cube","from":[7.3,12,8.2],"to":[8.6,13,8.8],"faces":{"north":{"texture":"#1","uv":[6,1,7.6,3]},"east":{"texture":"#1","uv":[6,1,6.6,3]},"south":{"texture":"#1","uv":[6,1,7.6,3]},"west":{"texture":"#1","uv":[6,1,6.6,3]},"up":{"texture":"#1","uv":[6,1,7.6,1.6]}}},{"name":"Cube","from":[7.4,13,8.2],"to":[8.4,14,8.8],"faces":{"north":{"texture":"#1","uv":[6,0,7.6,2]},"east":{"texture":"#1","uv":[6,1,6.6,3]},"south":{"texture":"#1","uv":[6,1,7.6,3]},"west":{"texture":"#1","uv":[6,0,6.6,2]},"up":{"texture":"#1","uv":[6,0,7.6,0.6]}}},{"name":"Cube","from":[7,8,8.2],"to":[7.2,8.3,8.8],"faces":{"north":{"texture":"#1","uv":[6,2,7.6,4]},"south":{"texture":"#1","uv":[6,3,7.6,5]},"west":{"texture":"#1","uv":[6,4,6.6,6]},"up":{"texture":"#1","uv":[6,3,7.6,3.6]},"down":{"texture":"#1","uv":[6,3,7.6,3.6]}}},{"name":"Cube","from":[7.2,6.4,8.2],"to":[8.8,7.2,8.8],"faces":{"north":{"texture":"#1","uv":[6,6,7.6,8]},"east":{"texture":"#1","uv":[6,5,6.6,7]},"south":{"texture":"#1","uv":[6,6,7.6,8]},"west":{"texture":"#1","uv":[7,5,7.6,7]},"up":{"texture":"#1","uv":[6,5,7.6,5.6]}}},{"name":"Cube","from":[7.2,7.2,8.2],"to":[8.5,7.5,8.8],"faces":{"north":{"texture":"#1","uv":[6,1,7.3,1.3]},"east":{"texture":"#1","uv":[6,3,6.6,5]},"south":{"texture":"#1","uv":[6,2,7.3,2.3]},"west":{"texture":"#1","uv":[7,4,7.6,6]},"up":{"texture":"#1","uv":[6,4,7.6,4.6]},"down":{"texture":"#1","uv":[6,3,7.6,3.6]}}},{"name":"Cube","from":[7,8.5,8.2],"to":[7.2,8.8,8.8],"faces":{"north":{"texture":"#1","uv":[6,2,7.6,4]},"south":{"texture":"#1","uv":[6,3,7.6,5]},"west":{"texture":"#1","uv":[6,4,6.6,6]},"up":{"texture":"#1","uv":[6,3,7.6,3.6]},"down":{"texture":"#1","uv":[6,3,7.6,3.6]}}},{"name":"Cube","from":[7,9,8.2],"to":[7.2,9.3,8.8],"faces":{"north":{"texture":"#1","uv":[6,2,7.6,4]},"south":{"texture":"#1","uv":[6,3,7.6,5]},"west":{"texture":"#1","uv":[6,4,6.6,6]},"up":{"texture":"#1","uv":[6,3,7.6,3.6]},"down":{"texture":"#1","uv":[6,3,7.6,3.6]}}},{"name":"Cube","from":[7,9.5,8.2],"to":[7.2,9.8,8.8],"faces":{"north":{"texture":"#1","uv":[6,2,7.6,4]},"south":{"texture":"#1","uv":[6,3,7.6,5]},"west":{"texture":"#1","uv":[6,4,6.6,6]},"up":{"texture":"#1","uv":[6,3,7.6,3.6]},"down":{"texture":"#1","uv":[6,3,7.6,3.6]}}},{"name":"Cube","from":[7,10,8.2],"to":[7.2,10.3,8.8],"faces":{"north":{"texture":"#1","uv":[6,2,7.6,4]},"east":{"texture":"#1","uv":[7,4,7.6,6]},"south":{"texture":"#1","uv":[6,3,7.6,5]},"west":{"texture":"#1","uv":[6,4,6.6,6]},"up":{"texture":"#1","uv":[6,3,7.6,3.6]},"down":{"texture":"#1","uv":[6,3,7.6,3.6]}}},{"name":"Cube","from":[7,10.5,8.2],"to":[7.2,10.8,8.8],"faces":{"north":{"texture":"#1","uv":[6,2,7.6,4]},"south":{"texture":"#1","uv":[6,3,7.6,5]},"west":{"texture":"#1","uv":[6,4,6.6,6]},"up":{"texture":"#1","uv":[6,3,7.6,3.6]},"down":{"texture":"#1","uv":[6,3,7.6,3.6]}}},{"name":"Cube","from":[7,11,8.2],"to":[7.2,11.3,8.8],"faces":{"north":{"texture":"#1","uv":[6,2,7.6,4]},"south":{"texture":"#1","uv":[6,3,7.6,5]},"west":{"texture":"#1","uv":[6,4,6.6,6]},"up":{"texture":"#1","uv":[6,3,7.6,3.6]},"down":{"texture":"#1","uv":[6,3,7.6,3.6]}}},{"name":"Cube","from":[7,11.5,8.2],"to":[7.2,11.8,8.8],"faces":{"north":{"texture":"#1","uv":[6,2,7.6,4]},"south":{"texture":"#1","uv":[6,3,7.6,5]},"west":{"texture":"#1","uv":[6,4,6.6,6]},"up":{"texture":"#1","uv":[6,3,7.6,3.6]},"down":{"texture":"#1","uv":[6,3,7.6,3.6]}}}]}