{"credit":"MadewithBlockbench","textures":{"1":"itemsadder:item/decorative_pumpkin/pumpkin","2":"itemsadder:item/decorative_pumpkin/pumpkin_side","4":"itemsadder:item/decorative_pumpkin/fire","6":"itemsadder:item/decorative_pumpkin/red_candle","7":"itemsadder:item/decorative_pumpkin/white_candle","9":"itemsadder:item/decorative_pumpkin/candle_top"},"elements":[{"name":"fire0","from":[3.9,17.1,12],"to":[4.3,18.2,12],"rotation":{"angle":0,"axis":"y","origin":[8,20.9,10.4]},"faces":{"north":{"uv":[0,0,15.8,16],"texture":"#4"},"east":{"uv":[0,0,15.8,16],"texture":"#4"},"south":{"uv":[0,0,15.8,16],"texture":"#4"},"west":{"uv":[0,0,15.8,16],"texture":"#4"},"up":{"uv":[0,0,15.8,16],"texture":"#4"},"down":{"uv":[0,0,15.8,16],"texture":"#4"}}},{"name":"fire1","from":[4.08055,17.09035,11.82908],"to":[4.08055,18.19035,12.22908],"rotation":{"angle":0,"axis":"y","origin":[8,20.9,10.4]},"faces":{"north":{"uv":[0,0,15.8,16],"texture":"#4"},"east":{"uv":[0,0,15.8,16],"texture":"#4"},"south":{"uv":[0,0,15.8,16],"texture":"#4"},"west":{"uv":[0,0,15.8,16],"texture":"#4"},"up":{"uv":[0,0,15.8,16],"texture":"#4"},"down":{"uv":[0,0,15.8,16],"texture":"#4"}}},{"from":[4,15.4,12.2],"to":[4.1,17.1,12.3],"rotation":{"angle":-45,"axis":"y","origin":[4.365,15.215,12.22]},"faces":{"north":{"uv":[0,0,16,16],"texture":"#9"},"east":{"uv":[0,0,16,16],"texture":"#9"},"south":{"uv":[0,0,16,16],"texture":"#9"},"west":{"uv":[0,0,16,16],"texture":"#9"},"up":{"uv":[0,0,16,16],"texture":"#9"},"down":{"uv":[0,0,16,16],"texture":"#9"}}},{"from":[3.9,17,12.2],"to":[4,17.4,12.3],"rotation":{"angle":-45,"axis":"y","origin":[4.365,15.215,12.22]},"faces":{"north":{"uv":[0,0,16,16],"texture":"#7"},"east":{"uv":[0,0,16,16],"texture":"#7"},"south":{"uv":[0,0,16,16],"texture":"#7"},"west":{"uv":[0,0,16,16],"texture":"#7"},"up":{"uv":[0,0,16,16],"texture":"#7"},"down":{"uv":[0,0,16,16],"texture":"#7"}}},{"from":[3,12.9,11.3],"to":[5,16.9,13.3],"rotation":{"angle":-45,"axis":"y","origin":[4.365,15.215,12.22]},"faces":{"north":{"uv":[0,0,16,16],"texture":"#7"},"east":{"uv":[0,0,16,16],"texture":"#7"},"south":{"uv":[0,0,16,16],"texture":"#7"},"west":{"uv":[0,0,16,16],"texture":"#7"},"up":{"uv":[0,0,16,16],"texture":"#7"},"down":{"uv":[0,0,16,16],"texture":"#7"}}},{"from":[2,12.9,10.3],"to":[3,13.9,13.3],"rotation":{"angle":-45,"axis":"y","origin":[4.365,15.215,12.22]},"faces":{"north":{"uv":[0,0,16,16],"texture":"#7"},"east":{"uv":[0,0,16,16],"texture":"#7"},"south":{"uv":[0,0,16,16],"texture":"#7"},"west":{"uv":[0,0,16,16],"texture":"#7"},"up":{"uv":[0,0,16,16],"texture":"#7"},"down":{"uv":[0,0,16,16],"texture":"#7"}}},{"from":[3,12.9,10.3],"to":[3.9,13.9,11.3],"rotation":{"angle":-45,"axis":"y","origin":[4.365,15.215,12.22]},"faces":{"north":{"uv":[0,0,16,16],"texture":"#7"},"east":{"uv":[0,0,16,16],"texture":"#7"},"south":{"uv":[0,0,16,16],"texture":"#7"},"west":{"uv":[0,0,16,16],"texture":"#7"},"up":{"uv":[0,0,16,16],"texture":"#7"},"down":{"uv":[0,0,16,16],"texture":"#7"}}},{"from":[5,14.4,12.7],"to":[5.4,16.7,13.3],"rotation":{"angle":-45,"axis":"y","origin":[4.365,15.215,12.22]},"faces":{"north":{"uv":[0,0,16,16],"texture":"#7"},"east":{"uv":[0,0,16,16],"texture":"#7"},"south":{"uv":[0,0,16,16],"texture":"#7"},"west":{"uv":[0,0,16,16],"texture":"#7"},"up":{"uv":[0,0,16,16],"texture":"#7"},"down":{"uv":[0,0,16,16],"texture":"#7"}}},{"from":[4.8,16.1,12.1],"to":[5.4,16.7,12.7],"rotation":{"angle":-45,"axis":"y","origin":[4.365,15.215,12.22]},"faces":{"north":{"uv":[0,0,16,16],"texture":"#7"},"east":{"uv":[0,0,16,16],"texture":"#7"},"south":{"uv":[0,0,16,16],"texture":"#7"},"west":{"uv":[0,0,16,16],"texture":"#7"},"up":{"uv":[0,0,16,16],"texture":"#7"},"down":{"uv":[0,0,16,16],"texture":"#7"}}},{"from":[4.6,14.4,10.9],"to":[5,16.7,11.3],"rotation":{"angle":-45,"axis":"y","origin":[4.365,15.215,12.22]},"faces":{"north":{"uv":[0,0,16,16],"texture":"#7"},"east":{"uv":[0,0,16,16],"texture":"#7"},"south":{"uv":[0,0,16,16],"texture":"#7"},"west":{"uv":[0,0,16,16],"texture":"#7"},"up":{"uv":[0,0,16,16],"texture":"#7"},"down":{"uv":[0,0,16,16],"texture":"#7"}}},{"from":[4,16.1,10.9],"to":[4.6,16.7,11.4],"rotation":{"angle":-45,"axis":"y","origin":[4.365,15.215,12.22]},"faces":{"north":{"uv":[0,0,16,16],"texture":"#7"},"east":{"uv":[0,0,16,16],"texture":"#7"},"south":{"uv":[0,0,16,16],"texture":"#7"},"west":{"uv":[0,0,16,16],"texture":"#7"},"up":{"uv":[0,0,16,16],"texture":"#7"},"down":{"uv":[0,0,16,16],"texture":"#7"}}},{"from":[3.7,12.9,12.3],"to":[5.4,13.9,13.9],"rotation":{"angle":-45,"axis":"y","origin":[4.365,15.215,12.22]},"faces":{"north":{"uv":[0,0,16,16],"texture":"#7"},"east":{"uv":[0,0,16,16],"texture":"#7"},"south":{"uv":[0,0,16,16],"texture":"#7"},"west":{"uv":[0,0,16,16],"texture":"#7"},"up":{"uv":[0,0,16,16],"texture":"#7"},"down":{"uv":[0,0,16,16],"texture":"#7"}}},{"from":[5.4,12.9,12.3],"to":[5.9,13.3,13.3],"rotation":{"angle":-45,"axis":"y","origin":[4.365,15.215,12.22]},"faces":{"north":{"uv":[0,0,16,16],"texture":"#7"},"east":{"uv":[0,0,16,16],"texture":"#7"},"south":{"uv":[0,0,16,16],"texture":"#7"},"west":{"uv":[0,0,16,16],"texture":"#7"},"up":{"uv":[0,0,16,16],"texture":"#7"},"down":{"uv":[0,0,16,16],"texture":"#7"}}},{"name":"fire0","from":[3.8,19.2,5.5],"to":[4.4,20.3,5.5],"rotation":{"angle":0,"axis":"y","origin":[8,20.9,10.4]},"faces":{"north":{"uv":[0,0,15.8,16],"texture":"#4"},"east":{"uv":[0,0,15.8,16],"texture":"#4"},"south":{"uv":[0,0,15.8,16],"texture":"#4"},"west":{"uv":[0,0,15.8,16],"texture":"#4"},"up":{"uv":[0,0,15.8,16],"texture":"#4"},"down":{"uv":[0,0,15.8,16],"texture":"#4"}}},{"name":"fire1","from":[4.08055,19.19035,5.12908],"to":[4.08055,20.29035,5.72908],"rotation":{"angle":0,"axis":"y","origin":[8,20.9,10.4]},"faces":{"north":{"uv":[0,0,15.8,16],"texture":"#4"},"east":{"uv":[0,0,15.8,16],"texture":"#4"},"south":{"uv":[0,0,15.8,16],"texture":"#4"},"west":{"uv":[0,0,15.8,16],"texture":"#4"},"up":{"uv":[0,0,15.8,16],"texture":"#4"},"down":{"uv":[0,0,15.8,16],"texture":"#4"}}},{"from":[4,17.9,5.3],"to":[4.1,19.6,5.4],"rotation":{"angle":22.5,"axis":"y","origin":[4.365,16.655,5.32]},"faces":{"north":{"uv":[0,0,16,16],"texture":"#9"},"east":{"uv":[0,0,16,16],"texture":"#9"},"south":{"uv":[0,0,16,16],"texture":"#9"},"west":{"uv":[0,0,16,16],"texture":"#9"},"up":{"uv":[0,0,16,16],"texture":"#9"},"down":{"uv":[0,0,16,16],"texture":"#9"}}},{"from":[3,12.9,4.4],"to":[5,18.9,6.4],"rotation":{"angle":22.5,"axis":"y","origin":[4.365,16.655,5.32]},"faces":{"north":{"uv":[0,0,16,16],"texture":"#6"},"east":{"uv":[0,0,16,16],"texture":"#6"},"south":{"uv":[0,0,16,16],"texture":"#6"},"west":{"uv":[0,0,16,16],"texture":"#6"},"up":{"uv":[0,0,16,16],"texture":"#6"},"down":{"uv":[0,0,16,16],"texture":"#6"}}},{"from":[2,12.9,3.4],"to":[4,13.9,6.3],"rotation":{"angle":22.5,"axis":"y","origin":[4.365,16.655,5.32]},"faces":{"north":{"uv":[0,0,16,16],"texture":"#6"},"east":{"uv":[0,0,16,16],"texture":"#6"},"south":{"uv":[0,0,16,16],"texture":"#6"},"west":{"uv":[0,0,16,16],"texture":"#6"},"up":{"uv":[0,0,16,16],"texture":"#6"},"down":{"uv":[0,0,16,16],"texture":"#6"}}},{"from":[4.8,16.5,5.8],"to":[5.4,18.8,6.4],"rotation":{"angle":22.5,"axis":"y","origin":[4.365,16.655,5.32]},"faces":{"north":{"uv":[0,0,16,16],"texture":"#6"},"east":{"uv":[0,0,16,16],"texture":"#6"},"south":{"uv":[0,0,16,16],"texture":"#6"},"west":{"uv":[0,0,16,16],"texture":"#6"},"up":{"uv":[0,0,16,16],"texture":"#6"},"down":{"uv":[0,0,16,16],"texture":"#6"}}},{"from":[4.8,18.2,5.2],"to":[5.4,18.8,5.8],"rotation":{"angle":22.5,"axis":"y","origin":[4.365,16.655,5.32]},"faces":{"north":{"uv":[0,0,16,16],"texture":"#6"},"east":{"uv":[0,0,16,16],"texture":"#6"},"south":{"uv":[0,0,16,16],"texture":"#6"},"west":{"uv":[0,0,16,16],"texture":"#6"},"up":{"uv":[0,0,16,16],"texture":"#6"},"down":{"uv":[0,0,16,16],"texture":"#6"}}},{"from":[4.6,16.5,4],"to":[5,18.8,4.4],"rotation":{"angle":22.5,"axis":"y","origin":[4.365,16.655,5.32]},"faces":{"north":{"uv":[0,0,16,16],"texture":"#6"},"east":{"uv":[0,0,16,16],"texture":"#6"},"south":{"uv":[0,0,16,16],"texture":"#6"},"west":{"uv":[0,0,16,16],"texture":"#6"},"up":{"uv":[0,0,16,16],"texture":"#6"},"down":{"uv":[0,0,16,16],"texture":"#6"}}},{"from":[4,18.2,4],"to":[4.6,18.8,4.4],"rotation":{"angle":22.5,"axis":"y","origin":[4.365,16.655,5.32]},"faces":{"north":{"uv":[0,0,16,16],"texture":"#6"},"east":{"uv":[0,0,16,16],"texture":"#6"},"south":{"uv":[0,0,16,16],"texture":"#6"},"west":{"uv":[0,0,16,16],"texture":"#6"},"up":{"uv":[0,0,16,16],"texture":"#6"},"down":{"uv":[0,0,16,16],"texture":"#6"}}},{"from":[3.7,12.9,5.4],"to":[5.4,13.9,7],"rotation":{"angle":22.5,"axis":"y","origin":[4.365,16.655,5.32]},"faces":{"north":{"uv":[0,0,16,16],"texture":"#6"},"east":{"uv":[0,0,16,16],"texture":"#6"},"south":{"uv":[0,0,16,16],"texture":"#6"},"west":{"uv":[0,0,16,16],"texture":"#6"},"up":{"uv":[0,0,16,16],"texture":"#6"},"down":{"uv":[0,0,16,16],"texture":"#6"}}},{"from":[3.7,12.9,5.5],"to":[5.9,13.3,6.4],"rotation":{"angle":22.5,"axis":"y","origin":[4.365,16.655,5.32]},"faces":{"north":{"uv":[0,0,16,16],"texture":"#6"},"east":{"uv":[0,0,16,16],"texture":"#6"},"south":{"uv":[0,0,16,16],"texture":"#6"},"west":{"uv":[0,0,16,16],"texture":"#6"},"up":{"uv":[0,0,16,16],"texture":"#6"},"down":{"uv":[0,0,16,16],"texture":"#6"}}},{"from":[11.95693,17.9,6.24396],"to":[12.05693,19.6,6.34396],"rotation":{"angle":22.5,"axis":"y","origin":[13.43693,16.655,7.70896]},"faces":{"north":{"uv":[0,0,16,16],"texture":"#9"},"east":{"uv":[0,0,16,16],"texture":"#9"},"south":{"uv":[0,0,16,16],"texture":"#9"},"west":{"uv":[0,0,16,16],"texture":"#9"},"up":{"uv":[0,0,16,16],"texture":"#9"},"down":{"uv":[0,0,16,16],"texture":"#9"}}},{"from":[11.95693,19.5,6.14396],"to":[12.05693,19.9,6.24396],"rotation":{"angle":22.5,"axis":"y","origin":[13.43693,16.655,7.70896]},"faces":{"north":{"uv":[0,0,16,16],"texture":"#7"},"east":{"uv":[0,0,16,16],"texture":"#7"},"south":{"uv":[0,0,16,16],"texture":"#7"},"west":{"uv":[0,0,16,16],"texture":"#7"},"up":{"uv":[0,0,16,16],"texture":"#7"},"down":{"uv":[0,0,16,16],"texture":"#7"}}},{"from":[10.95693,12.9,5.24396],"to":[12.95693,18.9,7.24396],"rotation":{"angle":22.5,"axis":"y","origin":[13.43693,16.655,7.70896]},"faces":{"north":{"uv":[0,0,16,16],"texture":"#7"},"east":{"uv":[0,0,16,16],"texture":"#7"},"south":{"uv":[0,0,16,16],"texture":"#7"},"west":{"uv":[0,0,16,16],"texture":"#7"},"up":{"uv":[0,0,16,16],"texture":"#7"},"down":{"uv":[0,0,16,16],"texture":"#7"}}},{"from":[11.05693,12.9,4.24396],"to":[13.95693,13.9,6.24396],"rotation":{"angle":22.5,"axis":"y","origin":[13.43693,16.655,7.70896]},"faces":{"north":{"uv":[0,0,16,16],"texture":"#7"},"east":{"uv":[0,0,16,16],"texture":"#7"},"south":{"uv":[0,0,16,16],"texture":"#7"},"west":{"uv":[0,0,16,16],"texture":"#7"},"up":{"uv":[0,0,16,16],"texture":"#7"},"down":{"uv":[0,0,16,16],"texture":"#7"}}},{"from":[10.95693,16.5,7.24396],"to":[11.55693,18.8,7.64396],"rotation":{"angle":22.5,"axis":"y","origin":[13.43693,16.655,7.70896]},"faces":{"north":{"uv":[0,0,16,16],"texture":"#7"},"east":{"uv":[0,0,16,16],"texture":"#7"},"south":{"uv":[0,0,16,16],"texture":"#7"},"west":{"uv":[0,0,16,16],"texture":"#7"},"up":{"uv":[0,0,16,16],"texture":"#7"},"down":{"uv":[0,0,16,16],"texture":"#7"}}},{"from":[11.55693,18.2,7.04396],"to":[12.15693,18.8,7.64396],"rotation":{"angle":22.5,"axis":"y","origin":[13.43693,16.655,7.70896]},"faces":{"north":{"uv":[0,0,16,16],"texture":"#7"},"east":{"uv":[0,0,16,16],"texture":"#7"},"south":{"uv":[0,0,16,16],"texture":"#7"},"west":{"uv":[0,0,16,16],"texture":"#7"},"up":{"uv":[0,0,16,16],"texture":"#7"},"down":{"uv":[0,0,16,16],"texture":"#7"}}},{"from":[12.95693,16.5,6.84396],"to":[13.35693,18.8,7.24396],"rotation":{"angle":22.5,"axis":"y","origin":[13.43693,16.655,7.70896]},"faces":{"north":{"uv":[0,0,16,16],"texture":"#7"},"east":{"uv":[0,0,16,16],"texture":"#7"},"south":{"uv":[0,0,16,16],"texture":"#7"},"west":{"uv":[0,0,16,16],"texture":"#7"},"up":{"uv":[0,0,16,16],"texture":"#7"},"down":{"uv":[0,0,16,16],"texture":"#7"}}},{"from":[12.85693,18.2,6.24396],"to":[13.35693,18.8,6.84396],"rotation":{"angle":22.5,"axis":"y","origin":[13.43693,16.655,7.70896]},"faces":{"north":{"uv":[0,0,16,16],"texture":"#7"},"east":{"uv":[0,0,16,16],"texture":"#7"},"south":{"uv":[0,0,16,16],"texture":"#7"},"west":{"uv":[0,0,16,16],"texture":"#7"},"up":{"uv":[0,0,16,16],"texture":"#7"},"down":{"uv":[0,0,16,16],"texture":"#7"}}},{"from":[10.35693,12.9,5.94396],"to":[11.95693,13.9,7.64396],"rotation":{"angle":22.5,"axis":"y","origin":[13.43693,16.655,7.70896]},"faces":{"north":{"uv":[0,0,16,16],"texture":"#7"},"east":{"uv":[0,0,16,16],"texture":"#7"},"south":{"uv":[0,0,16,16],"texture":"#7"},"west":{"uv":[0,0,16,16],"texture":"#7"},"up":{"uv":[0,0,16,16],"texture":"#7"},"down":{"uv":[0,0,16,16],"texture":"#7"}}},{"from":[10.95693,12.9,5.94396],"to":[11.85693,13.3,8.14396],"rotation":{"angle":22.5,"axis":"y","origin":[13.43693,16.655,7.70896]},"faces":{"north":{"uv":[0,0,16,16],"texture":"#7"},"east":{"uv":[0,0,16,16],"texture":"#7"},"south":{"uv":[0,0,16,16],"texture":"#7"},"west":{"uv":[0,0,16,16],"texture":"#7"},"up":{"uv":[0,0,16,16],"texture":"#7"},"down":{"uv":[0,0,16,16],"texture":"#7"}}},{"name":"fire0","from":[11.4,19.3,6.9],"to":[11.8,20.4,6.9],"rotation":{"angle":0,"axis":"y","origin":[8,20.9,10.4]},"faces":{"north":{"uv":[0,0,15.8,16],"texture":"#4"},"east":{"uv":[0,0,15.8,16],"texture":"#4"},"south":{"uv":[0,0,15.8,16],"texture":"#4"},"west":{"uv":[0,0,15.8,16],"texture":"#4"},"up":{"uv":[0,0,15.8,16],"texture":"#4"},"down":{"uv":[0,0,15.8,16],"texture":"#4"}}},{"name":"fire1","from":[11.58055,19.29035,6.72908],"to":[11.58055,20.39035,7.12908],"rotation":{"angle":0,"axis":"y","origin":[8,20.9,10.4]},"faces":{"north":{"uv":[0,0,15.8,16],"texture":"#4"},"east":{"uv":[0,0,15.8,16],"texture":"#4"},"south":{"uv":[0,0,15.8,16],"texture":"#4"},"west":{"uv":[0,0,15.8,16],"texture":"#4"},"up":{"uv":[0,0,15.8,16],"texture":"#4"},"down":{"uv":[0,0,15.8,16],"texture":"#4"}}},{"from":[0,0,0],"to":[16,16,2],"faces":{"north":{"uv":[0,0,16,16],"texture":"#1"},"east":{"uv":[14,0,16,16],"texture":"#2"},"south":{"uv":[0,0,16,16],"texture":"#2"},"west":{"uv":[0,0,2,16],"texture":"#2"},"up":{"uv":[0,0,16,2],"texture":"#2"},"down":{"uv":[2,0,14,2],"texture":"#2"}}},{"from":[10,0,14],"to":[14,16,16],"faces":{"north":{"uv":[0,0,16,16],"texture":"#2"},"east":{"uv":[0,0,2,16],"texture":"#2"},"south":{"uv":[10,0,14,16],"texture":"#2"},"west":{"uv":[14,0,16,16],"texture":"#2"},"up":{"uv":[0,0,16,2],"texture":"#2"},"down":{"uv":[2,14,14,16],"texture":"#2"}}},{"from":[14,0,14],"to":[16,16,16],"faces":{"north":{"uv":[0,0,16,16],"texture":"#2"},"east":{"uv":[0,0,2,16],"texture":"#2"},"south":{"uv":[14,0,16,16],"texture":"#2"},"west":{"uv":[14,0,16,16],"texture":"#2"},"up":{"uv":[0,0,16,2],"texture":"#2"},"down":{"uv":[2,14,14,16],"texture":"#2"}}},{"from":[7,0,14],"to":[10,14.9,16],"faces":{"north":{"uv":[0,0,16,16],"texture":"#2"},"east":{"uv":[0,0,2,16],"texture":"#2"},"south":{"uv":[6,0,10,16],"texture":"#2"},"west":{"uv":[14,0,16,16],"texture":"#2"},"up":{"uv":[0,0,16,2],"texture":"#2"},"down":{"uv":[2,14,14,16],"texture":"#2"}}},{"from":[0,0,14],"to":[7,13,16],"faces":{"north":{"uv":[0,0,16,16],"texture":"#2"},"east":{"uv":[0,0,2,16],"texture":"#2"},"south":{"uv":[0,0,7,16],"texture":"#2"},"west":{"uv":[14,0,16,16],"texture":"#2"},"up":{"uv":[0,0,16,2],"texture":"#2"},"down":{"uv":[2,14,14,16],"texture":"#2"}}},{"from":[2.6,6.9,8.9],"to":[3.7,13.1,16.6],"faces":{"north":{"uv":[0,0,7,16],"texture":"#7"},"east":{"uv":[0,0,7,16],"texture":"#7"},"south":{"uv":[0,0,7,16],"texture":"#7"},"west":{"uv":[0,0,7,16],"texture":"#7"},"up":{"uv":[0,0,7,16],"texture":"#7"},"down":{"uv":[0,0,7,16],"texture":"#7"}}},{"from":[-0.6,6.9,11.9],"to":[0.3,13.4,13.1],"faces":{"north":{"uv":[0,0,7,16],"texture":"#7"},"east":{"uv":[0,0,7,16],"texture":"#7"},"south":{"uv":[0,0,7,16],"texture":"#7"},"west":{"uv":[0,0,7,16],"texture":"#7"},"up":{"uv":[0,0,7,16],"texture":"#7"},"down":{"uv":[0,0,7,16],"texture":"#7"}}},{"from":[-0.6,0,12.9],"to":[0.3,8.7,13.8],"faces":{"north":{"uv":[0,0,7,16],"texture":"#7"},"east":{"uv":[0,0,7,16],"texture":"#7"},"south":{"uv":[0,0,7,16],"texture":"#7"},"west":{"uv":[0,0,7,16],"texture":"#7"},"up":{"uv":[0,0,7,16],"texture":"#7"},"down":{"uv":[0,0,7,16],"texture":"#7"}}},{"from":[0.1,12.6,11.9],"to":[4,13.4,12.8],"faces":{"north":{"uv":[0,0,7,16],"texture":"#7"},"east":{"uv":[0,0,7,16],"texture":"#7"},"south":{"uv":[0,0,7,16],"texture":"#7"},"west":{"uv":[0,0,7,16],"texture":"#7"},"up":{"uv":[0,0,7,16],"texture":"#7"},"down":{"uv":[0,0,7,16],"texture":"#7"}}},{"from":[3.7,0.1,8.9],"to":[4.8,9.1,16.6],"faces":{"north":{"uv":[0,0,7,16],"texture":"#7"},"east":{"uv":[0,0,7,16],"texture":"#7"},"south":{"uv":[0,0,7,16],"texture":"#7"},"west":{"uv":[0,0,7,16],"texture":"#7"},"up":{"uv":[0,0,7,16],"texture":"#7"},"down":{"uv":[0,0,7,16],"texture":"#7"}}},{"from":[1.5,-0.1,12.8],"to":[6.6,0.4,20.5],"faces":{"north":{"uv":[0,0,7,16],"texture":"#7"},"east":{"uv":[0,0,7,16],"texture":"#7"},"south":{"uv":[0,0,7,16],"texture":"#7"},"west":{"uv":[0,0,7,16],"texture":"#7"},"up":{"uv":[0,0,7,16],"texture":"#7"},"down":{"uv":[0,0,7,16],"texture":"#7"}}},{"from":[-3.9,-0.1,10.8],"to":[1.2,0.4,15.8],"faces":{"north":{"uv":[0,0,7,16],"texture":"#7"},"east":{"uv":[0,0,7,16],"texture":"#7"},"south":{"uv":[0,0,7,16],"texture":"#7"},"west":{"uv":[0,0,7,16],"texture":"#7"},"up":{"uv":[0,0,7,16],"texture":"#7"},"down":{"uv":[0,0,7,16],"texture":"#7"}}},{"from":[-5.8,-0.1,8.7],"to":[-0.7,0.2,13.7],"faces":{"north":{"uv":[0,0,7,16],"texture":"#7"},"east":{"uv":[0,0,7,16],"texture":"#7"},"south":{"uv":[0,0,7,16],"texture":"#7"},"west":{"uv":[0,0,7,16],"texture":"#7"},"up":{"uv":[0,0,7,16],"texture":"#7"},"down":{"uv":[0,0,7,16],"texture":"#7"}}},{"from":[4.1,-0.1,17.2],"to":[9.2,0.1,22.3],"faces":{"north":{"uv":[0,0,7,16],"texture":"#7"},"east":{"uv":[0,0,7,16],"texture":"#7"},"south":{"uv":[0,0,7,16],"texture":"#7"},"west":{"uv":[0,0,7,16],"texture":"#7"},"up":{"uv":[0,0,7,16],"texture":"#7"},"down":{"uv":[0,0,7,16],"texture":"#7"}}},{"from":[1.9,13,8.1],"to":[9.2,13.2,14.1],"faces":{"north":{"uv":[0,0,7,16],"texture":"#7"},"east":{"uv":[0,0,7,16],"texture":"#7"},"south":{"uv":[0,0,7,16],"texture":"#7"},"west":{"uv":[0,0,7,16],"texture":"#7"},"up":{"uv":[0,0,7,16],"texture":"#7"},"down":{"uv":[0,0,7,16],"texture":"#7"}}},{"from":[0,0,2],"to":[2,16,7],"faces":{"north":{"uv":[0,0,2,16],"texture":"#1"},"east":{"uv":[0,0,12,16],"texture":"#2"},"south":{"uv":[0,0,2,16],"texture":"#2"},"west":{"uv":[2,0,8,16],"texture":"#2"},"up":{"uv":[0,0,2,12],"texture":"#2"},"down":{"uv":[0,1,2,14],"texture":"#2"}}},{"from":[0,0,7],"to":[2,15,10],"faces":{"north":{"uv":[0,0,2,16],"texture":"#1"},"east":{"uv":[0,0,12,16],"texture":"#2"},"south":{"uv":[0,0,2,16],"texture":"#2"},"west":{"uv":[7,0,11,16],"texture":"#2"},"up":{"uv":[0,0,2,12],"texture":"#2"},"down":{"uv":[0,1,2,14],"texture":"#2"}}},{"from":[0,0,10],"to":[2,13.2,14],"faces":{"north":{"uv":[0,0,2,16],"texture":"#1"},"east":{"uv":[0,0,12,16],"texture":"#2"},"south":{"uv":[0,0,2,16],"texture":"#2"},"west":{"uv":[10,0,14,16],"texture":"#2"},"up":{"uv":[0,0,2,12],"texture":"#2"},"down":{"uv":[0,1,2,14],"texture":"#2"}}},{"from":[2,0,2],"to":[14,13,14],"faces":{"north":{"uv":[0,0,12,2],"texture":"#1"},"east":{"uv":[2,0,14,2],"texture":"#2"},"south":{"uv":[0,0,12,2],"texture":"#2"},"west":{"uv":[0,0,12,2],"texture":"#2"},"up":{"uv":[0,0,12,12],"texture":"#9"},"down":{"uv":[2,2,14,14],"texture":"#2"}}},{"from":[14,0,2],"to":[16,16,14],"faces":{"north":{"uv":[0,0,2,16],"texture":"#1"},"east":{"uv":[2,0,14,16],"texture":"#2"},"south":{"uv":[0,0,2,16],"texture":"#2"},"west":{"uv":[0,0,12,16],"texture":"#2"},"up":{"uv":[0,0,2,12],"texture":"#2"},"down":{"uv":[0,2,2,14],"texture":"#2"}}}],"display":{"thirdperson_righthand":{"rotation":[59,0,0],"translation":[0,2.5,0.75],"scale":[0.3,0.3,0.3]},"firstperson_righthand":{"rotation":[8,132,-5],"translation":[1.25,1.5,0.5],"scale":[0.3,0.3,0.3]},"ground":{"translation":[0,3.5,0],"scale":[0.3,0.3,0.3]},"gui":{"rotation":[25,140,0],"translation":[-0.75,0.25,0],"scale":[0.6,0.6,0.6]},"head":{"translation":[0,-12.5,0],"scale":[2.5,2.5,2.5]},"fixed":{"translation":[0,0,-3.75],"scale":[0.5,0.5,0.5]}},"groups":[{"name":"22","origin":[8,8,8],"children":[{"name":"candle","origin":[8,8,8],"children":[{"name":"fire","origin":[8,8,8],"children":[0,1]},2,3,4,5,6,7,8,9,10,11,12]},{"name":"candle","origin":[8,8,8],"children":[{"name":"fire","origin":[8,8,8],"children":[13,14]},15,16,17,18,19,20,21,22,23]},{"name":"candle","origin":[8,8,8],"children":[24,25,26,27,28,29,30,31,32,33,{"name":"fire","origin":[8,8,8],"children":[34,35]}]}]},{"name":"group","origin":[8,8,8],"children":[36,37,38,39,40,41,42,43,44,45,46,47,48,49,50,51,52,53,54,55]}]}