{"__comment":"ModelgeneratedusingMrCrayfish'sModelCreator(https://mrcrayfish.com/tools?id=mc)","textures":{"chapa":"itemsadder:item/fakas/chapa"},"display":{"gui":{"rotation":[30,45,0],"translation":[-0.5,5,0],"scale":[1.525,1.525,1.525]},"ground":{"rotation":[0,0,0],"translation":[0,4.5,0],"scale":[1.05,0.95,0.95]},"fixed":{"rotation":[0,180,0],"translation":[0,0,0],"scale":[1,1,1]},"head":{"rotation":[0,180,0],"translation":[0,0,0],"scale":[1,1,1]},"firstperson_righthand":{"rotation":[0,90,0],"translation":[-1,8,0],"scale":[0.8,0.8,0.8]},"thirdperson_righthand":{"rotation":[0,90,0],"translation":[-0.3,4,0],"scale":[0.675,0.675,0.675]}},"elements":[{"name":"Cube","from":[7,0,8],"to":[9,3,9],"faces":{"north":{"texture":"#chapa","uv":[10,6,12,9]},"east":{"texture":"#chapa","uv":[9,5,10,8]},"south":{"texture":"#chapa","uv":[9,5,11,8]},"west":{"texture":"#chapa","uv":[0,3,1,6]},"up":{"texture":"#chapa","uv":[2,4,4,5]},"down":{"texture":"#chapa","uv":[0,0,2,1]}}},{"name":"Cube","from":[7.2,3,8.2],"to":[8.8,6,8.8],"faces":{"north":{"texture":"#chapa","uv":[1,0,2.6,3]},"east":{"texture":"#chapa","uv":[1,0,1.6,3]},"south":{"texture":"#chapa","uv":[1,0,2.6,3]},"west":{"texture":"#chapa","uv":[0,0,0.6,3]},"up":{"texture":"#chapa","uv":[0,0,1.6,0.6]}}},{"name":"Cube","from":[7.2,6,8.2],"to":[8.6,7,8.8],"faces":{"north":{"texture":"#chapa","uv":[1,5,2.4,6]},"east":{"texture":"#chapa","uv":[9,2,9.6,3]},"south":{"texture":"#chapa","uv":[5,5,6.4,6]},"west":{"texture":"#chapa","uv":[2,6,2.6,7]},"up":{"texture":"#chapa","uv":[2,1,3.4,1.6]}}},{"name":"Cube","from":[7.2,7,8.2],"to":[8.4,8,8.8],"faces":{"north":{"texture":"#chapa","uv":[9,11,10.2,12]},"east":{"texture":"#chapa","uv":[9,11,9.6,12]},"south":{"texture":"#chapa","uv":[9,9,10.2,10]},"west":{"texture":"#chapa","uv":[6,8,6.6,9]},"up":{"texture":"#chapa","uv":[3,13,4.2,13.6]}}},{"name":"Cube","from":[7.2,8,8.2],"to":[8.2,9,8.8],"faces":{"north":{"texture":"#chapa","uv":[4,7,5,8]},"east":{"texture":"#chapa","uv":[4,7,4.6,8]},"south":{"texture":"#chapa","uv":[6,7,7,8]},"west":{"texture":"#chapa","uv":[6,9,6.6,10]},"up":{"texture":"#chapa","uv":[6,13,7,13.6]}}}]}