{"__comment":"ModelgeneratedusingMrCrayfish'sModelCreator(https://mrcrayfish.com/tools?id=mc)","textures":{"white_wool":"itemsadder:item/fakas/white_wool","chapa":"itemsadder:item/fakas/chapa"},"display":{"gui":{"rotation":[30,45,0],"translation":[-0.5,5,0],"scale":[1.525,1.525,1.525]},"ground":{"rotation":[0,0,0],"translation":[0,4.5,0],"scale":[1.05,0.95,0.95]},"fixed":{"rotation":[0,180,0],"translation":[0,0,0],"scale":[1,1,1]},"head":{"rotation":[0,180,0],"translation":[0,0,0],"scale":[1,1,1]},"firstperson_righthand":{"rotation":[0,90,0],"translation":[-1,8,0],"scale":[0.8,0.8,0.8]},"thirdperson_righthand":{"rotation":[0,90,0],"translation":[-0.3,4,0],"scale":[0.675,0.675,0.675]}},"elements":[{"name":"Cube","from":[7,3,8],"to":[9,4,9],"rotation":{"origin":[8,3.6,8],"axis":"z","angle":22.5},"faces":{"north":{"texture":"#white_wool","uv":[1,3,3,4]},"east":{"texture":"#white_wool","uv":[1,1,2,2]},"south":{"texture":"#white_wool","uv":[2,3,4,4]},"west":{"texture":"#white_wool","uv":[0,3,1,4]},"up":{"texture":"#white_wool","uv":[2,4,4,5]},"down":{"texture":"#white_wool","uv":[0,0,2,1]}}},{"name":"Cube","from":[7.2,0,8.2],"to":[8.8,6,8.8],"faces":{"north":{"texture":"#chapa","uv":[1,0,2.6,2]},"east":{"texture":"#chapa","uv":[1,0,1.6,2]},"south":{"texture":"#chapa","uv":[1,0,2.6,2]},"west":{"texture":"#chapa","uv":[0,0,0.6,2]},"up":{"texture":"#chapa","uv":[0,0,1.6,0.6]},"down":{"texture":"#chapa","uv":[0,0,1.6,0.6]}}},{"name":"Cube","from":[7.2,6,8.2],"to":[8.6,7,8.8],"faces":{"north":{"texture":"#chapa","uv":[1,5,2.4,6]},"east":{"texture":"#chapa","uv":[9,2,9.6,3]},"south":{"texture":"#chapa","uv":[5,5,6.4,6]},"west":{"texture":"#chapa","uv":[2,6,2.6,7]},"up":{"texture":"#chapa","uv":[2,1,3.4,1.6]}}},{"name":"Cube","from":[7.2,7,8.2],"to":[8.4,8,8.8],"faces":{"north":{"texture":"#chapa","uv":[9,11,10.2,12]},"east":{"texture":"#chapa","uv":[9,11,9.6,12]},"south":{"texture":"#chapa","uv":[9,9,10.2,10]},"west":{"texture":"#chapa","uv":[6,8,6.6,9]},"up":{"texture":"#chapa","uv":[3,13,4.2,13.6]}}},{"name":"Cube","from":[7.2,8,8.2],"to":[8.2,9,8.8],"faces":{"north":{"texture":"#chapa","uv":[4,7,5,8]},"east":{"texture":"#chapa","uv":[4,7,4.6,8]},"south":{"texture":"#chapa","uv":[6,7,7,8]},"west":{"texture":"#chapa","uv":[6,9,6.6,10]},"up":{"texture":"#chapa","uv":[6,13,7,13.6]}}},{"name":"Cube","from":[7,2,8],"to":[9,3,9],"rotation":{"origin":[8,2.4,8],"axis":"z","angle":-22.5},"faces":{"north":{"texture":"#white_wool","uv":[1,3,3,4]},"east":{"texture":"#white_wool","uv":[1,1,2,2]},"south":{"texture":"#white_wool","uv":[2,3,4,4]},"west":{"texture":"#white_wool","uv":[0,3,1,4]},"up":{"texture":"#white_wool","uv":[2,4,4,5]},"down":{"texture":"#white_wool","uv":[0,0,2,1]}}},{"name":"Cube","from":[6.2,1.1,8],"to":[8.2,2.1,9],"rotation":{"origin":[8,3.6,8],"axis":"z","angle":22.5},"faces":{"north":{"texture":"#white_wool","uv":[1,3,3,4]},"east":{"texture":"#white_wool","uv":[1,1,2,2]},"south":{"texture":"#white_wool","uv":[2,3,4,4]},"west":{"texture":"#white_wool","uv":[0,3,1,4]},"up":{"texture":"#white_wool","uv":[2,4,4,5]},"down":{"texture":"#white_wool","uv":[0,0,2,1]}}},{"name":"Cube","from":[7.1,0.2,8],"to":[8.9,0.9,9],"faces":{"north":{"texture":"#white_wool","uv":[1,3,2.8,3.7]},"east":{"texture":"#white_wool","uv":[1,1,2,1.7]},"south":{"texture":"#white_wool","uv":[2,3,3.8,3.7]},"west":{"texture":"#white_wool","uv":[0,3,1,3.7]},"up":{"texture":"#white_wool","uv":[2,4,3.8,5]},"down":{"texture":"#white_wool","uv":[0,0,1.8,1]}}},{"name":"Cube","from":[7.1,4,8],"to":[8.9,4.7,9],"faces":{"north":{"texture":"#white_wool","uv":[1,3,2.8,3.7]},"east":{"texture":"#white_wool","uv":[1,1,2,1.7]},"south":{"texture":"#white_wool","uv":[2,3,3.8,3.7]},"west":{"texture":"#white_wool","uv":[0,3,1,3.7]},"up":{"texture":"#white_wool","uv":[2,4,3.8,5]},"down":{"texture":"#white_wool","uv":[0,0,1.8,1]}}},{"name":"Cube","from":[7.1,1.8,7.99],"to":[8.9,2.1,9],"faces":{"north":{"texture":"#white_wool","uv":[1,3,2.8,3.3]},"east":{"texture":"#white_wool","uv":[1,1,2.01,1.3]},"south":{"texture":"#white_wool","uv":[2,3,3.8,3.3]},"west":{"texture":"#white_wool","uv":[0,3,1.01,3.3]},"up":{"texture":"#white_wool","uv":[2,4,3.8,5.01]},"down":{"texture":"#white_wool","uv":[0,0,1.8,1.01]}}},{"name":"Cube","from":[7.1,2.7,7.99],"to":[8.9,3.1,9],"faces":{"north":{"texture":"#white_wool","uv":[1,3,2.8,3.4]},"east":{"texture":"#white_wool","uv":[1,1,2.01,1.4]},"south":{"texture":"#white_wool","uv":[2,3,3.8,3.4]},"west":{"texture":"#white_wool","uv":[0,3,1.01,3.4]},"up":{"texture":"#white_wool","uv":[2,4,3.8,5.01]},"down":{"texture":"#white_wool","uv":[0,0,1.8,1.01]}}}]}