{"__comment":"ModelgeneratedusingMrCrayfish'sModelCreator(https://mrcrayfish.com/tools?id=mc)","textures":{"bodymio":"itemsadder:item/mp5/body"},"display":{"gui":{"rotation":[0,0,42],"translation":[1,1,0],"scale":[0.78,0.78,0.78]},"ground":{"rotation":[0,0,0],"translation":[0,7.75,0],"scale":[0.7,0.7,0.7]},"fixed":{"rotation":[0,180,0],"translation":[0,0,0],"scale":[0.8,0.8,0.8]},"head":{"rotation":[0,0,0],"translation":[0,14.25,0],"scale":[1,1,1]},"firstperson_righthand":{"rotation":[0,-280,0],"translation":[0,4,-3],"scale":[1,1,1]},"thirdperson_righthand":{"rotation":[0,90,0],"translation":[0,1.5,-1.75],"scale":[0.8,0.8,0.8]}},"elements":[{"name":"Element","from":[9,7,7],"to":[15,9.1,9],"faces":{"north":{"texture":"#bodymio","uv":[10,1,16,3.1]},"east":{"texture":"#bodymio","uv":[11,6,13,9]},"south":{"texture":"#bodymio","uv":[10,1,16,3.1]},"up":{"texture":"#bodymio","uv":[9,3,15,5]},"down":{"texture":"#bodymio","uv":[9,3,15,5]}}},{"name":"Element","from":[1,7,7],"to":[9,9.1,9],"faces":{"north":{"texture":"#bodymio","uv":[8,2,16,4.1]},"south":{"texture":"#bodymio","uv":[8,2,16,4.1]},"west":{"texture":"#bodymio","uv":[14,3,16,6]},"up":{"texture":"#bodymio","uv":[6,2,16,4]},"down":{"texture":"#bodymio","uv":[6,3,16,5]}}},{"name":"Element","from":[3,4.3,7.3],"to":[5,8.1,8.7],"shade":false,"rotation":{"origin":[2,8,8],"axis":"z","angle":-22.5},"faces":{"north":{"texture":"#bodymio","uv":[4,8,6,16]},"east":{"texture":"#bodymio","uv":[4,8,6,16]},"south":{"texture":"#bodymio","uv":[4,8,6,16]},"west":{"texture":"#bodymio","uv":[4,8,6,16]},"down":{"texture":"#bodymio","uv":[3,8,6,10]}}},{"name":"Element","from":[2,11.1,7],"to":[14.5,12.1,9],"faces":{"north":{"texture":"#bodymio","uv":[0,0,12.5,1]},"east":{"texture":"#bodymio","uv":[0,0,2,1]},"south":{"texture":"#bodymio","uv":[0,0,12.5,1]},"west":{"texture":"#bodymio","uv":[0,0,2,1]},"up":{"texture":"#bodymio","uv":[0,0,12.5,2]},"down":{"texture":"#bodymio","uv":[0,0,12.5,2]}}},{"name":"Element","from":[14,9.1,7],"to":[15,11.1,9],"faces":{"north":{"texture":"#bodymio","uv":[0,0,1,2]},"east":{"texture":"#bodymio","uv":[0,0,2,2]},"south":{"texture":"#bodymio","uv":[0,0,1,2]},"west":{"texture":"#bodymio","uv":[0,0,2,2]},"up":{"texture":"#bodymio","uv":[0,0,1,2]}}},{"name":"7.5-8.5(last)","from":[15.3,7.8,7.6],"to":[16.3,8.8,8.4],"faces":{"north":{"texture":"#bodymio","uv":[0,0,1.5,1]},"east":{"texture":"#bodymio","uv":[0,0,0.8,1]},"south":{"texture":"#bodymio","uv":[0,0,1.5,1]},"up":{"texture":"#bodymio","uv":[0,0,1.5,0.8]},"down":{"texture":"#bodymio","uv":[0,0,1.5,0.8]}}},{"name":"7.5-8.5(last)","from":[15,7.4,7.5],"to":[15.3,8.9,8.5],"faces":{"north":{"texture":"#bodymio","uv":[0,0,0.3,1.5]},"east":{"texture":"#bodymio","uv":[0,0,1,1.5]},"south":{"texture":"#bodymio","uv":[0,0,0.3,1.5]},"up":{"texture":"#bodymio","uv":[0,0,0.3,1]},"down":{"texture":"#bodymio","uv":[0,0,0.3,1]}}},{"name":"Element","from":[-5,7,7.3],"to":[1,9.5,8.7],"faces":{"north":{"texture":"#bodymio","uv":[10,2,16,4.5]},"east":{"texture":"#bodymio","uv":[0,0,1.4,2.5]},"south":{"texture":"#bodymio","uv":[10,1,16,3.5]},"up":{"texture":"#bodymio","uv":[11,4,13,6]},"down":{"texture":"#bodymio","uv":[11,4,13,6]}}},{"name":"Element","from":[1,9.1,7],"to":[2,11.5,9],"faces":{"north":{"texture":"#bodymio","uv":[0,0,1,2.4]},"east":{"texture":"#bodymio","uv":[0,0,2,2.4]},"south":{"texture":"#bodymio","uv":[0,0,1,2.4]},"west":{"texture":"#bodymio","uv":[0,0,2,2.4]},"up":{"texture":"#bodymio","uv":[0,0,1,2]}}},{"name":"Element","from":[7,9.1,7.5],"to":[9,9.6,8.5],"faces":{"north":{"texture":"#bodymio","uv":[0,0,2,0.5]},"east":{"texture":"#bodymio","uv":[0,0,1,0.5]},"south":{"texture":"#bodymio","uv":[0,0,2,0.5]},"west":{"texture":"#bodymio","uv":[0,0,1,0.5]},"up":{"texture":"#bodymio","uv":[0,0,2,1]}}},{"name":"Element","from":[7,9.6,7.5],"to":[7.5,10.6,8.5],"faces":{"north":{"texture":"#bodymio","uv":[0,0,0.5,1]},"east":{"texture":"#bodymio","uv":[0,0,1,1]},"south":{"texture":"#bodymio","uv":[0,0,0.5,1]},"west":{"texture":"#bodymio","uv":[0,0,1,1]},"up":{"texture":"#bodymio","uv":[0,0,0.5,1]}}},{"name":"Element","from":[11,9.1,7.5],"to":[12,9.9,8.5],"faces":{"north":{"texture":"#bodymio","uv":[0,0,1,0.8]},"east":{"texture":"#bodymio","uv":[0,0,1,0.8]},"south":{"texture":"#bodymio","uv":[0,0,1,0.8]},"west":{"texture":"#bodymio","uv":[0,0,1,0.8]},"up":{"texture":"#bodymio","uv":[0,0,1,1]}}},{"name":"Element","from":[12,9.5,7.5],"to":[13.7,9.9,8.5],"faces":{"north":{"texture":"#bodymio","uv":[0,0,1.7,0.4]},"east":{"texture":"#bodymio","uv":[0,0,1,0.4]},"south":{"texture":"#bodymio","uv":[0,0,1.7,0.4]},"up":{"texture":"#bodymio","uv":[0,0,1.7,1]}}},{"name":"7.5-8.5(last)","from":[16.3,7.9,7.7],"to":[20.3,8.7,8.3],"faces":{"north":{"texture":"#bodymio","uv":[0,0,1.5,1]},"south":{"texture":"#bodymio","uv":[0,0,1.5,1]},"up":{"texture":"#bodymio","uv":[0,0,1.5,0.8]},"down":{"texture":"#bodymio","uv":[0,0,1.5,0.8]}}},{"name":"7.5-8.5(last)","from":[20.3,7.8,7.6],"to":[22.3,8.8,8.4],"faces":{"north":{"texture":"#bodymio","uv":[0,0,1.5,1]},"east":{"texture":"#bodymio","uv":[0,0,0.8,1]},"south":{"texture":"#bodymio","uv":[0,0,1.5,1]},"west":{"texture":"#bodymio","uv":[0,0,0.8,1]},"up":{"texture":"#bodymio","uv":[0,0,1.5,0.8]},"down":{"texture":"#bodymio","uv":[0,0,1.5,0.8]}}},{"name":"Element","from":[6,6.4,7.3],"to":[14,7,8.7],"faces":{"north":{"texture":"#bodymio","uv":[10,1,16,1.6]},"east":{"texture":"#bodymio","uv":[11,6,13,9]},"south":{"texture":"#bodymio","uv":[10,1,16,1.6]},"west":{"texture":"#bodymio","uv":[4,3,5.4,3.6]},"up":{"texture":"#bodymio","uv":[9,3,16,4.4]},"down":{"texture":"#bodymio","uv":[9,3,16,4.4]}}},{"name":"Element","from":[-8,6,7.3],"to":[-5,10.5,8.7],"faces":{"north":{"texture":"#bodymio","uv":[13,4,16,8.5]},"east":{"texture":"#bodymio","uv":[0,0,1.4,4.5]},"south":{"texture":"#bodymio","uv":[13,4,16,8.5]},"west":{"texture":"#bodymio","uv":[14,4,15.4,8.5]},"up":{"texture":"#bodymio","uv":[13,4,16,5.4]},"down":{"texture":"#bodymio","uv":[12,4,15,5.4]}}},{"name":"Element","from":[-5,9.5,7.3],"to":[-3,10,8.7],"faces":{"north":{"texture":"#bodymio","uv":[11,4,13,4.7]},"east":{"texture":"#bodymio","uv":[11,3,12.4,3.5]},"south":{"texture":"#bodymio","uv":[12,4,14,4.7]},"up":{"texture":"#bodymio","uv":[12,1,14,3]}}},{"name":"Element","from":[-5,6.5,7.3],"to":[-3,7,8.7],"faces":{"north":{"texture":"#bodymio","uv":[10,4,12,4.7]},"east":{"texture":"#bodymio","uv":[5,2,6.4,2.5]},"south":{"texture":"#bodymio","uv":[11,3,13,3.7]},"up":{"texture":"#bodymio","uv":[11,4,13,6]},"down":{"texture":"#bodymio","uv":[11,4,13,6]}}},{"name":"Element","from":[-2.2,2.3,7.45],"to":[0.2,7.1,8.55],"shade":false,"faces":{"north":{"texture":"#bodymio","uv":[13,8,16,17]},"east":{"texture":"#bodymio","uv":[0,8,2,16]},"south":{"texture":"#bodymio","uv":[13,8,16,16]},"west":{"texture":"#bodymio","uv":[4,8,6,16]},"down":{"texture":"#bodymio","uv":[3,8,6,10]}}},{"name":"Element","from":[-2.5,9.5,7.5],"to":[0.5,9.9,8.5],"faces":{"north":{"texture":"#bodymio","uv":[1,4,4,4.4]},"east":{"texture":"#bodymio","uv":[2,2,3,2.4]},"south":{"texture":"#bodymio","uv":[1,7,4,7.4]},"west":{"texture":"#bodymio","uv":[2,6,3,6.4]},"up":{"texture":"#bodymio","uv":[1,5,4,6]}}}]}