{"__comment":"ModelgeneratedusingMrCrayfish'sModelCreator(https://mrcrayfish.com/tools?id=mc)","textures":{"bodymio":"itemsadder:item/mp5/body"},"display":{"gui":{"rotation":[0,0,35],"translation":[2,2,0],"scale":[0.78,0.98,0.78]},"ground":{"rotation":[0,0,0],"translation":[0,7.75,0],"scale":[0.7,0.7,0.7]},"fixed":{"rotation":[0,180,0],"translation":[0,0,0],"scale":[0.8,0.8,0.8]},"head":{"rotation":[0,0,0],"translation":[0,14.25,0],"scale":[1,1,1]},"firstperson_righthand":{"rotation":[0,-280,0],"translation":[0,4,-3],"scale":[1,1,1]},"thirdperson_righthand":{"rotation":[0,90,0],"translation":[0,1.5,-1.75],"scale":[0.8,0.8,0.8]}},"elements":[{"name":"Element","from":[9,7,7],"to":[15,9.1,9],"faces":{"north":{"texture":"#bodymio","uv":[10,1,16,3.1]},"east":{"texture":"#bodymio","uv":[11,6,13,9]},"south":{"texture":"#bodymio","uv":[10,1,16,3.1]},"up":{"texture":"#bodymio","uv":[9,3,15,5]},"down":{"texture":"#bodymio","uv":[9,3,15,5]}}},{"name":"Element","from":[1,7,7],"to":[9,9.1,9],"faces":{"north":{"texture":"#bodymio","uv":[8,2,16,4.1]},"south":{"texture":"#bodymio","uv":[8,2,16,4.1]},"west":{"texture":"#bodymio","uv":[14,3,16,6]},"up":{"texture":"#bodymio","uv":[6,2,16,4]},"down":{"texture":"#bodymio","uv":[6,3,16,5]}}},{"name":"Element","from":[-1,6.7,7.3],"to":[1,7.4,8.7],"faces":{"north":{"texture":"#bodymio","uv":[11,3,13,3.7]},"south":{"texture":"#bodymio","uv":[11,3,13,3.7]},"west":{"texture":"#bodymio","uv":[11,6,13,9]},"up":{"texture":"#bodymio","uv":[11,4,13,6]},"down":{"texture":"#bodymio","uv":[11,4,13,6]}}},{"name":"7.001to8.999","from":[-2,6.09,7.301],"to":[-1,8.99,8.69],"faces":{"north":{"texture":"#bodymio","uv":[11,10,12,12.9]},"east":{"texture":"#bodymio","uv":[13,7,15,10]},"south":{"texture":"#bodymio","uv":[14,4,15,6.9]},"west":{"texture":"#bodymio","uv":[13,9,15,12]},"up":{"texture":"#bodymio","uv":[10,1,13,3]},"down":{"texture":"#bodymio","uv":[10,1,13,3]}}},{"name":"Element","from":[3,4.3,7.3],"to":[5,8.1,8.7],"shade":false,"rotation":{"origin":[2,8,8],"axis":"z","angle":-22.5},"faces":{"north":{"texture":"#bodymio","uv":[4,8,6,16]},"east":{"texture":"#bodymio","uv":[4,8,6,16]},"south":{"texture":"#bodymio","uv":[4,8,6,16]},"west":{"texture":"#bodymio","uv":[4,8,6,16]},"down":{"texture":"#bodymio","uv":[3,8,6,10]}}},{"name":"Element","from":[7,5,7.5],"to":[9,7,8.5],"faces":{"north":{"texture":"#bodymio","uv":[13,6,16,9]},"east":{"texture":"#bodymio","uv":[11,6,12,9]},"south":{"texture":"#bodymio","uv":[13,6,16,9]},"west":{"texture":"#bodymio","uv":[11,6,12,9]},"down":{"texture":"#bodymio","uv":[11,6,12,9]}}},{"name":"Element","from":[7.7,3.6,7.5],"to":[9.7,5,8.5],"faces":{"north":{"texture":"#bodymio","uv":[13,6,16,9]},"east":{"texture":"#bodymio","uv":[11,6,12,9]},"south":{"texture":"#bodymio","uv":[13,9,16,11]},"west":{"texture":"#bodymio","uv":[11,6,12,9]},"up":{"texture":"#bodymio","uv":[11,6,14,9]},"down":{"texture":"#bodymio","uv":[11,6,12,9]}}},{"name":"Element","from":[8.4,3,7.5],"to":[10.4,3.6,8.5],"faces":{"north":{"texture":"#bodymio","uv":[13,6,16,9]},"east":{"texture":"#bodymio","uv":[11,6,12,9]},"south":{"texture":"#bodymio","uv":[13,11,16,12]},"west":{"texture":"#bodymio","uv":[11,6,12,9]},"up":{"texture":"#bodymio","uv":[11,6,14,9]},"down":{"texture":"#bodymio","uv":[11,6,12,9]}}},{"name":"Element","from":[9,2.4,7.5],"to":[10.4,3,8.5],"faces":{"north":{"texture":"#bodymio","uv":[14,8,16,8]},"east":{"texture":"#bodymio","uv":[11,6,12,9]},"south":{"texture":"#bodymio","uv":[14,12,16,13]},"west":{"texture":"#bodymio","uv":[11,6,12,9]},"down":{"texture":"#bodymio","uv":[11,6,12,9]}}},{"name":"7.001to8.999","from":[-6.3,5.2,7.301],"to":[-2.8,6.1,8.69],"faces":{"north":{"texture":"#bodymio","uv":[11,3,14.5,3.9]},"east":{"texture":"#bodymio","uv":[11,5,12.389,5.9]},"south":{"texture":"#bodymio","uv":[10,0,13.5,0.9]},"west":{"texture":"#bodymio","uv":[11,6,12.389,6.9]},"up":{"texture":"#bodymio","uv":[0,0,3.5,1.389]},"down":{"texture":"#bodymio","uv":[11,3,14.5,4.389]}}},{"name":"Element","from":[2,9.1,7],"to":[5.5,10.1,9],"faces":{"north":{"texture":"#bodymio","uv":[8,3,11.5,4]},"east":{"texture":"#bodymio","uv":[14,3,16,6]},"south":{"texture":"#bodymio","uv":[8,3,11.5,4]},"west":{"texture":"#bodymio","uv":[14,3,16,6]}}},{"name":"Element","from":[2,10.1,7],"to":[11.8,11.1,9],"faces":{"north":{"texture":"#bodymio","uv":[0,0,9.8,1]},"east":{"texture":"#bodymio","uv":[0,0,2,1]},"south":{"texture":"#bodymio","uv":[0,0,9.8,1]},"west":{"texture":"#bodymio","uv":[0,0,2,1]},"up":{"texture":"#bodymio","uv":[0,0,9.8,2]},"down":{"texture":"#bodymio","uv":[0,0,9.8,2]}}},{"name":"Element","from":[11.2,9.1,7],"to":[12.2,10.1,9],"faces":{"north":{"texture":"#bodymio","uv":[0,0,1,1]},"east":{"texture":"#bodymio","uv":[0,0,2,1]},"south":{"texture":"#bodymio","uv":[0,0,1,1]},"west":{"texture":"#bodymio","uv":[0,0,2,1]},"up":{"texture":"#bodymio","uv":[0,0,1,2]}}},{"name":"7.5-8.5(last)","from":[15.3,7.8,7.6],"to":[16.8,8.8,8.4],"faces":{"north":{"texture":"#bodymio","uv":[0,0,1.5,1]},"east":{"texture":"#bodymio","uv":[0,0,0.8,1]},"south":{"texture":"#bodymio","uv":[0,0,1.5,1]},"up":{"texture":"#bodymio","uv":[0,0,1.5,0.8]},"down":{"texture":"#bodymio","uv":[0,0,1.5,0.8]}}},{"name":"7.5-8.5(last)","from":[15,7.4,7.5],"to":[15.3,8.9,8.5],"faces":{"north":{"texture":"#bodymio","uv":[0,0,0.3,1.5]},"east":{"texture":"#bodymio","uv":[0,0,1,1.5]},"south":{"texture":"#bodymio","uv":[0,0,0.3,1.5]},"up":{"texture":"#bodymio","uv":[0,0,0.3,1]},"down":{"texture":"#bodymio","uv":[0,0,0.3,1]}}},{"name":"Element","from":[2,11.1,7.5],"to":[3.3,11.8,8.5],"faces":{"north":{"texture":"#bodymio","uv":[2,4,3.3,4.7]},"east":{"texture":"#bodymio","uv":[3,4,4,4.7]},"south":{"texture":"#bodymio","uv":[3,4,4.3,4.7]},"west":{"texture":"#bodymio","uv":[2,4,3,4.7]},"up":{"texture":"#bodymio","uv":[2,4,3.3,5]}}},{"name":"Element","from":[10.8,11.1,7.65],"to":[11.5,11.8,8.35],"faces":{"north":{"texture":"#bodymio","uv":[3,4,3.7,4.7]},"east":{"texture":"#bodymio","uv":[5,4,5.7,4.7]},"south":{"texture":"#bodymio","uv":[4,4,4.7,4.7]},"west":{"texture":"#bodymio","uv":[4,4,4.7,4.7]},"up":{"texture":"#bodymio","uv":[4,4,4.7,4.7]}}},{"name":"Element","from":[12,6.5,7.5],"to":[15,7,8.5],"faces":{"north":{"texture":"#bodymio","uv":[0,0,3,0.5]},"east":{"texture":"#bodymio","uv":[0,0,1,0.5]},"south":{"texture":"#bodymio","uv":[0,0,3,0.5]},"down":{"texture":"#bodymio","uv":[0,0,3,1]}}},{"name":"Element","from":[6.5,6,7],"to":[9.5,7,9],"faces":{"north":{"texture":"#bodymio","uv":[12,4,15,5]},"east":{"texture":"#bodymio","uv":[11,6,12,9]},"south":{"texture":"#bodymio","uv":[13,4,16,5]},"west":{"texture":"#bodymio","uv":[11,6,12,9]},"down":{"texture":"#bodymio","uv":[11,6,12,9]}}},{"name":"Element","from":[-1,8.3,7.3],"to":[1,9,8.7],"faces":{"north":{"texture":"#bodymio","uv":[11,3,13,3.7]},"south":{"texture":"#bodymio","uv":[11,3,13,3.7]},"west":{"texture":"#bodymio","uv":[11,6,13,9]},"up":{"texture":"#bodymio","uv":[11,4,13,6]},"down":{"texture":"#bodymio","uv":[11,4,13,6]}}},{"name":"Element","from":[0.4,7.4,7.3],"to":[1,8.3,8.7],"faces":{"north":{"texture":"#bodymio","uv":[11,3,11.6,3.9]},"south":{"texture":"#bodymio","uv":[11,3,11.6,3.9]},"west":{"texture":"#bodymio","uv":[11,6,13,9]}}},{"name":"7.001to8.999","from":[-3.3,6.09,7.301],"to":[-2,6.99,8.69],"faces":{"north":{"texture":"#bodymio","uv":[11,3,12.3,3.9]},"south":{"texture":"#bodymio","uv":[12,3,13.3,3.9]},"west":{"texture":"#bodymio","uv":[11,3,12.389,3.9]},"up":{"texture":"#bodymio","uv":[11,1,12.3,2.389]},"down":{"texture":"#bodymio","uv":[11,2,12.3,3.389]}}},{"name":"7.001to8.999","from":[-6.3,8.29,7.301],"to":[-2,8.99,8.69],"faces":{"north":{"texture":"#bodymio","uv":[10,3,14.3,3.7]},"south":{"texture":"#bodymio","uv":[10,4,14.3,4.7]},"west":{"texture":"#bodymio","uv":[11,6,12.389,6.7]},"up":{"texture":"#bodymio","uv":[10,1,14.3,2.389]},"down":{"texture":"#bodymio","uv":[10,2,14.3,3.389]}}},{"name":"7.001to8.999","from":[-6.3,6.09,7.301],"to":[-5.3,8.29,8.69],"faces":{"north":{"texture":"#bodymio","uv":[13,1,14,3.2]},"east":{"texture":"#bodymio","uv":[11,1,12.389,3.2]},"south":{"texture":"#bodymio","uv":[10,2,11,4.2]},"west":{"texture":"#bodymio","uv":[11,7,12.389,9.2]}}}]}