{"__comment":"ModelgeneratedusingMrCrayfish'sModelCreator(https://mrcrayfish.com/tools?id=mc)","textures":{"anubis_texture_diamond":"itemsadder:item/glock/anubis_texture_diamond","gold_block":"itemsadder:item/glock/anubis_texture"},"display":{"gui":{"rotation":[30,45,0],"translation":[2,3,0],"scale":[1.2,1.2,1.2]},"ground":{"rotation":[0,0,0],"translation":[3,3,0],"scale":[1,1,1]},"fixed":{"rotation":[0,0,0],"translation":[4,2,0],"scale":[1.3,1.3,1.3]},"firstperson_righthand":{"rotation":[0,-275,0],"translation":[3,3,-10],"scale":[1.3,1.3,1.3]},"thirdperson_righthand":{"rotation":[0,90,0],"translation":[0,4,-5],"scale":[1,1,1]}},"elements":[{"name":"Element","from":[0,6,7],"to":[10,8,9],"faces":{"north":{"texture":"#anubis_texture_diamond","uv":[5,13,15,15]},"east":{"texture":"#anubis_texture_diamond","uv":[13,6,14,7]},"south":{"texture":"#anubis_texture_diamond","uv":[5,13,15,15]},"west":{"texture":"#anubis_texture_diamond","uv":[11,6,12,8]},"down":{"texture":"#anubis_texture_diamond","uv":[5,9,15,11]}}},{"name":"Element","from":[1.8,2.7,7.1],"to":[3.8,7.2,8.9],"shade":false,"rotation":{"origin":[2.5,6,8],"axis":"z","angle":-22.5,"rescale":true},"faces":{"north":{"texture":"#anubis_texture_diamond","uv":[11,9,14,12]},"east":{"texture":"#anubis_texture_diamond","uv":[3,2,4,5]},"south":{"texture":"#anubis_texture_diamond","uv":[11,9,14,12]},"west":{"texture":"#anubis_texture_diamond","uv":[3,1,4,5]},"down":{"texture":"#anubis_texture_diamond","uv":[10,1,13,2]}}},{"name":"Element","from":[0,7.5,7.5],"to":[1,8.5,8.5],"faces":{"north":{"texture":"#gold_block","uv":[13,7,15,9]},"east":{"texture":"#gold_block","uv":[13,7,15,9]},"south":{"texture":"#gold_block","uv":[13,7,15,9]},"west":{"texture":"#gold_block","uv":[13,7,15,9]},"up":{"texture":"#gold_block","uv":[14,8,15,9]}}},{"name":"Element","from":[1,8,7.6],"to":[10,8.3,8.4],"faces":{"north":{"texture":"#gold_block","uv":[6,10,10,11]},"east":{"texture":"#gold_block","uv":[9,10,10,11]},"south":{"texture":"#gold_block","uv":[6,10,10,11]},"up":{"texture":"#gold_block","uv":[7,10,8,11]}}},{"name":"Element","from":[-0.05,6.7,6.9],"to":[10.05,8,9.1],"faces":{"north":{"texture":"#gold_block","uv":[1,12,15,15]},"east":{"texture":"#gold_block","uv":[14,10,15,11.3]},"south":{"texture":"#gold_block","uv":[1,12,15,15]},"west":{"texture":"#gold_block","uv":[14,11,15,12.3]},"up":{"texture":"#gold_block","uv":[6,10,16,11]},"down":{"texture":"#gold_block","uv":[6,10,16,11.2]}}},{"name":"Element","from":[8,7.5,7.55],"to":[9,8.5,8.45],"faces":{"north":{"texture":"#gold_block","uv":[13,7,15,9]},"east":{"texture":"#gold_block","uv":[13,7,15,9]},"south":{"texture":"#gold_block","uv":[13,7,15,9]},"west":{"texture":"#gold_block","uv":[13,7,15,9]},"up":{"texture":"#gold_block","uv":[13,8,14,9]}}},{"name":"Element","from":[10,6.85,7.5],"to":[10.3,7.85,8.5],"faces":{"north":{"texture":"#anubis_texture_diamond","uv":[6,8,6.3,9]},"east":{"texture":"#anubis_texture_diamond","uv":[5,7,6,8]},"south":{"texture":"#anubis_texture_diamond","uv":[6,9,6.3,10]},"up":{"texture":"#anubis_texture_diamond","uv":[7,8,7.3,9]},"down":{"texture":"#anubis_texture_diamond","uv":[7,6,7.3,7]}}}]}