{"__comment":"ModelgeneratedusingMrCrayfish'sModelCreator(https://mrcrayfish.com/tools?id=mc)","textures":{"body_skin_rusus":"itemsadder:item/glock/glock_skin_rusus"},"display":{"gui":{"rotation":[30,45,0],"translation":[2,3,0],"scale":[1.2,1.2,1.2]},"ground":{"rotation":[0,0,0],"translation":[3,3,0],"scale":[1,1,1]},"fixed":{"rotation":[0,0,0],"translation":[4,2,0],"scale":[1.3,1.3,1.3]},"firstperson_righthand":{"rotation":[0,-275,0],"translation":[3,3,-10],"scale":[1.3,1.3,1.3]},"thirdperson_righthand":{"rotation":[0,90,0],"translation":[0,4,-5],"scale":[1,1,1]}},"elements":[{"name":"Element","from":[0,6,7],"to":[10,8,9],"faces":{"north":{"texture":"#body_skin_rusus","uv":[6,0,16,2]},"east":{"texture":"#body_skin_rusus","uv":[15,2,16,3]},"south":{"texture":"#body_skin_rusus","uv":[6,0,16,2]},"west":{"texture":"#body_skin_rusus","uv":[15,2,16,3]},"down":{"texture":"#body_skin_rusus","uv":[6,0,16,2]}}},{"name":"Element","from":[1.8,2.7,7.1],"to":[3.8,7.2,8.9],"shade":false,"rotation":{"origin":[2.5,6,8],"axis":"z","angle":-22.5,"rescale":true},"faces":{"north":{"texture":"#body_skin_rusus","uv":[7,3,10,6]},"east":{"texture":"#body_skin_rusus","uv":[7,3,8,6]},"south":{"texture":"#body_skin_rusus","uv":[7,3,10,6]},"west":{"texture":"#body_skin_rusus","uv":[9,3,10,7]},"down":{"texture":"#body_skin_rusus","uv":[7,6,10,7]}}},{"name":"Element","from":[0,7.5,7.5],"to":[1,8.5,8.5],"faces":{"north":{"texture":"#body_skin_rusus","uv":[10,10,12,12]},"east":{"texture":"#body_skin_rusus","uv":[9,10,11,12]},"south":{"texture":"#body_skin_rusus","uv":[10,10,12,12]},"west":{"texture":"#body_skin_rusus","uv":[9,10,11,12]},"up":{"texture":"#body_skin_rusus","uv":[11,10,12,11]}}},{"name":"Element","from":[1,8,7.6],"to":[10,8.3,8.4],"faces":{"north":{"texture":"#body_skin_rusus","uv":[6,10,10,11]},"east":{"texture":"#body_skin_rusus","uv":[9,10,10,11]},"south":{"texture":"#body_skin_rusus","uv":[6,10,10,11]},"up":{"texture":"#body_skin_rusus","uv":[7,10,8,11]}}},{"name":"Element","from":[-0.05,6.7,6.9],"to":[10.05,8,9.1],"faces":{"north":{"texture":"#body_skin_rusus","uv":[6,10,16,11.3]},"east":{"texture":"#body_skin_rusus","uv":[14,10,15,11.3]},"south":{"texture":"#body_skin_rusus","uv":[6,10,16,11.3]},"west":{"texture":"#body_skin_rusus","uv":[14,10,15,11.3]},"up":{"texture":"#body_skin_rusus","uv":[6,10,16,11]},"down":{"texture":"#body_skin_rusus","uv":[6,10,16,11.2]}}},{"name":"Element","from":[8,7.5,7.55],"to":[9,8.5,8.45],"faces":{"north":{"texture":"#body_skin_rusus","uv":[13,10,15,12]},"east":{"texture":"#body_skin_rusus","uv":[0,0,2,2]},"south":{"texture":"#body_skin_rusus","uv":[14,10,16,12]},"west":{"texture":"#body_skin_rusus","uv":[10,10,12,12]},"up":{"texture":"#body_skin_rusus","uv":[10,10,11,11]}}},{"name":"Element","from":[10,6.85,7.5],"to":[10.3,7.85,8.5],"faces":{"north":{"texture":"#body_skin_rusus","uv":[1,0,1.3,1]},"east":{"texture":"#body_skin_rusus","uv":[0,0,1,1]},"south":{"texture":"#body_skin_rusus","uv":[0,0,0.3,1]},"up":{"texture":"#body_skin_rusus","uv":[0,0,0.3,1]},"down":{"texture":"#body_skin_rusus","uv":[0,0,0.3,1]}}}]}