{"__comment":"ModelgeneratedusingMrCrayfish'sModelCreator(https://mrcrayfish.com/tools?id=mc)","textures":{"1":"itemsadder:item/deagle/1","grenade":"itemsadder:item/granada/grenade"},"display":{"gui":{"rotation":[30,45,0],"translation":[0,1.8,0],"scale":[1.025,1.025,0.825]},"ground":{"rotation":[0,0,0],"translation":[0,3,0],"scale":[0.25,0.25,0.25]},"fixed":{"rotation":[0,180,0],"translation":[0,0,0],"scale":[1,1,1]},"head":{"rotation":[0,180,0],"translation":[0,0,0],"scale":[1,1,1]},"firstperson_righthand":{"rotation":[0,19,0],"translation":[0,4.5,0],"scale":[0.4,0.4,0.4]},"thirdperson_righthand":{"rotation":[0,315,0],"translation":[0,1.5,-1],"scale":[0.375,0.375,0.375]}},"elements":[{"name":"Cube","from":[7,0,7],"to":[11,1,9],"faces":{"north":{"texture":"#grenade","uv":[0,0,4,1]},"east":{"texture":"#grenade","uv":[1,0,3,1]},"south":{"texture":"#grenade","uv":[0,0,4,1]},"west":{"texture":"#grenade","uv":[1,0,3,1]},"down":{"texture":"#grenade","uv":[1,3,5,5]}}},{"name":"Cube","from":[8,0,6],"to":[10,1,10],"faces":{"north":{"texture":"#grenade","uv":[1,0,3,1]},"east":{"texture":"#grenade","uv":[0,0,4,1]},"south":{"texture":"#grenade","uv":[2,2,4,3]},"west":{"texture":"#grenade","uv":[0,2,4,3]},"down":{"texture":"#grenade","uv":[4,4,6,8]}}},{"name":"Cube","from":[8,1,5.5],"to":[10,2,10.5],"faces":{"north":{"texture":"#grenade","uv":[1,0,3,1]},"east":{"texture":"#grenade","uv":[0,0,5,1]},"south":{"texture":"#grenade","uv":[1,0,3,1]},"west":{"texture":"#grenade","uv":[0,0,5,1]},"down":{"texture":"#grenade","uv":[4,4,6,9]}}},{"name":"Cube","from":[6.5,1,7],"to":[11.5,2,9],"faces":{"north":{"texture":"#grenade","uv":[0,0,5,1]},"east":{"texture":"#grenade","uv":[1,0,3,1]},"south":{"texture":"#grenade","uv":[0,0,5,1]},"west":{"texture":"#grenade","uv":[2,2,4,3]},"down":{"texture":"#grenade","uv":[1,2,6,4]}}},{"name":"Cube","from":[6,2,7],"to":[12,3,9],"faces":{"north":{"texture":"#grenade","uv":[0,2,6,3]},"east":{"texture":"#grenade","uv":[3,4,5,5]},"south":{"texture":"#grenade","uv":[0,1,6,2]},"west":{"texture":"#grenade","uv":[4,5,6,6]},"down":{"texture":"#grenade","uv":[2,4,8,6]}}},{"name":"Cube","from":[8,2,5],"to":[10,3,11],"faces":{"north":{"texture":"#grenade","uv":[1,0,3,1]},"east":{"texture":"#grenade","uv":[0,0,6,1]},"south":{"texture":"#grenade","uv":[1,1,3,2]},"west":{"texture":"#grenade","uv":[0,0,6,1]},"down":{"texture":"#grenade","uv":[4,3,6,9]}}},{"name":"Cube","from":[7,1,6],"to":[11,2,10],"faces":{"north":{"texture":"#grenade","uv":[0,0,4,1]},"east":{"texture":"#grenade","uv":[0,0,4,1]},"south":{"texture":"#grenade","uv":[0,0,4,1]},"west":{"texture":"#grenade","uv":[0,0,4,1]},"down":{"texture":"#grenade","uv":[1,0,5,4]}}},{"name":"Cube","from":[6.5,2,5.5],"to":[11.5,7,10.5],"faces":{"north":{"texture":"#grenade","uv":[4,5,9,10]},"east":{"texture":"#grenade","uv":[3,4,8,9]},"south":{"texture":"#grenade","uv":[4,5,9,10]},"west":{"texture":"#grenade","uv":[4,6,9,11]},"up":{"texture":"#grenade","uv":[4,6,9,11]},"down":{"texture":"#grenade","uv":[4,6,9,11]}}},{"name":"Cube","from":[6,3,6.5],"to":[12,6,9.5],"faces":{"north":{"texture":"#grenade","uv":[5,10,11,13]},"east":{"texture":"#grenade","uv":[6,9,9,12]},"south":{"texture":"#grenade","uv":[5,11,11,14]},"west":{"texture":"#grenade","uv":[6,9,9,12]},"up":{"texture":"#grenade","uv":[5,11,11,14]},"down":{"texture":"#grenade","uv":[5,11,11,14]}}},{"name":"Cube","from":[7.5,3,5],"to":[10.5,6,11],"faces":{"north":{"texture":"#grenade","uv":[6,9,9,12]},"east":{"texture":"#grenade","uv":[6,9,12,12]},"south":{"texture":"#grenade","uv":[6,9,9,12]},"west":{"texture":"#grenade","uv":[5,11,11,14]},"up":{"texture":"#grenade","uv":[6,9,9,15]},"down":{"texture":"#grenade","uv":[6,9,9,15]}}},{"name":"Cube","from":[8,6,5],"to":[10,7,11],"faces":{"north":{"texture":"#grenade","uv":[0,0,2,1]},"east":{"texture":"#grenade","uv":[0,0,6,1]},"south":{"texture":"#grenade","uv":[0,0,2,1]},"west":{"texture":"#grenade","uv":[0,0,6,1]},"up":{"texture":"#grenade","uv":[4,3,6,9]}}},{"name":"Cube","from":[6,6,7],"to":[12,7,9],"faces":{"north":{"texture":"#grenade","uv":[0,0,6,1]},"east":{"texture":"#grenade","uv":[1,0,3,1]},"south":{"texture":"#grenade","uv":[0,0,6,1]},"west":{"texture":"#grenade","uv":[1,0,3,1]},"up":{"texture":"#grenade","uv":[0,0,6,2]}}},{"name":"Cube","from":[7,7,6],"to":[11,8,10],"faces":{"north":{"texture":"#grenade","uv":[0,1,4,2]},"east":{"texture":"#grenade","uv":[1,3,5,4]},"south":{"texture":"#grenade","uv":[2,4,6,5]},"west":{"texture":"#grenade","uv":[2,5,6,6]},"up":{"texture":"#grenade","uv":[5,7,9,11]}}},{"name":"Cube","from":[6.5,7,7],"to":[11.5,8,9],"faces":{"north":{"texture":"#grenade","uv":[0,0,5,1]},"east":{"texture":"#grenade","uv":[2,0,4,1]},"south":{"texture":"#grenade","uv":[0,0,5,1]},"west":{"texture":"#grenade","uv":[1,0,3,1]},"up":{"texture":"#grenade","uv":[3,5,8,7]}}},{"name":"Cube","from":[8,7,5.5],"to":[10,8,10.5],"faces":{"north":{"texture":"#grenade","uv":[1,0,3,1]},"east":{"texture":"#grenade","uv":[0,0,5,1]},"south":{"texture":"#grenade","uv":[1,0,3,1]},"west":{"texture":"#grenade","uv":[0,0,5,1]},"up":{"texture":"#grenade","uv":[4,3,6,8]}}},{"name":"Cube","from":[7,8,7],"to":[11,9,9],"faces":{"north":{"texture":"#grenade","uv":[0,0,4,1]},"east":{"texture":"#grenade","uv":[1,0,3,1]},"south":{"texture":"#grenade","uv":[0,0,4,1]},"west":{"texture":"#grenade","uv":[1,0,3,1]},"up":{"texture":"#grenade","uv":[2,3,6,5]}}},{"name":"Cube","from":[8,8,6],"to":[10,9,10],"faces":{"north":{"texture":"#grenade","uv":[1,0,3,1]},"east":{"texture":"#grenade","uv":[0,0,4,1]},"south":{"texture":"#grenade","uv":[1,0,3,1]},"west":{"texture":"#grenade","uv":[0,0,4,1]},"up":{"texture":"#grenade","uv":[2,1,4,5]}}},{"name":"Cube","from":[8.2,9,7.2],"to":[9.8,10,8.8],"faces":{"north":{"texture":"#grenade","uv":[1,0,2.6,1]},"east":{"texture":"#grenade","uv":[1,0,2.6,1]},"south":{"texture":"#grenade","uv":[1,0,2.6,1]},"west":{"texture":"#grenade","uv":[1,0,2.6,1]}}},{"name":"Cube","from":[8,10,7],"to":[10,11.5,11],"faces":{"north":{"texture":"#1","uv":[0,6,2,7.5]},"east":{"texture":"#1","uv":[0,0,4,1.5]},"south":{"texture":"#1","uv":[0,0,2,1.5]},"west":{"texture":"#1","uv":[0,0,4,1.5]},"down":{"texture":"#1","uv":[0,0,2,4]}}},{"name":"Cube","from":[8,9,11],"to":[10,11,12],"faces":{"north":{"texture":"#1","uv":[0,0,2,2]},"east":{"texture":"#1","uv":[0,0,1,2]},"south":{"texture":"#1","uv":[0,0,2,2]},"west":{"texture":"#1","uv":[0,0,1,2]},"up":{"texture":"#1","uv":[0,0,2,1]},"down":{"texture":"#1","uv":[0,0,2,1]}}},{"name":"Cube","from":[8,6.5,12],"to":[10,9.5,13],"faces":{"north":{"texture":"#1","uv":[0,0,2,3]},"east":{"texture":"#1","uv":[0,0,1,3]},"south":{"texture":"#1","uv":[0,0,2,3]},"west":{"texture":"#1","uv":[0,0,1,3]},"up":{"texture":"#1","uv":[0,0,2,1]},"down":{"texture":"#1","uv":[0,0,2,1]}}},{"name":"Cube","from":[8,3.5,11.5],"to":[10,6.5,12.5],"faces":{"north":{"texture":"#1","uv":[0,0,2,3]},"east":{"texture":"#1","uv":[0,0,1,3]},"south":{"texture":"#1","uv":[0,0,2,3]},"west":{"texture":"#1","uv":[0,0,1,3]},"up":{"texture":"#1","uv":[0,0,2,1]},"down":{"texture":"#1","uv":[0,0,2,1]}}},{"name":"Cube","from":[7.5,10.4,7.8],"to":[8,10.9,8.3],"faces":{"north":{"texture":"#1","uv":[0,0,0.5,0.5]},"east":{"texture":"#1","uv":[0,0,0.5,0.5]},"south":{"texture":"#1","uv":[0,0,0.5,0.5]},"west":{"texture":"#1","uv":[0,0,0.5,0.5]},"up":{"texture":"#1","uv":[0,0,0.5,0.5]},"down":{"texture":"#1","uv":[0,0,0.5,0.5]}}},{"name":"Cube","from":[7.8,11.5,6.8],"to":[10.2,11.8,11.2],"faces":{"north":{"texture":"#1","uv":[0,0,2.4,0.3]},"east":{"texture":"#1","uv":[0,0,4.4,0.3]},"south":{"texture":"#1","uv":[0,0,2.4,0.3]},"west":{"texture":"#1","uv":[0,0,4.4,0.3]},"up":{"texture":"#1","uv":[0,0,2.4,4.4]},"down":{"texture":"#1","uv":[0,0,2.4,4.4]}}},{"name":"Cube","from":[7.2,10.1,7.8],"to":[7.7,10.4,8.3],"faces":{"north":{"texture":"#1","uv":[0,0,0.5,0.3]},"east":{"texture":"#1","uv":[0,0,0.5,0.3]},"south":{"texture":"#1","uv":[0,0,0.5,0.3]},"west":{"texture":"#1","uv":[0,0,0.5,0.3]},"up":{"texture":"#1","uv":[0,0,0.5,0.5]},"down":{"texture":"#1","uv":[0,0,0.5,0.5]}}},{"name":"Cube","from":[7.2,9.6,7.5],"to":[7.7,10.1,7.8],"faces":{"north":{"texture":"#1","uv":[0,0,0.5,0.5]},"east":{"texture":"#1","uv":[0,0,0.3,0.5]},"south":{"texture":"#1","uv":[0,0,0.5,0.5]},"west":{"texture":"#1","uv":[0,0,0.3,0.5]},"up":{"texture":"#1","uv":[0,0,0.5,0.3]},"down":{"texture":"#1","uv":[0,0,0.5,0.3]}}},{"name":"Cube","from":[7.2,9.6,8.3],"to":[7.7,10.1,8.6],"faces":{"north":{"texture":"#1","uv":[0,0,0.5,0.5]},"east":{"texture":"#1","uv":[0,0,0.3,0.5]},"south":{"texture":"#1","uv":[0,0,0.5,0.5]},"west":{"texture":"#1","uv":[0,0,0.3,0.5]},"up":{"texture":"#1","uv":[0,0,0.5,0.3]},"down":{"texture":"#1","uv":[0,0,0.5,0.3]}}},{"name":"Cube","from":[7.2,9.3,7.8],"to":[7.7,9.6,8.3],"faces":{"north":{"texture":"#1","uv":[0,0,0.5,0.3]},"east":{"texture":"#1","uv":[0,0,0.5,0.3]},"south":{"texture":"#1","uv":[0,0,0.5,0.3]},"west":{"texture":"#1","uv":[0,0,0.5,0.3]},"up":{"texture":"#1","uv":[0,0,0.5,0.5]},"down":{"texture":"#1","uv":[0,0,0.5,0.5]}}}]}