{"credit":"MadewithBlockbench","textures":{"1":"itemsadder:item/jack_o_lantern_backpack/pumpkin","2":"itemsadder:item/jack_o_lantern_backpack/pumpkin_side","3":"itemsadder:item/jack_o_lantern_backpack/pumpkin_stem_connected","particle":"itemsadder:item/jack_o_lantern_backpack/pumpkin_side"},"elements":[{"from":[6.6,5.8,8],"to":[9.4,9.1,9.5],"faces":{"north":{"uv":[0,5,16,15],"texture":"#2"},"east":{"uv":[4,0,12,16],"texture":"#2"},"south":{"uv":[0,0,15.655,15.441],"texture":"#1"},"west":{"uv":[4,0,12,16],"texture":"#2"},"up":{"uv":[0,5,16,15],"texture":"#2"},"down":{"uv":[0,5,16,15],"texture":"#2"}}},{"from":[6.6,5.8,8],"to":[9.4,9.1,9.5],"faces":{"north":{"uv":[0,5,16,15],"texture":"#2"},"east":{"uv":[4,0,12,16],"texture":"#2"},"south":{"uv":[0,0,15.655,15.441],"texture":"#1"},"west":{"uv":[4,0,12,16],"texture":"#2"},"up":{"uv":[0,5,16,15],"texture":"#2"},"down":{"uv":[0,5,16,15],"texture":"#2"}}},{"from":[9.3,9.1,7.4],"to":[9.3,10.2,9.1],"rotation":{"angle":22.5,"axis":"x","origin":[9.3972,9.65236,8.05045]},"faces":{"north":{"uv":[0,0,1,1],"rotation":270,"texture":"#3"},"east":{"uv":[0,5,12,16],"rotation":270,"texture":"#3"},"south":{"uv":[0,0,1,1],"rotation":270,"texture":"#3"},"west":{"uv":[0,5,12,16],"texture":"#3"},"up":{"uv":[0,0,1,1],"rotation":270,"texture":"#3"},"down":{"uv":[0,0,1,1],"rotation":270,"texture":"#3"}}},{"from":[6.7,9.1,7.4],"to":[6.7,10.2,9.1],"rotation":{"angle":22.5,"axis":"x","origin":[9.3972,9.65236,8.05045]},"faces":{"north":{"uv":[0,0,1,1],"rotation":270,"texture":"#3"},"east":{"uv":[0,5,12,16],"rotation":270,"texture":"#3"},"south":{"uv":[0,0,1,1],"rotation":270,"texture":"#3"},"west":{"uv":[0,5,12,16],"texture":"#3"},"up":{"uv":[0,0,1,1],"rotation":270,"texture":"#3"},"down":{"uv":[0,0,1,1],"rotation":270,"texture":"#3"}}}],"display":{"thirdperson_righthand":{"rotation":[67.5,0,0],"translation":[-6,-4.75,7.75],"scale":[2.5,2.5,2.5]},"thirdperson_lefthand":{"rotation":[70,0,0],"translation":[-5.5,-5,8.5],"scale":[2.5,2.5,2.5]},"firstperson_righthand":{"scale":[0,0,0]},"firstperson_lefthand":{"scale":[0,0,0]},"ground":{"translation":[0,1.75,0],"scale":[0.7,0.7,0.7]},"gui":{"rotation":[25,-45,0],"translation":[1.5,3,0],"scale":[3.7,3.7,3.7]},"head":{"translation":[0,-14.25,3.5],"scale":[4,4,4]},"fixed":{"rotation":[0,180,0],"translation":[0,2,-0.75],"scale":[4,4,4]}}}