{"__comment":"ModelgeneratedusingMrCrayfish'sModelCreator(https://mrcrayfish.com/tools?id=mc)","textures":{"body_skin_paloby":"itemsadder:item/m16_admin/body_skin_paloby","body":"itemsadder:item/m16_admin/body_m16"},"display":{"gui":{"rotation":[0,0,35],"translation":[0,1,0],"scale":[0.78,0.78,0.78]},"ground":{"rotation":[0,0,0],"translation":[0,3.75,0],"scale":[0.7,0.7,0.7]},"fixed":{"rotation":[0,180,0],"translation":[0,0,0],"scale":[0.8,0.8,0.8]},"head":{"rotation":[0,0,0],"translation":[0,14.25,0],"scale":[1,1,1]},"firstperson_righthand":{"rotation":[0,-280,0],"translation":[0,3.5,-1.5],"scale":[1,1,1]},"thirdperson_righthand":{"rotation":[0,90,0],"translation":[0,1.3,-2.65],"scale":[0.8,0.8,0.8]}},"elements":[{"name":"Element","from":[8.999,7,7],"to":[18.999,9.1,9],"faces":{"north":{"texture":"#body_skin_paloby","uv":[9,4,16,6.1]},"east":{"texture":"#body_skin_paloby","uv":[11,4,13,6.1]},"south":{"texture":"#body_skin_paloby","uv":[9,4,16,6.1]},"west":{"texture":"#body_skin_paloby","uv":[11,4,13,6.1]},"up":{"texture":"#body_skin_paloby","uv":[8,4,16,6]},"down":{"texture":"#body_skin_paloby","uv":[9,4,16,6]}}},{"name":"Element","from":[1,7,7],"to":[8.5,9.1,9],"faces":{"north":{"texture":"#body_skin_paloby","uv":[8,3,16,5]},"east":{"texture":"#body_skin_paloby","uv":[12,6,14,8.1]},"south":{"texture":"#body_skin_paloby","uv":[8,3,16,5]},"west":{"texture":"#body_skin_paloby","uv":[14,3,16,5.1]},"up":{"texture":"#body_skin_paloby","uv":[6,3,13.5,5]},"down":{"texture":"#body_skin_paloby","uv":[13,6,12.5,3]}}},{"name":"7.5-8.5(last)","from":[19,7.5,7.5],"to":[22,8.7,8.5],"faces":{"north":{"texture":"#body","uv":[0,0,3,1.2]},"east":{"texture":"#body","uv":[2,0,3,1.2]},"south":{"texture":"#body","uv":[0,0,3,1.2]},"up":{"texture":"#body","uv":[0,0,3,1]},"down":{"texture":"#body","uv":[0,0,3,1]}}},{"name":"same","from":[19,8.5,7.7],"to":[21,9.5,8.3],"faces":{"north":{"texture":"#body","uv":[5,4,7,5]},"east":{"texture":"#body","uv":[5,4,5.6,5]},"south":{"texture":"#body","uv":[4,4,6,5]},"up":{"texture":"#body","uv":[4,4,6,4.6]}}},{"name":"same","from":[20,9.5,7.7],"to":[21,10.2,8.3],"faces":{"north":{"texture":"#body","uv":[5,4,6,4.7]},"east":{"texture":"#body","uv":[5,4,5.6,4.7]},"south":{"texture":"#body","uv":[5,4,6,4.7]},"west":{"texture":"#body","uv":[5,4,5.6,4.7]},"up":{"texture":"#body","uv":[5,4,6,4.6]}}},{"name":"Element","from":[-2,6.7,7.3],"to":[1,9,8.7],"faces":{"north":{"texture":"#body_skin_paloby","uv":[9,3,12,5.3]},"east":{"texture":"#body_skin_paloby","uv":[12,6,13.4,8.3]},"south":{"texture":"#body_skin_paloby","uv":[8,3,11,5.3]},"west":{"texture":"#body_skin_paloby","uv":[12,4,13.4,6.3]},"up":{"texture":"#body_skin_paloby","uv":[10,3,13,4.4]},"down":{"texture":"#body_skin_paloby","uv":[9,3,12,4.4]}}},{"name":"7.001to8.999","from":[-7.3,6.09,7.301],"to":[-2,8.99,8.69],"faces":{"north":{"texture":"#body_skin_paloby","uv":[11,3,16,5.9]},"east":{"texture":"#body_skin_paloby","uv":[13,6,14.389,8.9]},"south":{"texture":"#body_skin_paloby","uv":[11,3,16,5.9]},"west":{"texture":"#body_skin_paloby","uv":[11,6,12.389,8.9]},"up":{"texture":"#body_skin_paloby","uv":[9,4,14,5.389]},"down":{"texture":"#body_skin_paloby","uv":[10,4,15,5.389]}}},{"name":"Element","from":[3,3.3,7.3],"to":[5,8.1,8.7],"shade":false,"rotation":{"origin":[2,8,8],"axis":"z","angle":-22.5},"faces":{"north":{"texture":"#body_skin_paloby","uv":[12,5,14,9.8]},"east":{"texture":"#body_skin_paloby","uv":[12,4,13.4,8.8]},"south":{"texture":"#body_skin_paloby","uv":[12,5,14,9.8]},"west":{"texture":"#body_skin_paloby","uv":[12,4,13.4,8.8]},"up":{"texture":"#body_skin_paloby","uv":[12,5,14,6.4]},"down":{"texture":"#body_skin_paloby","uv":[11,4,13,5.4]}}},{"name":"Element","from":[5.8,5,7],"to":[8.2,7,9],"faces":{"north":{"texture":"#body_skin_paloby","uv":[12,3,14.4,5]},"east":{"texture":"#body_skin_paloby","uv":[13,3,14,6]},"south":{"texture":"#body_skin_paloby","uv":[12,3,14.4,5]},"west":{"texture":"#body_skin_paloby","uv":[12,4,13,7]},"down":{"texture":"#body_skin_paloby","uv":[11,6,12,9]}}},{"name":"7.001to8.999","from":[-7.3,5.2,7.301],"to":[-3,6.1,8.69],"faces":{"north":{"texture":"#body_skin_paloby","uv":[11,5,15.3,5.9]},"east":{"texture":"#body_skin_paloby","uv":[13,4,14.389,4.9]},"south":{"texture":"#body_skin_paloby","uv":[11,5,15.3,5.9]},"west":{"texture":"#body_skin_paloby","uv":[14,4,15.389,4.9]},"down":{"texture":"#body_skin_paloby","uv":[11,3,15.3,4.389]}}},{"name":"Element","from":[2,9.1,7],"to":[3.5,10.1,9],"faces":{"north":{"texture":"#body_skin_paloby","uv":[8,4,9.5,5]},"east":{"texture":"#body_skin_paloby","uv":[10,3,12,4]},"south":{"texture":"#body_skin_paloby","uv":[8,4,9.5,5]},"west":{"texture":"#body_skin_paloby","uv":[9,4,11,5]},"up":{"texture":"#body_skin_paloby","uv":[8,3,9.5,5]}}},{"name":"Element","from":[2.6,10.1,7],"to":[8.1,11.1,9],"faces":{"north":{"texture":"#body_skin_paloby","uv":[8,3,13.5,4]},"east":{"texture":"#body_skin_paloby","uv":[12,4,14,5]},"south":{"texture":"#body_skin_paloby","uv":[9,4,14.5,5]},"west":{"texture":"#body_skin_paloby","uv":[9,4,11,5]},"up":{"texture":"#body_skin_paloby","uv":[10,3,15.5,5]},"down":{"texture":"#body_skin_paloby","uv":[10,3,15.5,5]}}},{"name":"Element","from":[7.7,9.1,7],"to":[8.5,10.1,9],"faces":{"north":{"texture":"#body_skin_paloby","uv":[10,5,10.8,6]},"east":{"texture":"#body_skin_paloby","uv":[12,3,14,4]},"south":{"texture":"#body_skin_paloby","uv":[9,4,9.8,5]},"west":{"texture":"#body_skin_paloby","uv":[10,3,12,4]},"up":{"texture":"#body_skin_paloby","uv":[12,5,12.8,7]}}},{"name":"7.5-8.5(last)","from":[22,7.6,7.6],"to":[23,8.6,8.4],"faces":{"north":{"texture":"#body","uv":[0,0,1,1]},"south":{"texture":"#body","uv":[0,0,1,1]},"up":{"texture":"#body","uv":[0,0,1,0.8]},"down":{"texture":"#body","uv":[0,0,1,0.8]}}},{"name":"7.5-8.5(last)","from":[23,7.5,7.5],"to":[26,8.7,8.5],"faces":{"north":{"texture":"#body","uv":[0,0,3,1.2]},"south":{"texture":"#body","uv":[0,0,3,1.2]},"west":{"texture":"#body","uv":[4,1,5,2.2]},"up":{"texture":"#body","uv":[0,0,3,1]},"down":{"texture":"#body","uv":[1,0,4,1]}}},{"name":"Element","from":[8.99,7.5,6.8],"to":[18.99,8.6,9.2],"faces":{"north":{"texture":"#body_skin_paloby","uv":[8,4,16,5.1]},"east":{"texture":"#body_skin_paloby","uv":[12,4,14.4,5.1]},"south":{"texture":"#body_skin_paloby","uv":[6,4,16,5.1]},"west":{"texture":"#body_skin_paloby","uv":[11,4,13.4,5.1]},"up":{"texture":"#body_skin_paloby","uv":[6,3,16,5.4]},"down":{"texture":"#body_skin_paloby","uv":[7,3,16,5.4]}}},{"name":"Element","from":[9,6.6,7.5],"to":[19,9.4,8.5],"faces":{"north":{"texture":"#body_skin_paloby","uv":[8,3,16,5.8]},"east":{"texture":"#body_skin_paloby","uv":[11,3,12,5.8]},"south":{"texture":"#body_skin_paloby","uv":[8,3,16,5.8]},"west":{"texture":"#body_skin_paloby","uv":[12,3,13,5.8]},"up":{"texture":"#body_skin_paloby","uv":[9,4,16,5]},"down":{"texture":"#body_skin_paloby","uv":[8,4,16,5]}}},{"name":"Element","from":[6,3,7.4],"to":[8,5,8.6],"faces":{"north":{"texture":"#body","uv":[0,9,2,11]},"east":{"texture":"#body","uv":[0,10,1.2,12]},"south":{"texture":"#body","uv":[0,11,2,13]},"west":{"texture":"#body","uv":[1,10,2.2,12]},"down":{"texture":"#body","uv":[0,9,2,10.2]}}},{"name":"Element","from":[4.5,6,7],"to":[5.9,7,9],"faces":{"north":{"texture":"#body_skin_paloby","uv":[12,6,13.4,7]},"south":{"texture":"#body_skin_paloby","uv":[12,6,13.4,7]},"west":{"texture":"#body_skin_paloby","uv":[11,6,13,7]},"down":{"texture":"#body_skin_paloby","uv":[11,6,12.4,8]}}},{"name":"Element","from":[8.5,7.2,7.2],"to":[9,8.9,8.9],"faces":{"north":{"texture":"#body_skin_paloby","uv":[8,3,8.5,4.7]},"south":{"texture":"#body_skin_paloby","uv":[8,3,8.5,4.7]},"up":{"texture":"#body_skin_paloby","uv":[6,3,6.5,4.7]},"down":{"texture":"#body_skin_paloby","uv":[6,3,6.5,4.7]}}},{"name":"7.001to8.999","from":[-7.3,4.3,7.301],"to":[-4,5.2,8.69],"faces":{"north":{"texture":"#body_skin_paloby","uv":[11,5,14.3,5.9]},"east":{"texture":"#body_skin_paloby","uv":[11,5,12.389,5.9]},"south":{"texture":"#body_skin_paloby","uv":[12,5,15.3,5.9]},"west":{"texture":"#body_skin_paloby","uv":[11,6,12.389,6.9]},"down":{"texture":"#body_skin_paloby","uv":[11,3,14.3,4.389]}}},{"name":"Element","from":[3.3,11.5,7.3],"to":[7.3,12.9,8.7],"faces":{"north":{"texture":"#body","uv":[8,3,12,4.4]},"east":{"texture":"#body","uv":[9,2,10.4,3.4]},"south":{"texture":"#body","uv":[8,3,12,4.4]},"west":{"texture":"#body","uv":[7,1,8.4,2.4]},"up":{"texture":"#body","uv":[7,0,11,1.4]},"down":{"texture":"#body","uv":[8,0,12,1.4]}}},{"name":"Element","from":[4,10.5,7.5],"to":[5,11.5,8.5],"faces":{"north":{"texture":"#body","uv":[8,3,9,4]},"east":{"texture":"#body","uv":[9,2,10,3]},"south":{"texture":"#body","uv":[8,3,9,4]},"west":{"texture":"#body","uv":[7,1,8,2]}}},{"name":"Element","from":[5.5,10.5,7.5],"to":[6.5,11.5,8.5],"faces":{"north":{"texture":"#body","uv":[8,3,9,4]},"east":{"texture":"#body","uv":[9,2,10,3]},"south":{"texture":"#body","uv":[8,3,9,4]},"west":{"texture":"#body","uv":[7,1,8,2]}}},{"name":"Element","from":[13,3,7.3],"to":[15,7,8.7],"faces":{"north":{"texture":"#body","uv":[8,0,16,2.8]},"east":{"texture":"#body","uv":[11,0,12,2.8]},"south":{"texture":"#body","uv":[8,0,16,2.8]},"west":{"texture":"#body","uv":[12,0,13,2.8]},"down":{"texture":"#body","uv":[8,0,16,1]}}},{"name":"7.5-8.5(last)","from":[26,7.4,7.4],"to":[31,8.8,8.6],"faces":{"north":{"texture":"#body","uv":[0,0,3,1.2]},"east":{"texture":"#body","uv":[4,0,5,1.2]},"south":{"texture":"#body","uv":[0,0,3,1.2]},"west":{"texture":"#body","uv":[4,1,5,2.2]},"up":{"texture":"#body","uv":[0,0,5,1.2]},"down":{"texture":"#body","uv":[1,0,6,1.2]}}}]}