{"__comment":"ModelgeneratedusingMrCrayfish'sModelCreator(https://mrcrayfish.com/tools?id=mc)","textures":{"oak_planks":"itemsadder:item/furnitures/oak_planks"},"display":{"gui":{"rotation":[25,-45,0],"translation":[0,-0.25,0],"scale":[0.7,0.7,0.7]},"ground":{"rotation":[0,0,0],"translation":[0,1,0],"scale":[0.25,0.25,0.25]},"fixed":{"rotation":[0,180,0],"translation":[0,1,-2.25],"scale":[0.5,0.5,0.5]},"head":{"rotation":[0,0,0],"translation":[0,-30.4,0],"scale":[1.6,1.6,1.6]},"firstperson_righthand":{"rotation":[0,0,0],"translation":[0,0,0],"scale":[0.5,0.5,0.5]},"thirdperson_righthand":{"rotation":[0,0,0],"translation":[0,0,0],"scale":[0.5,0.5,0.5]}},"elements":[{"name":"Cube","from":[-6,0,2],"to":[-4,14,4],"faces":{"north":{"texture":"#oak_planks","uv":[10,4,12,16]},"east":{"texture":"#oak_planks","uv":[6,2,8,16]},"south":{"texture":"#oak_planks","uv":[1,2,3,16]},"west":{"texture":"#oak_planks","uv":[3,2,6,16]},"down":{"texture":"#oak_planks","uv":[0,0,2,2]}}},{"name":"Cube","from":[8,14,0],"to":[24,16,16],"faces":{"north":{"texture":"#oak_planks","uv":[0,3,16,4]},"east":{"texture":"#oak_planks","uv":[0,3,16,4]},"south":{"texture":"#oak_planks","uv":[0,3,16,4]},"up":{"texture":"#oak_planks","uv":[0,0,16,16]},"down":{"texture":"#oak_planks","uv":[1,1,16,16]}}},{"name":"Cube","from":[-6,0,12],"to":[-4,14,14],"faces":{"north":{"texture":"#oak_planks","uv":[7,4,9,16]},"east":{"texture":"#oak_planks","uv":[0,0,2,14]},"south":{"texture":"#oak_planks","uv":[0,0,2,14]},"west":{"texture":"#oak_planks","uv":[0,0,2,14]},"down":{"texture":"#oak_planks","uv":[0,0,2,2]}}},{"name":"Cube","from":[20,0,12],"to":[22,14,14],"faces":{"north":{"texture":"#oak_planks","uv":[12,0,14,14]},"east":{"texture":"#oak_planks","uv":[4,0,5,14]},"south":{"texture":"#oak_planks","uv":[8,2,10,16]},"west":{"texture":"#oak_planks","uv":[6,2,8,16]},"down":{"texture":"#oak_planks","uv":[0,0,2,2]}}},{"name":"Cube","from":[20,0,2],"to":[22,14,4],"faces":{"north":{"texture":"#oak_planks","uv":[14,4,16,16]},"east":{"texture":"#oak_planks","uv":[8,2,10,16]},"south":{"texture":"#oak_planks","uv":[5,1,7,15]},"west":{"texture":"#oak_planks","uv":[6,2,8,16]},"down":{"texture":"#oak_planks","uv":[0,0,2,2]}}},{"name":"Cube","from":[-8,14,0],"to":[8,16,16],"faces":{"north":{"texture":"#oak_planks","uv":[0,3,16,4]},"south":{"texture":"#oak_planks","uv":[0,3,16,4]},"west":{"texture":"#oak_planks","uv":[0,3,16,4]},"up":{"texture":"#oak_planks","uv":[0,0,16,16]},"down":{"texture":"#oak_planks","uv":[1,1,16,16]}}}]}