{"__comment":"ModelgeneratedusingMrCrayfish'sModelCreator(https://mrcrayfish.com/tools?id=mc)","textures":{"oak_planks":"itemsadder:item/furnitures/oak_planks"},"display":{"gui":{"rotation":[25,-45,0],"translation":[0,-0.25,0],"scale":[0.7,0.7,0.7]},"ground":{"rotation":[0,0,0],"translation":[0,1,0],"scale":[0.25,0.25,0.25]},"fixed":{"rotation":[0,180,0],"translation":[0,1,-2.25],"scale":[0.5,0.5,0.5]},"head":{"rotation":[0,0,0],"translation":[0,-30.4,0],"scale":[1.6,1.6,1.6]},"firstperson_righthand":{"rotation":[0,0,0],"translation":[0,0,0],"scale":[0.5,0.5,0.5]},"thirdperson_righthand":{"rotation":[0,0,0],"translation":[0,0,0],"scale":[0.5,0.5,0.5]}},"elements":[{"name":"Cube","from":[2,0,2],"to":[4,14,4],"faces":{"north":{"texture":"#oak_planks","uv":[7,4,9,16]},"east":{"texture":"#oak_planks","uv":[0,0,2,14]},"south":{"texture":"#oak_planks","uv":[0,0,2,14]},"west":{"texture":"#oak_planks","uv":[0,0,2,14]},"down":{"texture":"#oak_planks","uv":[0,0,2,2]}}},{"name":"Cube","from":[0,14,0],"to":[16,16,16],"faces":{"north":{"texture":"#oak_planks","uv":[0,3,16,4]},"east":{"texture":"#oak_planks","uv":[0,3,16,4]},"south":{"texture":"#oak_planks","uv":[0,3,16,4]},"west":{"texture":"#oak_planks","uv":[0,3,16,4]},"up":{"texture":"#oak_planks","uv":[0,0,16,16],"rotation":90},"down":{"texture":"#oak_planks","uv":[1,1,16,16]}}},{"name":"Cube","from":[2,0,12],"to":[4,14,14],"faces":{"north":{"texture":"#oak_planks","uv":[7,4,9,16]},"east":{"texture":"#oak_planks","uv":[0,0,2,14]},"south":{"texture":"#oak_planks","uv":[0,0,2,14]},"west":{"texture":"#oak_planks","uv":[0,0,2,14]},"down":{"texture":"#oak_planks","uv":[0,0,2,2]}}},{"name":"Cube","from":[12,0,12],"to":[14,14,14],"faces":{"north":{"texture":"#oak_planks","uv":[7,4,9,16]},"east":{"texture":"#oak_planks","uv":[0,0,2,14]},"south":{"texture":"#oak_planks","uv":[0,0,2,14]},"west":{"texture":"#oak_planks","uv":[0,0,2,14]},"down":{"texture":"#oak_planks","uv":[0,0,2,2]}}},{"name":"Cube","from":[12,0,2],"to":[14,14,4],"faces":{"north":{"texture":"#oak_planks","uv":[7,4,9,16]},"east":{"texture":"#oak_planks","uv":[0,0,2,14]},"south":{"texture":"#oak_planks","uv":[0,0,2,14]},"west":{"texture":"#oak_planks","uv":[0,0,2,14]},"down":{"texture":"#oak_planks","uv":[0,0,2,2]}}}]}