{	"credit":"MadewithBlockbench",	"textures":{		"0":"itemsadder:item/minigun/anvil",		"1":"itemsadder:item/minigun/stone",		"2":"itemsadder:item/minigun/black_wool",		"3":"itemsadder:item/minigun/iron_block",		"4":"itemsadder:item/minigun/polished_andesite",		"particle":"itemsadder:item/minigun/anvil"	},	"elements":[		{			"from":[5.7,5.8,0],			"to":[10.2,10.3,2],			"faces":{				"north":{"uv":[0,0,4.5,4.5],"texture":"#1"},				"east":{"uv":[0,0,2,4.5],"texture":"#1"},				"south":{"uv":[0,0,4.5,4.5],"texture":"#1"},				"west":{"uv":[0,0,2,4.5],"texture":"#1"},				"up":{"uv":[0,0,4.5,2],"texture":"#1"},				"down":{"uv":[0,0,4.5,2],"texture":"#1"}			}		},		{			"from":[5.7,5.8,5],			"to":[10.2,10.3,6],			"faces":{				"north":{"uv":[0,0,4.5,4.5],"texture":"#1"},				"east":{"uv":[0,0,1,4.5],"texture":"#1"},				"south":{"uv":[0,0,4.5,4.5],"texture":"#1"},				"west":{"uv":[0,0,1,4.5],"texture":"#1"},				"up":{"uv":[0,0,4.5,1],"texture":"#1"},				"down":{"uv":[0,0,4.5,1],"texture":"#1"}			}		},		{			"from":[5.7,5.8,11],			"to":[10.2,10.3,12],			"faces":{				"north":{"uv":[0,0,4.5,4.5],"texture":"#1"},				"east":{"uv":[0,0,1,4.5],"texture":"#1"},				"south":{"uv":[0,0,4.5,4.5],"texture":"#1"},				"west":{"uv":[0,0,1,4.5],"texture":"#1"},				"up":{"uv":[0,0,4.5,1],"texture":"#1"},				"down":{"uv":[0,0,4.5,1],"texture":"#1"}			}		},		{			"from":[5.7,5.8,15],			"to":[10.2,10.3,16],			"faces":{				"north":{"uv":[0,0,4.5,4.5],"texture":"#1"},				"east":{"uv":[0,0,1,4.5],"texture":"#1"},				"south":{"uv":[0,0,4.5,4.5],"texture":"#1"},				"west":{"uv":[0,0,1,4.5],"texture":"#1"},				"up":{"uv":[0,0,4.5,1],"texture":"#1"},				"down":{"uv":[0,0,4.5,1],"texture":"#1"}			}		},		{			"from":[3.7,2.8,17],			"to":[12.2,11.3,24],			"faces":{				"north":{"uv":[0,0,8.5,8.5],"texture":"#4"},				"east":{"uv":[0,0,7,8.5],"texture":"#4"},				"south":{"uv":[0,0,8.5,8.5],"texture":"#4"},				"west":{"uv":[0,0,7,8.5],"texture":"#4"},				"up":{"uv":[0,0,8.5,7],"texture":"#4"},				"down":{"uv":[0,0,8.5,7],"texture":"#4"}			}		},		{			"from":[3.7,2.8,24],			"to":[12.2,7.3,27],			"faces":{				"north":{"uv":[0,0,8.5,4.5],"texture":"#4"},				"east":{"uv":[0,0,3,4.5],"texture":"#4"},				"south":{"uv":[0,0,8.5,4.5],"texture":"#4"},				"west":{"uv":[0,0,3,4.5],"texture":"#4"},				"up":{"uv":[0,0,8.5,3],"texture":"#4"},				"down":{"uv":[0,0,8.5,3],"texture":"#4"}			}		},		{			"from":[1.7,7.2,15],			"to":[6.7,11.7,20],			"rotation":{"angle":22.5,"axis":"x","origin":[0,0,0]},			"faces":{				"north":{"uv":[0,0,5,4.5],"texture":"#3"},				"east":{"uv":[0,0,5,4.5],"texture":"#3"},				"south":{"uv":[0,0,5,4.5],"texture":"#3"},				"west":{"uv":[0,0,5,4.5],"texture":"#3"},				"up":{"uv":[0,0,5,5],"texture":"#3"},				"down":{"uv":[0,0,5,5],"texture":"#3"}			}		},		{			"from":[9.5,7.3,14.9],			"to":[14.5,11.8,19.9],			"rotation":{"angle":22.5,"axis":"x","origin":[0,0,0]},			"faces":{				"north":{"uv":[0,0,5,4.5],"texture":"#3"},				"east":{"uv":[0,0,5,4.5],"texture":"#3"},				"south":{"uv":[0,0,5,4.5],"texture":"#3"},				"west":{"uv":[0,0,5,4.5],"texture":"#3"},				"up":{"uv":[0,0,5,5],"texture":"#3"},				"down":{"uv":[0,0,5,5],"texture":"#3"}			}		},		{			"from":[12.2,2.8,17],			"to":[16.7,8.3,24],			"faces":{				"north":{"uv":[0,0,4.5,5.5],"texture":"#4"},				"east":{"uv":[0,0,7,5.5],"texture":"#4"},				"south":{"uv":[0,0,4.5,5.5],"texture":"#4"},				"west":{"uv":[0,0,7,5.5],"texture":"#4"},				"up":{"uv":[0,0,4.5,7],"texture":"#4"},				"down":{"uv":[0,0,4.5,7],"texture":"#4"}			}		},		{			"from":[-0.7,2.8,17],			"to":[3.8,8.3,24],			"faces":{				"north":{"uv":[0,0,4.5,5.5],"texture":"#4"},				"east":{"uv":[0,0,7,5.5],"texture":"#4"},				"south":{"uv":[0,0,4.5,5.5],"texture":"#4"},				"west":{"uv":[0,0,7,5.5],"texture":"#4"},				"up":{"uv":[0,0,4.5,7],"texture":"#4"},				"down":{"uv":[0,0,4.5,7],"texture":"#4"}			}		},		{			"from":[-4.2,5,17],			"to":[-2.7,6.5,24],			"faces":{				"north":{"uv":[0,0,1.5,1.5],"texture":"#0"},				"east":{"uv":[0,0,7,1.5],"texture":"#0"},				"south":{"uv":[0,0,1.5,1.5],"texture":"#0"},				"west":{"uv":[0,0,7,1.5],"texture":"#0"},				"up":{"uv":[0,0,1.5,7],"texture":"#0"},				"down":{"uv":[0,0,1.5,7],"texture":"#0"}			}		},		{			"from":[4.5,9,26],			"to":[11.5,10.5,27.5],			"faces":{				"north":{"uv":[0,0,7,1.5],"texture":"#0"},				"east":{"uv":[0,0,1.5,1.5],"texture":"#0"},				"south":{"uv":[0,0,7,1.5],"texture":"#0"},				"west":{"uv":[0,0,1.5,1.5],"texture":"#0"},				"up":{"uv":[0,0,1.5,7],"rotation":270,"texture":"#0"},				"down":{"uv":[0,0,1.5,7],"rotation":90,"texture":"#0"}			}		},		{			"from":[-2.7,5,17],			"to":[-0.7,6.5,18],			"faces":{				"north":{"uv":[0,0,2,1.5],"texture":"#0"},				"east":{"uv":[0,0,1,1.5],"texture":"#0"},				"south":{"uv":[0,0,2,1.5],"texture":"#0"},				"west":{"uv":[0,0,1,1.5],"texture":"#0"},				"up":{"uv":[0,0,2,1],"texture":"#0"},				"down":{"uv":[0,0,2,1],"texture":"#0"}			}		},		{			"from":[4.5,9,24],			"to":[5.5,10.5,26],			"faces":{				"north":{"uv":[0,0,1,1.5],"texture":"#0"},				"east":{"uv":[0,0,2,1.5],"texture":"#0"},				"south":{"uv":[0,0,1,1.5],"texture":"#0"},				"west":{"uv":[0,0,2,1.5],"texture":"#0"},				"up":{"uv":[0,0,2,1],"rotation":270,"texture":"#0"},				"down":{"uv":[0,0,2,1],"rotation":90,"texture":"#0"}			}		},		{			"from":[-2.7,5,23],			"to":[-0.7,6.5,24],			"faces":{				"north":{"uv":[0,0,2,1.5],"texture":"#0"},				"east":{"uv":[0,0,1,1.5],"texture":"#0"},				"south":{"uv":[0,0,2,1.5],"texture":"#0"},				"west":{"uv":[0,0,1,1.5],"texture":"#0"},				"up":{"uv":[0,0,2,1],"texture":"#0"},				"down":{"uv":[0,0,2,1],"texture":"#0"}			}		},		{			"from":[10.5,9,24],			"to":[11.5,10.5,26],			"faces":{				"north":{"uv":[0,0,1,1.5],"texture":"#0"},				"east":{"uv":[0,0,2,1.5],"texture":"#0"},				"south":{"uv":[0,0,1,1.5],"texture":"#0"},				"west":{"uv":[0,0,2,1.5],"texture":"#0"},				"up":{"uv":[0,0,2,1],"rotation":270,"texture":"#0"},				"down":{"uv":[0,0,2,1],"rotation":90,"texture":"#0"}			}		},		{			"from":[6,6,2],			"to":[7,7,17],			"faces":{				"north":{"uv":[0,0,1,1],"texture":"#0"},				"east":{"uv":[0,0,15,1],"texture":"#0"},				"south":{"uv":[0,0,1,1],"texture":"#0"},				"west":{"uv":[0,0,15,1],"texture":"#0"},				"up":{"uv":[0,0,1,15],"texture":"#0"},				"down":{"uv":[0,0,1,15],"texture":"#0"}			}		},		{			"from":[6,9,2],			"to":[7,10,17],			"faces":{				"north":{"uv":[0,0,1,1],"texture":"#0"},				"east":{"uv":[0,0,15,1],"texture":"#0"},				"south":{"uv":[0,0,1,1],"texture":"#0"},				"west":{"uv":[0,0,15,1],"texture":"#0"},				"up":{"uv":[0,0,1,15],"texture":"#0"},				"down":{"uv":[0,0,1,15],"texture":"#0"}			}		},		{			"from":[9,6,2],			"to":[10,7,17],			"faces":{				"north":{"uv":[0,0,1,1],"texture":"#0"},				"east":{"uv":[0,0,15,1],"texture":"#0"},				"south":{"uv":[0,0,1,1],"texture":"#0"},				"west":{"uv":[0,0,15,1],"texture":"#0"},				"up":{"uv":[0,0,1,15],"texture":"#0"},				"down":{"uv":[0,0,1,15],"texture":"#0"}			}		},		{			"from":[9,9,2],			"to":[10,10,17],			"faces":{				"north":{"uv":[0,0,1,1],"texture":"#0"},				"east":{"uv":[0,0,15,1],"texture":"#0"},				"south":{"uv":[0,0,1,1],"texture":"#0"},				"west":{"uv":[0,0,15,1],"texture":"#0"},				"up":{"uv":[0,0,1,15],"texture":"#0"},				"down":{"uv":[0,0,1,15],"texture":"#0"}			}		},		{			"from":[6.1,8.6,-0.2],			"to":[7.1,9.6,0],			"faces":{				"north":{"uv":[0,0,1,1],"texture":"#2"},				"east":{"uv":[0,0,0.2,1],"texture":"#2"},				"south":{"uv":[0,0,1,1],"texture":"#2"},				"west":{"uv":[0,0,0.2,1],"texture":"#2"},				"up":{"uv":[0,0,1,0.2],"texture":"#2"},				"down":{"uv":[0,0,1,0.2],"texture":"#2"}			}		},		{			"from":[6.2,6.6,-0.2],			"to":[7.2,7.6,0],			"faces":{				"north":{"uv":[0,0,1,1],"texture":"#2"},				"east":{"uv":[0,0,0.2,1],"texture":"#2"},				"south":{"uv":[0,0,1,1],"texture":"#2"},				"west":{"uv":[0,0,0.2,1],"texture":"#2"},				"up":{"uv":[0,0,1,0.2],"texture":"#2"},				"down":{"uv":[0,0,1,0.2],"texture":"#2"}			}		},		{			"from":[8.7,8.6,-0.2],			"to":[9.7,9.6,0],			"faces":{				"north":{"uv":[0,0,1,1],"texture":"#2"},				"east":{"uv":[0,0,0.2,1],"texture":"#2"},				"south":{"uv":[0,0,1,1],"texture":"#2"},				"west":{"uv":[0,0,0.2,1],"texture":"#2"},				"up":{"uv":[0,0,1,0.2],"texture":"#2"},				"down":{"uv":[0,0,1,0.2],"texture":"#2"}			}		},		{			"from":[8.7,6.6,-0.2],			"to":[9.7,7.6,0],			"faces":{				"north":{"uv":[0,0,1,1],"texture":"#2"},				"east":{"uv":[0,0,0.2,1],"texture":"#2"},				"south":{"uv":[0,0,1,1],"texture":"#2"},				"west":{"uv":[0,0,0.2,1],"texture":"#2"},				"up":{"uv":[0,0,1,0.2],"texture":"#2"},				"down":{"uv":[0,0,1,0.2],"texture":"#2"}			}		}	],	"display":{		"thirdperson_righthand":{			"rotation":[52,25,0],			"translation":[-8.5,8.25,-7.75],			"scale":[0.79,0.79,0.79]		},		"firstperson_righthand":{			"rotation":[19,16,0],			"translation":[-0.5,0,-22.75],			"scale":[1.35,1.35,1.35]		},		"ground":{			"translation":[0,5.5,0]		},		"gui":{			"rotation":[35,-159,0],			"translation":[2,-1.75,0],			"scale":[0.63,0.63,0.63]		},		"head":{			"translation":[0,11,-13.25]		},		"fixed":{			"rotation":[-90,90,0],			"translation":[-14.25,0,-17.5],			"scale":[2.05,2.05,2.05]		}	}}