{"__comment":"ModelgeneratedusingMrCrayfish'sModelCreator(https://mrcrayfish.com/tools?id=mc)","textures":{"body":"itemsadder:item/mp5/body"},"display":{"gui":{"rotation":[0,0,35],"translation":[0,1,0],"scale":[0.78,0.78,0.78]},"ground":{"rotation":[0,0,0],"translation":[0,7.75,0],"scale":[0.7,0.7,0.7]},"fixed":{"rotation":[0,180,0],"translation":[0,0,0],"scale":[0.8,0.8,0.8]},"head":{"rotation":[0,0,0],"translation":[0,14.25,0],"scale":[1,1,1]},"firstperson_righthand":{"rotation":[0,-280,0],"translation":[0,3,-4],"scale":[1,1,1]},"thirdperson_righthand":{"rotation":[0,90,0],"translation":[0,1.5,-1.75],"scale":[0.8,0.8,0.8]}},"elements":[{"name":"Element","from":[9,7,7],"to":[15,9.1,9],"faces":{"north":{"texture":"#body","uv":[10,2,16,5]},"east":{"texture":"#body","uv":[11,6,13,9]},"south":{"texture":"#body","uv":[10,3,16,6]},"up":{"texture":"#body","uv":[9,3,15,5]}}},{"name":"Element","from":[1,7,7],"to":[9,9.1,9],"faces":{"north":{"texture":"#body","uv":[8,2,16,5]},"south":{"texture":"#body","uv":[8,2,16,5]},"west":{"texture":"#body","uv":[14,3,16,6]},"up":{"texture":"#body","uv":[6,3,16,5]},"down":{"texture":"#body","uv":[6,3,16,5]}}},{"name":"7.5-8.5(last)","from":[16,7,7.5],"to":[17,8.2,8.5],"faces":{"north":{"texture":"#body","uv":[0,0,3,1]},"east":{"texture":"#body","uv":[2,0,3,1]},"south":{"texture":"#body","uv":[0,0,3,1]},"up":{"texture":"#body","uv":[0,0,1,1]},"down":{"texture":"#body","uv":[0,0,1,1]}}},{"name":"same","from":[15,8.4,7.7],"to":[16,10.1,8.3],"faces":{"north":{"texture":"#body","uv":[0,0,1,1]},"east":{"texture":"#body","uv":[0,0,1,1]},"south":{"texture":"#body","uv":[0,0,1,1]},"west":{"texture":"#body","uv":[0,0,1,1]},"up":{"texture":"#body","uv":[0,0,1,1]}}},{"name":"Element","from":[-2,5.9,7.3],"to":[0,8.5,8.7],"faces":{"north":{"texture":"#body","uv":[11,4,14,8]},"south":{"texture":"#body","uv":[11,4,14,7]},"west":{"texture":"#body","uv":[11,6,13,9]},"up":{"texture":"#body","uv":[11,4,13,6]},"down":{"texture":"#body","uv":[11,4,13,6]}}},{"name":"7.001to8.999","from":[-5.3,5.09,7.301],"to":[-2,8.29,8.69],"faces":{"north":{"texture":"#body","uv":[12,4,15,7]},"east":{"texture":"#body","uv":[14,7,16,10]},"south":{"texture":"#body","uv":[12,4,15,7]},"west":{"texture":"#body","uv":[11,6,13,9]},"up":{"texture":"#body","uv":[11,5,14,7]},"down":{"texture":"#body","uv":[11,5,14,7]}}},{"name":"Element","from":[3,4.3,7.3],"to":[5,8.1,8.7],"shade":false,"rotation":{"origin":[2,8,8],"axis":"z","angle":-22.5},"faces":{"north":{"texture":"#body","uv":[13,6,15,14]},"east":{"texture":"#body","uv":[13,6,15,14]},"south":{"texture":"#body","uv":[13,5,15,13]},"west":{"texture":"#body","uv":[13,7,15,15]},"down":{"texture":"#body","uv":[10,2,13,4]}}},{"name":"Element","from":[6,5,7.5],"to":[8,7,8.5],"faces":{"north":{"texture":"#body","uv":[13,6,16,9]},"east":{"texture":"#body","uv":[11,6,12,9]},"south":{"texture":"#body","uv":[13,7,16,10]},"west":{"texture":"#body","uv":[11,6,12,9]},"down":{"texture":"#body","uv":[11,6,12,9]}}},{"name":"Element","from":[6.7,3.6,7.5],"to":[8.7,5,8.5],"faces":{"north":{"texture":"#body","uv":[13,6,16,9]},"east":{"texture":"#body","uv":[11,6,12,9]},"south":{"texture":"#body","uv":[13,10,16,12]},"west":{"texture":"#body","uv":[11,6,12,9]},"up":{"texture":"#body","uv":[13,8,16,11]},"down":{"texture":"#body","uv":[11,6,12,9]}}},{"name":"Element","from":[7.4,2.4,7.5],"to":[9.4,3.6,8.5],"faces":{"north":{"texture":"#body","uv":[13,7,16,10]},"east":{"texture":"#body","uv":[11,6,12,9]},"south":{"texture":"#body","uv":[13,11,16,12]},"west":{"texture":"#body","uv":[11,6,12,9]},"up":{"texture":"#body","uv":[11,6,14,9]},"down":{"texture":"#body","uv":[11,6,12,9]}}},{"name":"Element","from":[8,1.8,7.5],"to":[9.4,2.4,8.5],"faces":{"north":{"texture":"#body","uv":[14,11,15.4,11.6]},"east":{"texture":"#body","uv":[15,8,16,11]},"south":{"texture":"#body","uv":[14,12,16,13]},"west":{"texture":"#body","uv":[11,6,12,9]},"down":{"texture":"#body","uv":[11,6,12,9]}}},{"name":"7.001to8.999","from":[-5.3,4.2,7.301],"to":[-4,5.1,8.69],"faces":{"north":{"texture":"#body","uv":[12,6,14,9]},"east":{"texture":"#body","uv":[12,6,14,9]},"south":{"texture":"#body","uv":[12,7,14,10]},"west":{"texture":"#body","uv":[11,6,13,9]},"down":{"texture":"#body","uv":[11,3,14,5]}}},{"name":"Element","from":[9,7.5,6.8],"to":[15,8.6,9.2],"faces":{"north":{"texture":"#body","uv":[10,2,16,5]},"east":{"texture":"#body","uv":[11,6,13,9]},"south":{"texture":"#body","uv":[10,2,16,5]},"west":{"texture":"#body","uv":[14,6,16,9]},"up":{"texture":"#body","uv":[10,2,16,4.4]},"down":{"texture":"#body","uv":[10,2,16,4.4]}}},{"name":"Element","from":[9,6.7,6.9],"to":[15,7.7,9.1],"faces":{"north":{"texture":"#body","uv":[9,4,15,5]},"east":{"texture":"#body","uv":[11,6,13,9]},"south":{"texture":"#body","uv":[10,4,16,5]},"west":{"texture":"#body","uv":[11,6,13,9]},"down":{"texture":"#body","uv":[10,3,16,5.2]}}},{"name":"7.5-8.5(last)","from":[15,6.8,7.3],"to":[16,8.4,8.7],"faces":{"north":{"texture":"#body","uv":[0,0,3,1]},"east":{"texture":"#body","uv":[2,0,3,1]},"south":{"texture":"#body","uv":[0,0,3,1]},"up":{"texture":"#body","uv":[0,0,1,1.4]},"down":{"texture":"#body","uv":[0,0,1,1.4]}}},{"name":"same","from":[2,8.4,7.7],"to":[3,10.1,8.3],"faces":{"north":{"texture":"#body","uv":[0,0,1,1]},"east":{"texture":"#body","uv":[0,0,1,1]},"south":{"texture":"#body","uv":[0,0,1,1]},"west":{"texture":"#body","uv":[0,0,1,1]},"up":{"texture":"#body","uv":[0,0,1,1]}}},{"name":"Element","from":[8.5,0.8,7.5],"to":[9.9,1.8,8.5],"faces":{"north":{"texture":"#body","uv":[14,9,15.4,10]},"east":{"texture":"#body","uv":[11,6,12,9]},"south":{"texture":"#body","uv":[14,12,16,13]},"west":{"texture":"#body","uv":[11,6,12,9]},"up":{"texture":"#body","uv":[14,10,15.4,11]},"down":{"texture":"#body","uv":[11,6,12,9]}}},{"name":"Element","from":[0,6.7,7.3],"to":[1,8.7,8.7],"faces":{"north":{"texture":"#body","uv":[13,4,16,8]},"south":{"texture":"#body","uv":[13,4,16,7]},"west":{"texture":"#body","uv":[11,6,13,9]},"up":{"texture":"#body","uv":[11,4,13,6]},"down":{"texture":"#body","uv":[11,4,13,6]}}}]}