{"__comment":"ModelgeneratedusingMrCrayfish'sModelCreator(https://mrcrayfish.com/tools?id=mc)","textures":{"cigar":"itemsadder:item/cigar/cigar"},"display":{"gui":{"rotation":[90,0,0],"translation":[0.5,0,0],"scale":[1,1,1]},"ground":{"rotation":[-45,0,90],"translation":[0,0.75,0],"scale":[0.2,0.2,0.2]},"fixed":{"rotation":[90,0,180],"translation":[0,0.5,-0.5],"scale":[0.5,0.5,0.5]},"head":{"rotation":[80,0,120],"translation":[1.75,-4.25,-8.5],"scale":[0.9,0.9,0.9]},"firstperson_righthand":{"rotation":[92,0,90],"translation":[0,3,-0.5],"scale":[0.5,0.5,0.5]},"thirdperson_righthand":{"rotation":[97,0,90],"translation":[-1,0.2,-0.35],"scale":[0.5,0.5,0.5]}},"elements":[{"name":"Cube","from":[3,5,7],"to":[5,7,9],"faces":{"north":{"texture":"#cigar","uv":[0,0,2,2],"rotation":180},"east":{"texture":"#cigar","uv":[14,0,16,2]},"south":{"texture":"#cigar","uv":[0,0,2,2]},"west":{"texture":"#cigar","uv":[11,0,13,2]},"up":{"texture":"#cigar","uv":[0,0,2,2]},"down":{"texture":"#cigar","uv":[0,0,2,2]}}},{"name":"Cube","from":[5,5.1,7.1],"to":[7,6.9,8.9],"faces":{"north":{"texture":"#cigar","uv":[2,0,4,1.8],"rotation":180},"east":{"texture":"#cigar","uv":[2,0,3.8,1.8]},"south":{"texture":"#cigar","uv":[3,0,5,1.8]},"up":{"texture":"#cigar","uv":[4,0,6,1.8]},"down":{"texture":"#cigar","uv":[3,0,5,1.8]}}},{"name":"Cube","from":[7,5.2,7.2],"to":[9,6.8,8.8],"faces":{"north":{"texture":"#cigar","uv":[3,0,5,1.6],"rotation":180},"east":{"texture":"#cigar","uv":[3,0,4.6,1.6]},"south":{"texture":"#cigar","uv":[3,0,5,1.6]},"up":{"texture":"#cigar","uv":[3,0,5,1.6]},"down":{"texture":"#cigar","uv":[3,0,5,1.6]}}},{"name":"Cube","from":[9,5.3,7.3],"to":[11,6.7,8.7],"faces":{"north":{"texture":"#cigar","uv":[3,0,5,1.4],"rotation":180},"east":{"texture":"#cigar","uv":[3,0,4.4,1.4]},"south":{"texture":"#cigar","uv":[4,0,6,1.4]},"up":{"texture":"#cigar","uv":[3,0,5,1.4]},"down":{"texture":"#cigar","uv":[3,0,5,1.4]}}},{"name":"Cube","from":[11,5.4,7.4],"to":[13,6.6,8.6],"faces":{"north":{"texture":"#cigar","uv":[4,0,6,1.2],"rotation":180},"east":{"texture":"#cigar","uv":[0,0,1.2,1.2]},"south":{"texture":"#cigar","uv":[4,0,6,1.2]},"up":{"texture":"#cigar","uv":[2,0,4,1.2]},"down":{"texture":"#cigar","uv":[3,0,5,1.2]}}}]}