{"__comment":"ModelgeneratedusingMrCrayfish'sModelCreator(https://mrcrayfish.com/tools?id=mc)","textures":{"oak_planks":"itemsadder:/item/quimicos/oak_planks","frasco":"itemsadder:/item/quimicos/frasco","quimicos_dentro":"itemsadder:/item/quimicos/quimicos_dentro"},"display":{"gui":{"rotation":[0,0,307],"translation":[0.5,0,0],"scale":[0.98,1.18,1.08]},"ground":{"rotation":[0,0,0],"translation":[0,7.75,0],"scale":[0.7,0.7,0.7]},"fixed":{"rotation":[0,180,0],"translation":[0,0,0],"scale":[0.8,0.8,0.8]},"head":{"rotation":[0,0,0],"translation":[0,14.25,0],"scale":[1,1,1]},"firstperson_righthand":{"rotation":[0,-280,0],"translation":[1,3,-4],"scale":[1,1,1]},"thirdperson_righthand":{"rotation":[0,90,0],"translation":[0,1.5,-0.75],"scale":[0.8,0.8,0.8]}},"elements":[{"name":"Cube","from":[7,2,7],"to":[9,3,9],"faces":{"north":{"texture":"#frasco","uv":[0,0,2,1]},"east":{"texture":"#frasco","uv":[0,0,2,1]},"south":{"texture":"#frasco","uv":[0,0,2,1]},"west":{"texture":"#frasco","uv":[0,0,2,1]},"up":{"texture":"#quimicos_dentro","uv":[0,0,2,2]},"down":{"texture":"#frasco","uv":[0,0,2,2]}}},{"name":"Cube","from":[7,11,7],"to":[9,12,9],"faces":{"north":{"texture":"#frasco","uv":[0,0,2,1]},"east":{"texture":"#frasco","uv":[0,0,2,1]},"south":{"texture":"#frasco","uv":[0,0,2,1]},"west":{"texture":"#frasco","uv":[0,0,2,1]},"down":{"texture":"#frasco","uv":[0,0,2,2]}}},{"name":"Cube","from":[6,3,7],"to":[7,11,9],"faces":{"north":{"texture":"#frasco","uv":[0,0,1,8]},"east":{"texture":"#quimicos_dentro","uv":[0,0,2,8]},"south":{"texture":"#frasco","uv":[0,0,1,8]},"west":{"texture":"#frasco","uv":[0,0,2,8]},"up":{"texture":"#frasco","uv":[0,0,1,2]},"down":{"texture":"#frasco","uv":[0,0,1,2]}}},{"name":"Cube","from":[9,3,7],"to":[10,11,9],"faces":{"north":{"texture":"#frasco","uv":[0,0,1,8]},"east":{"texture":"#frasco","uv":[0,0,2,8]},"south":{"texture":"#frasco","uv":[0,0,1,8]},"west":{"texture":"#quimicos_dentro","uv":[0,0,2,8]},"up":{"texture":"#frasco","uv":[0,0,1,2]},"down":{"texture":"#frasco","uv":[0,0,1,2]}}},{"name":"Cube","from":[7,3,9],"to":[9,11,10],"faces":{"north":{"texture":"#quimicos_dentro","uv":[0,0,2,8]},"east":{"texture":"#frasco","uv":[0,0,1,8]},"south":{"texture":"#frasco","uv":[0,0,2,8]},"west":{"texture":"#frasco","uv":[0,0,1,8]},"up":{"texture":"#frasco","uv":[0,0,2,1]},"down":{"texture":"#frasco","uv":[0,0,2,1]}}},{"name":"Cube","from":[7,3,6],"to":[9,11,7],"faces":{"north":{"texture":"#frasco","uv":[0,0,2,8]},"east":{"texture":"#frasco","uv":[0,0,1,8]},"south":{"texture":"#quimicos_dentro","uv":[0,0,2,8]},"west":{"texture":"#frasco","uv":[0,0,1,8]},"up":{"texture":"#frasco","uv":[0,0,2,1]},"down":{"texture":"#frasco","uv":[0,0,2,1]}}},{"name":"Cube","from":[7,12,6],"to":[9,13,7],"faces":{"north":{"texture":"#frasco","uv":[0,0,2,1]},"east":{"texture":"#frasco","uv":[0,0,1,1]},"west":{"texture":"#frasco","uv":[0,0,1,1]},"up":{"texture":"#frasco","uv":[0,0,2,1]},"down":{"texture":"#frasco","uv":[0,0,2,1]}}},{"name":"Cube","from":[7,12,9],"to":[9,13,10],"faces":{"east":{"texture":"#frasco","uv":[0,0,1,1]},"south":{"texture":"#frasco","uv":[0,0,2,1]},"west":{"texture":"#frasco","uv":[0,0,1,1]},"up":{"texture":"#frasco","uv":[0,0,2,1]},"down":{"texture":"#frasco","uv":[0,0,2,1]}}},{"name":"Cube","from":[9,12,7],"to":[10,13,9],"faces":{"north":{"texture":"#frasco","uv":[0,0,1,1]},"east":{"texture":"#frasco","uv":[0,0,2,1]},"south":{"texture":"#frasco","uv":[0,0,1,1]},"up":{"texture":"#frasco","uv":[0,0,1,2]},"down":{"texture":"#frasco","uv":[0,0,1,2]}}},{"name":"Cube","from":[6,12,7],"to":[7,13,9],"faces":{"north":{"texture":"#frasco","uv":[0,0,1,1]},"south":{"texture":"#frasco","uv":[0,0,1,1]},"west":{"texture":"#frasco","uv":[0,0,2,1]},"up":{"texture":"#frasco","uv":[0,0,1,2]},"down":{"texture":"#frasco","uv":[0,0,1,2]}}},{"name":"Cube","from":[7,12,7],"to":[9,13.5,9],"faces":{"north":{"texture":"#oak_planks","uv":[0,0,2,1.5]},"east":{"texture":"#oak_planks","uv":[0,0,2,1.5]},"south":{"texture":"#oak_planks","uv":[0,0,2,1.5]},"west":{"texture":"#oak_planks","uv":[0,0,2,1.5]},"up":{"texture":"#oak_planks","uv":[0,0,2,2]}}}]}