{"credit":"MadewithBlockbench","textures":{"0":"itemsadder:item/red_backpack","particle":"itemsadder:item/red_backpack"},"elements":[{"from":[6.6,5.8,8],"to":[9.4,9.1,9.2],"faces":{"north":{"uv":[9,2,14,6],"rotation":180,"texture":"#0","tintindex":0},"east":{"uv":[7,2,9,6],"texture":"#0","tintindex":0},"south":{"uv":[2,2,7,6],"texture":"#0","tintindex":0},"west":{"uv":[0,2,2,6],"texture":"#0","tintindex":0},"up":{"uv":[2,0,7,2],"texture":"#0","tintindex":0},"down":{"uv":[7,0,12,2],"rotation":180,"texture":"#0","tintindex":0}}},{"from":[6.8,6,9.2],"to":[9.2,7.3,9.6],"faces":{"north":{"uv":[10.286,2.286,15.941,6.727],"texture":"#0","tintindex":0},"east":{"uv":[8,0,9,2],"rotation":180,"texture":"#0","tintindex":0},"south":{"uv":[2,6.5,7,9],"texture":"#0","tintindex":0},"west":{"uv":[8,0,9,2],"rotation":180,"texture":"#0","tintindex":0},"up":{"uv":[7,0,12,2],"rotation":180,"texture":"#0","tintindex":0},"down":{"uv":[7,0,12,2],"rotation":180,"texture":"#0","tintindex":0}}},{"from":[8.6,5.7,7.9],"to":[8.8,9,8.4],"rotation":{"angle":0,"axis":"y","origin":[7.7,8,8]},"faces":{"north":{"uv":[6.5,3,9,3.5],"rotation":180,"texture":"#0","tintindex":0},"east":{"uv":[6.5,3,9,3.5],"rotation":180,"texture":"#0","tintindex":0},"south":{"uv":[6.5,3,9,3.5],"rotation":180,"texture":"#0","tintindex":0},"west":{"uv":[6.5,3,9,3.5],"rotation":180,"texture":"#0","tintindex":0},"up":{"uv":[6.5,3,9,3.5],"rotation":180,"texture":"#0","tintindex":0},"down":{"uv":[6.5,3,9,3.5],"rotation":180,"texture":"#0","tintindex":0}}},{"from":[7.2,5.7,7.9],"to":[7.4,9,8.5],"rotation":{"angle":0,"axis":"y","origin":[8.3,8,8]},"faces":{"north":{"uv":[6.5,3,9,3.5],"rotation":180,"texture":"#0","tintindex":0},"east":{"uv":[6.5,3,9,3.5],"rotation":180,"texture":"#0","tintindex":0},"south":{"uv":[6.5,3,9,3.5],"rotation":180,"texture":"#0","tintindex":0},"west":{"uv":[6.5,3,9,3.5],"rotation":180,"texture":"#0","tintindex":0},"up":{"uv":[6.5,3,9,3.5],"rotation":180,"texture":"#0","tintindex":0},"down":{"uv":[6.5,3,9,3.5],"rotation":180,"texture":"#0","tintindex":0}}}],"display":{"thirdperson_righthand":{"rotation":[67.5,0,0],"translation":[-5.5,-4.75,7.75],"scale":[2.5,2.5,2.5]},"thirdperson_lefthand":{"rotation":[70,0,0],"translation":[-5.5,-5,8.5],"scale":[2.5,2.5,2.5]},"firstperson_righthand":{"scale":[0,0,0]},"firstperson_lefthand":{"scale":[0,0,0]},"ground":{"translation":[0,1.75,0],"scale":[0.7,0.7,0.7]},"gui":{"rotation":[25,-45,0],"translation":[1.5,3,0],"scale":[3.7,3.7,3.7]},"head":{"translation":[0,-14.25,3.5],"scale":[4,4,4]},"fixed":{"rotation":[0,180,0],"translation":[0,2,-0.75],"scale":[4,4,4]}}}