{"__comment":"ModelgeneratedusingMrCrayfish'sModelCreator(https://mrcrayfish.com/tools?id=mc)","textures":{"body":"itemsadder:item/body_remington"},"display":{"gui":{"rotation":[0,0,35],"translation":[-0.8,0.4,0],"scale":[0.38,0.48,0.58]},"ground":{"rotation":[0,0,0],"translation":[0,2.75,0],"scale":[0.7,0.7,0.7]},"fixed":{"rotation":[0,180,0],"translation":[0,0,0],"scale":[0.8,0.8,0.8]},"head":{"rotation":[0,0,0],"translation":[0,14.25,0],"scale":[1,1,1]},"firstperson_righthand":{"rotation":[0,-280,0],"translation":[0,4.5,-3.5],"scale":[1,1,1]},"thirdperson_righthand":{"rotation":[0,90,0],"translation":[0,0.1,-5.45],"scale":[0.8,0.8,0.8]}},"elements":[{"name":"Element","from":[-11.7,4.05,7.405],"to":[-1.7,7.05,8.595],"faces":{"north":{"texture":"#body","uv":[8,2,16,5]},"east":{"texture":"#body","uv":[0,0,1.19,3]},"south":{"texture":"#body","uv":[8,2,16,5]},"west":{"texture":"#body","uv":[14,2,15.19,5]},"up":{"texture":"#body","uv":[8,2,16,3.19]},"down":{"texture":"#body","uv":[13,3,16,5]}}},{"name":"Element","from":[1.4,1.15,7.4],"to":[3.4,6.95,8.6],"shade":false,"rotation":{"origin":[4,8,8],"axis":"z","angle":-45.0},"faces":{"north":{"texture":"#body","uv":[4,9,6,13.8]},"east":{"texture":"#body","uv":[4,10,5.4,14.8]},"south":{"texture":"#body","uv":[4,11,6,15.8]},"west":{"texture":"#body","uv":[4,10,5.4,14.8]},"up":{"texture":"#body","uv":[3,13,5,14.4]},"down":{"texture":"#body","uv":[3,13,5,14.4]}}},{"name":"Element","from":[10.4,7.25,7.75],"to":[21.4,7.75,8.25],"faces":{"north":{"texture":"#body","uv":[8,2,16,2.5]},"south":{"texture":"#body","uv":[8,2,16,2.5]}}},{"name":"Element","from":[10.4,6.25,7.45],"to":[33.4,7.35,8.55],"faces":{"north":{"texture":"#body","uv":[8,1,16,2.1]},"east":{"texture":"#body","uv":[9,2,10.1,3.1]},"south":{"texture":"#body","uv":[8,1,16,2.1]},"up":{"texture":"#body","uv":[8,1,16,2.1]},"down":{"texture":"#body","uv":[13,1,16,2.1]}}},{"name":"Element","from":[10.4,7.65,7.45],"to":[33.4,8.75,8.55],"faces":{"north":{"texture":"#body","uv":[6,1,16,2.1]},"east":{"texture":"#body","uv":[0,0,1.1,1.1]},"south":{"texture":"#body","uv":[8,1,16,2.1]},"up":{"texture":"#body","uv":[8,0,16,1.1]},"down":{"texture":"#body","uv":[13,1,16,2.1]}}},{"name":"Element","from":[16.4,5.85,7],"to":[23.4,7.85,9],"faces":{"north":{"texture":"#body","uv":[9,3,16,5]},"east":{"texture":"#body","uv":[14,3,16,5]},"south":{"texture":"#body","uv":[9,3,16,5]},"west":{"texture":"#body","uv":[14,2,16,4]},"up":{"texture":"#body","uv":[9,3,16,5]},"down":{"texture":"#body","uv":[13,3,16,5]}}},{"name":"Element","from":[26.4,7.25,7.75],"to":[27.4,7.75,8.25],"faces":{"north":{"texture":"#body","uv":[8,2,9,2.5]},"east":{"texture":"#body","uv":[0,0,0.5,0.5]},"south":{"texture":"#body","uv":[8,2,9,2.5]},"west":{"texture":"#body","uv":[14,2,14.5,2.5]}}},{"name":"Element","from":[31.4,7.25,7.75],"to":[32.4,7.75,8.25],"faces":{"north":{"texture":"#body","uv":[8,2,9,2.5]},"east":{"texture":"#body","uv":[0,0,0.5,0.5]},"south":{"texture":"#body","uv":[8,2,9,2.5]},"west":{"texture":"#body","uv":[14,2,14.5,2.5]}}},{"name":"Element","from":[31.4,8.75,7.75],"to":[31.9,9.25,8.25],"faces":{"north":{"texture":"#body","uv":[8,2,8.5,2.5]},"east":{"texture":"#body","uv":[0,0,0.5,0.5]},"south":{"texture":"#body","uv":[8,2,8.5,2.5]},"west":{"texture":"#body","uv":[14,2,14.5,2.5]},"up":{"texture":"#body","uv":[8,2,8.5,2.5]}}},{"name":"Element","from":[2.4,9.15,7.75],"to":[3.4,9.65,8.25],"faces":{"north":{"texture":"#body","uv":[15,4,16,4.5]},"east":{"texture":"#body","uv":[15,4,15.5,4.5]},"south":{"texture":"#body","uv":[15,4,16,4.5]},"west":{"texture":"#body","uv":[15,4,15.5,4.5]},"up":{"texture":"#body","uv":[15,4,16,4.5]}}},{"name":"Element","from":[2.4,9.65,7.75],"to":[2.9,9.95,8.25],"faces":{"north":{"texture":"#body","uv":[15,5,15.5,5.3]},"east":{"texture":"#body","uv":[15,6,15.5,6.3]},"south":{"texture":"#body","uv":[15,5,15.5,5.3]},"west":{"texture":"#body","uv":[15,5,15.5,5.3]},"up":{"texture":"#body","uv":[15,9,15.5,9.5]}}},{"name":"Element","from":[1.4,5.85,7],"to":[10.4,9.15,9],"faces":{"north":{"texture":"#body","uv":[8,1,16,4.3]},"east":{"texture":"#body","uv":[0,0,2,3.3]},"south":{"texture":"#body","uv":[8,1,16,4.3]},"west":{"texture":"#body","uv":[14,2,16,5.3]},"up":{"texture":"#body","uv":[8,2,16,4]},"down":{"texture":"#body","uv":[13,3,16,5]}}},{"name":"Element","from":[-11.7,3.05,7.405],"to":[-4.7,4.05,8.595],"faces":{"north":{"texture":"#body","uv":[9,4,16,5]},"east":{"texture":"#body","uv":[0,0,1.19,1]},"south":{"texture":"#body","uv":[9,4,16,5]},"west":{"texture":"#body","uv":[14,2,15.19,3]},"down":{"texture":"#body","uv":[13,3,16,5]}}},{"name":"Element","from":[-11.7,2.05,7.405],"to":[-8.7,3.05,8.595],"faces":{"north":{"texture":"#body","uv":[13,4,16,5]},"east":{"texture":"#body","uv":[0,0,1.19,1]},"south":{"texture":"#body","uv":[13,4,16,5]},"west":{"texture":"#body","uv":[14,2,15.19,3]},"down":{"texture":"#body","uv":[13,3,16,5]}}},{"name":"Element","from":[5.4,7.25,8.3],"to":[9.4,8.55,9.3],"faces":{"east":{"texture":"#body","uv":[0,0,1,1.3]},"south":{"texture":"#body","uv":[12,4,16,5]},"west":{"texture":"#body","uv":[14,2,15,3.3]},"up":{"texture":"#body","uv":[8,2,12,3]},"down":{"texture":"#body","uv":[13,3,16,5]}}}]}