{"credit":"MadewithBlockbench","parent":"item/handheld","textures":{"layer0":"itemsadder:item/ruby_pickaxe_hat"},"display":{"thirdperson_righthand":{"rotation":[65,0,0],"translation":[0,-3.5,-1.25],"scale":[0.5,0.5,1]},"thirdperson_lefthand":{"rotation":[65,0,0],"translation":[0,-3.5,-1.25],"scale":[0.5,0.5,1]},"firstperson_righthand":{"rotation":[26,137,-30],"scale":[0.5,0.5,0.5]},"firstperson_lefthand":{"rotation":[-32,161,15],"scale":[0.5,0.5,0.5]},"ground":{"scale":[0.5,0.5,0.5]},"gui":{"scale":[0.5,0.5,0.5]},"head":{"translation":[-14,3.75,0],"scale":[1.5,1.5,1.5]},"fixed":{"scale":[0.5,0.5,0.5]}}}