{"__comment":"ModelgeneratedusingMrCrayfish'sModelCreator(https://mrcrayfish.com/tools?id=mc)","textures":{"bodyscar":"itemsadder:item/scarl/bodyscar"},"display":{"gui":{"rotation":[0,0,35],"translation":[0,1,0],"scale":[0.68,0.88,0.58]},"ground":{"rotation":[0,0,0],"translation":[0,2.75,0],"scale":[0.7,0.7,0.7]},"fixed":{"rotation":[0,180,0],"translation":[0,0,0],"scale":[0.8,0.8,0.8]},"head":{"rotation":[0,0,0],"translation":[0,14.25,0],"scale":[1,1,1]},"firstperson_righthand":{"rotation":[0,-280,0],"translation":[0,4.5,-3.5],"scale":[1,1,1]},"thirdperson_righthand":{"rotation":[0,90,0],"translation":[0,1.8,-2.65],"scale":[0.8,0.8,0.8]}},"elements":[{"name":"Element","from":[8.5,7,7],"to":[18.5,9.1,9],"faces":{"north":{"texture":"#bodyscar","uv":[9,2,16,4.1]},"east":{"texture":"#bodyscar","uv":[12,1,14,3.1]},"south":{"texture":"#bodyscar","uv":[8,2,16,4.1]},"up":{"texture":"#bodyscar","uv":[8,1,16,3]},"down":{"texture":"#bodyscar","uv":[9,0,16,2]}}},{"name":"Element","from":[1,7,7],"to":[8.5,9.1,9],"faces":{"north":{"texture":"#bodyscar","uv":[8,2,15.5,4.1]},"south":{"texture":"#bodyscar","uv":[8,2,15.5,4.1]},"west":{"texture":"#bodyscar","uv":[14,2,16,4.1]},"up":{"texture":"#bodyscar","uv":[8,2,15.5,4]},"down":{"texture":"#bodyscar","uv":[13,3,16,5]}}},{"name":"7.5-8.5(last)","from":[18,7.5,7.5],"to":[20,8.7,8.5],"faces":{"north":{"texture":"#bodyscar","uv":[6,10,8,11.2]},"east":{"texture":"#bodyscar","uv":[9,10,10,11.2]},"south":{"texture":"#bodyscar","uv":[7,10,9,11.2]},"up":{"texture":"#bodyscar","uv":[7,11,9,12]},"down":{"texture":"#bodyscar","uv":[7,8,9,9]}}},{"name":"same","from":[18.8,8.5,7.7],"to":[19.6,10.8,8.2],"faces":{"north":{"texture":"#bodyscar","uv":[9,9,9.8,11.3]},"east":{"texture":"#bodyscar","uv":[8,8,8.5,10.3]},"south":{"texture":"#bodyscar","uv":[9,11,9.8,13.3]},"west":{"texture":"#bodyscar","uv":[9,10,9.5,12.3]},"up":{"texture":"#bodyscar","uv":[9,12,9.8,12.5]}}},{"name":"Element","from":[-2,6.4,7.3],"to":[1,9,8.7],"faces":{"north":{"texture":"#bodyscar","uv":[2,4,5,6.6]},"east":{"texture":"#bodyscar","uv":[2,4,3.4,6.6]},"south":{"texture":"#bodyscar","uv":[3,4,6,6.6]},"west":{"texture":"#bodyscar","uv":[3,4,4.4,6.6]},"up":{"texture":"#bodyscar","uv":[0,1,3,2.4]},"down":{"texture":"#bodyscar","uv":[0,1,3,2.4]}}},{"name":"7.001to8.999","from":[-7.3,6.09,7.301],"to":[-4,8.99,8.69],"faces":{"north":{"texture":"#bodyscar","uv":[12,4,15,6.9]},"east":{"texture":"#bodyscar","uv":[13,5,14.389,7.9]},"south":{"texture":"#bodyscar","uv":[12,4,15,6.9]},"west":{"texture":"#bodyscar","uv":[11,6,12.389,8.9]},"up":{"texture":"#bodyscar","uv":[0,0,3.3,1.389]},"down":{"texture":"#bodyscar","uv":[2,1,7,2.389]}}},{"name":"Element","from":[3,3.3,7.3],"to":[5,8.1,8.7],"shade":false,"rotation":{"origin":[2,8,8],"axis":"z","angle":-22.5},"faces":{"north":{"texture":"#bodyscar","uv":[3,9,5,13.8]},"east":{"texture":"#bodyscar","uv":[3,10,4.4,14.8]},"south":{"texture":"#bodyscar","uv":[3,11,5,15.8]},"west":{"texture":"#bodyscar","uv":[3,10,4.4,14.8]},"up":{"texture":"#bodyscar","uv":[3,13,5,14.4]},"down":{"texture":"#bodyscar","uv":[3,13,5,14.4]}}},{"name":"Element","from":[6.5,5,7],"to":[8.9,7,9],"faces":{"north":{"texture":"#bodyscar","uv":[13,3,15.4,5]},"east":{"texture":"#bodyscar","uv":[14,3,16,5]},"south":{"texture":"#bodyscar","uv":[13,3,15.4,5]},"west":{"texture":"#bodyscar","uv":[14,3,16,5]},"up":{"texture":"#bodyscar","uv":[13,3,15.4,5]},"down":{"texture":"#bodyscar","uv":[13,3,15.4,5]}}},{"name":"7.001to8.999","from":[-7.3,5.2,7.301],"to":[-5,6.1,8.69],"faces":{"north":{"texture":"#bodyscar","uv":[12,6,14.3,6.9]},"east":{"texture":"#bodyscar","uv":[11,5,12.389,5.9]},"south":{"texture":"#bodyscar","uv":[12,6,14.3,6.9]},"west":{"texture":"#bodyscar","uv":[11,6,12.389,6.9]},"down":{"texture":"#bodyscar","uv":[11,3,13.3,4.389]}}},{"name":"7.5-8.5(last)","from":[20,7.6,7.6],"to":[23,8.6,8.4],"faces":{"north":{"texture":"#bodyscar","uv":[7,9,10,10]},"south":{"texture":"#bodyscar","uv":[7,11,10,12]},"up":{"texture":"#bodyscar","uv":[7,12,10,12.8]},"down":{"texture":"#bodyscar","uv":[7,9,10,9.8]}}},{"name":"7.5-8.5(last)","from":[23,7.5,7.5],"to":[25,8.7,8.5],"faces":{"north":{"texture":"#bodyscar","uv":[6,9,8,10.2]},"east":{"texture":"#bodyscar","uv":[6,9,7,10.2]},"south":{"texture":"#bodyscar","uv":[6,10,8,11.2]},"west":{"texture":"#bodyscar","uv":[8,11,9,12.2]},"up":{"texture":"#bodyscar","uv":[6,11,8,12]},"down":{"texture":"#bodyscar","uv":[6,9,8,10]}}},{"name":"Element","from":[12.99,7.2,6.8],"to":[17.99,8.3,9.2],"faces":{"north":{"texture":"#bodyscar","uv":[6,12,10,13.1]},"east":{"texture":"#bodyscar","uv":[6,11,9.4,12.1]},"south":{"texture":"#bodyscar","uv":[6,12,10,13.1]},"west":{"texture":"#bodyscar","uv":[7,7,9.4,8.1]},"up":{"texture":"#bodyscar","uv":[6,11,10,13.4]},"down":{"texture":"#bodyscar","uv":[6,9,10,11.4]}}},{"name":"Element","from":[1,6,7],"to":[6.5,7,9],"faces":{"north":{"texture":"#bodyscar","uv":[12,4,16,5]},"south":{"texture":"#bodyscar","uv":[11,4,16,5]},"west":{"texture":"#bodyscar","uv":[14,4,16,5]},"up":{"texture":"#bodyscar","uv":[10,3,15.5,5]},"down":{"texture":"#bodyscar","uv":[11,3,16,5]}}},{"name":"7.001to8.999","from":[-7.3,4.3,7.301],"to":[-6,5.2,8.69],"faces":{"north":{"texture":"#bodyscar","uv":[12,6,13.3,6.9]},"east":{"texture":"#bodyscar","uv":[10,2,11.389,2.9]},"south":{"texture":"#bodyscar","uv":[12,6,13.3,6.9]},"west":{"texture":"#bodyscar","uv":[12,7,13.389,7.9]},"down":{"texture":"#bodyscar","uv":[12,5,13.3,6.389]}}},{"name":"same","from":[1.8,8.5,7.7],"to":[2.6,10.8,8.2],"faces":{"north":{"texture":"#bodyscar","uv":[8,8,8.8,10.3]},"east":{"texture":"#bodyscar","uv":[8,9,8.5,11.3]},"south":{"texture":"#bodyscar","uv":[8,9,8.8,11.3]},"west":{"texture":"#bodyscar","uv":[8,10,8.5,12.3]},"up":{"texture":"#bodyscar","uv":[8,9,8.8,9.5]}}},{"name":"Element","from":[-4,6.7,7.3],"to":[-2,9,8.7],"faces":{"north":{"texture":"#bodyscar","uv":[2,4,4,6.3]},"south":{"texture":"#bodyscar","uv":[2,4,4,6.3]},"west":{"texture":"#bodyscar","uv":[12,8,13.4,10.3]},"up":{"texture":"#bodyscar","uv":[3,1,5,2.4]},"down":{"texture":"#bodyscar","uv":[2,1,5,2.4]}}},{"name":"7.001to8.999","from":[-7.6,4.1,7.201],"to":[-7.3,9.1,8.79],"faces":{"north":{"texture":"#bodyscar","uv":[7,9,7.3,14]},"east":{"texture":"#bodyscar","uv":[8,10,9.589,15]},"south":{"texture":"#bodyscar","uv":[7,13,7.3,16]},"west":{"texture":"#bodyscar","uv":[8,10,9.589,15]},"up":{"texture":"#bodyscar","uv":[9,12,9.3,13.589]},"down":{"texture":"#bodyscar","uv":[8,10,8.3,11.589]}}},{"name":"Element","from":[6.7,4,7.5],"to":[8.7,5,8.5],"faces":{"north":{"texture":"#bodyscar","uv":[13,13,16,14]},"east":{"texture":"#bodyscar","uv":[15,11,16,14]},"south":{"texture":"#bodyscar","uv":[13,14,16,15]},"west":{"texture":"#bodyscar","uv":[14,9,15,12]},"down":{"texture":"#bodyscar","uv":[13,8,14,11]}}},{"name":"Element","from":[7.4,2.6,7.5],"to":[9.7,4,8.5],"faces":{"north":{"texture":"#bodyscar","uv":[13,12,16,14]},"east":{"texture":"#bodyscar","uv":[5,7,6,10]},"south":{"texture":"#bodyscar","uv":[13,12,16,14]},"west":{"texture":"#bodyscar","uv":[15,10,16,13]},"up":{"texture":"#bodyscar","uv":[13,12,15.3,13]},"down":{"texture":"#bodyscar","uv":[15,9,16,12]}}},{"name":"Element","from":[8.4,2,7.5],"to":[10.4,2.6,8.5],"faces":{"north":{"texture":"#bodyscar","uv":[13,13,16,15]},"east":{"texture":"#bodyscar","uv":[5,7,6,10]},"south":{"texture":"#bodyscar","uv":[13,14,16,16]},"west":{"texture":"#bodyscar","uv":[11,6,12,9]},"up":{"texture":"#bodyscar","uv":[13,9,15,10]},"down":{"texture":"#bodyscar","uv":[15,11,16,14]}}},{"name":"Element","from":[9,1.4,7.5],"to":[10.4,2,8.5],"faces":{"north":{"texture":"#bodyscar","uv":[16,12,15.15,14]},"east":{"texture":"#bodyscar","uv":[5,7,6,10]},"south":{"texture":"#bodyscar","uv":[16,11,14,13],"rotation":180},"west":{"texture":"#bodyscar","uv":[11,6,12,9]},"down":{"texture":"#bodyscar","uv":[11,6,12,9]}}},{"name":"Element","from":[11.99,8.2,7.4],"to":[12.39,8.8,9.6],"faces":{"east":{"texture":"#bodyscar","uv":[7,9,9.2,9.6]},"south":{"texture":"#bodyscar","uv":[9,13,9.4,13.6]},"west":{"texture":"#bodyscar","uv":[7,9,9.2,9.6]},"up":{"texture":"#bodyscar","uv":[9,10,9.4,12.2]},"down":{"texture":"#bodyscar","uv":[9,11,9.4,13.2]}}},{"name":"Element","from":[9.49,6.6,7.3],"to":[17.99,7,8.6],"faces":{"north":{"texture":"#bodyscar","uv":[6,9,9.5,9.4]},"east":{"texture":"#bodyscar","uv":[7,11,9.4,12.1]},"south":{"texture":"#bodyscar","uv":[6,11,9.5,11.4]},"west":{"texture":"#bodyscar","uv":[7,10,9.4,11.1]},"up":{"texture":"#bodyscar","uv":[6,10,14.5,11.3]},"down":{"texture":"#bodyscar","uv":[6,12,9.5,13.3]}}}]}