{"credit":"MadewithBlockbench","textures":{"1":"block/cartography_table_side3","2":"block/black_concrete","3":"itemsadder:item/school_chair_lazy/toy","4":"itemsadder:item/school_chair_lazy/book","5":"itemsadder:item/school_chair_lazy/book_paper","6":"itemsadder:item/school_chair_lazy/black_concrete","7":"itemsadder:item/school_chair_lazy/rubber","8":"itemsadder:item/school_chair_lazy/birch_planks","particle":"itemsadder:item/school_chair_lazy/toy"},"elements":[{"name":"Cube","from":[12,0,4],"to":[13,9,5],"rotation":{"angle":0,"axis":"y","origin":[18,8,8]},"faces":{"north":{"uv":[0,0,1,16],"texture":"#2"},"east":{"uv":[0,0,1,16],"texture":"#2"},"south":{"uv":[0,0,1,16],"texture":"#2"},"west":{"uv":[0,0,1,16],"texture":"#2"},"up":{"uv":[0,0,1,16],"texture":"#2"},"down":{"uv":[0,0,1,16],"texture":"#2"}}},{"name":"Cube","from":[12,0,11],"to":[13,9,12],"rotation":{"angle":0,"axis":"y","origin":[18,8,8]},"faces":{"north":{"uv":[0,0,1,16],"texture":"#2"},"east":{"uv":[0,0,1,16],"texture":"#2"},"south":{"uv":[0,0,1,16],"texture":"#2"},"west":{"uv":[0,0,1,16],"texture":"#2"},"up":{"uv":[0,0,1,16],"texture":"#2"},"down":{"uv":[0,0,1,16],"texture":"#2"}}},{"name":"Cube","from":[21,0,11],"to":[22,9,12],"rotation":{"angle":0,"axis":"y","origin":[18,8,8]},"faces":{"north":{"uv":[0,0,1,16],"texture":"#2"},"east":{"uv":[0,0,1,16],"texture":"#2"},"south":{"uv":[0,0,1,16],"texture":"#2"},"west":{"uv":[0,0,1,16],"texture":"#2"},"up":{"uv":[0,0,1,16],"texture":"#2"},"down":{"uv":[0,0,1,16],"texture":"#2"}}},{"name":"Cube","from":[21,0,4],"to":[22,9,5],"rotation":{"angle":0,"axis":"y","origin":[18,8,8]},"faces":{"north":{"uv":[0,0,1,16],"texture":"#2"},"east":{"uv":[0,0,1,16],"texture":"#2"},"south":{"uv":[0,0,1,16],"texture":"#2"},"west":{"uv":[0,0,1,16],"texture":"#2"},"up":{"uv":[0,0,1,16],"texture":"#2"},"down":{"uv":[0,0,1,16],"texture":"#2"}}},{"name":"Cube","from":[12,9,3],"to":[22,10,13],"rotation":{"angle":0,"axis":"y","origin":[18,8,8]},"faces":{"north":{"uv":[1,0,4,16],"rotation":90,"texture":"#1"},"east":{"uv":[0,0,2,16],"rotation":90,"texture":"#1"},"south":{"uv":[1,0,4,16],"rotation":90,"texture":"#1"},"west":{"uv":[1,0,3,16],"rotation":90,"texture":"#1"},"up":{"uv":[0,1,16,15],"texture":"#1"},"down":{"uv":[0,0,16,16],"texture":"#1"}}},{"name":"Cube","from":[20.9,16.8,3.1],"to":[21.9,21.2,12.9],"rotation":{"angle":0,"axis":"z","origin":[22,14.3,8]},"faces":{"north":{"uv":[0,0,16,2],"rotation":90,"texture":"#1"},"east":{"uv":[0,0,16,16],"texture":"#1"},"south":{"uv":[0,0,16,2],"rotation":90,"texture":"#1"},"west":{"uv":[0,0,16,16],"texture":"#1"},"up":{"uv":[0,1,16,4],"rotation":90,"texture":"#1"},"down":{"uv":[0,1,16,4],"rotation":90,"texture":"#1"}}},{"name":"Cube","from":[20.9,10,3.1],"to":[21.9,16.8,3.9],"rotation":{"angle":0,"axis":"z","origin":[22,14.3,8]},"faces":{"north":{"uv":[1,0,3,16],"texture":"#1"},"east":{"uv":[1,0,3,16],"texture":"#1"},"south":{"uv":[1,0,3,16],"texture":"#1"},"west":{"uv":[1,0,3,16],"texture":"#1"},"up":{"uv":[1,0,3,16],"texture":"#1"},"down":{"uv":[1,0,3,16],"texture":"#1"}}},{"name":"Cube","from":[20.9,10,12.1],"to":[21.9,16.8,12.9],"rotation":{"angle":0,"axis":"z","origin":[22,14.3,8]},"faces":{"north":{"uv":[1,0,3,16],"texture":"#1"},"east":{"uv":[1,0,3,16],"texture":"#1"},"south":{"uv":[1,0,3,16],"texture":"#1"},"west":{"uv":[1,0,3,16],"texture":"#1"},"up":{"uv":[1,0,3,16],"texture":"#1"},"down":{"uv":[1,0,3,16],"texture":"#1"}}},{"from":[-13.06716,12.6,-5.62122],"to":[6.93284,16,26.37878],"rotation":{"angle":22.5,"axis":"y","origin":[1.53284,8.1,10.67878]},"faces":{"north":{"uv":[0,0,3,16],"rotation":90,"texture":"#1"},"east":{"uv":[0,0,3,16],"rotation":90,"texture":"#1"},"south":{"uv":[0,0,3,16],"rotation":90,"texture":"#1"},"west":{"uv":[0,0,3,16],"rotation":90,"texture":"#1"},"up":{"uv":[0,0,16,16],"texture":"#1"},"down":{"uv":[0,0,16,16],"texture":"#1"}}},{"from":[4.93284,0,-4.62122],"to":[5.93284,13,-3.62122],"rotation":{"angle":22.5,"axis":"y","origin":[1.53284,8.1,10.67878]},"faces":{"north":{"uv":[0,0,1,16],"texture":"#2"},"east":{"uv":[0,0,1,16],"texture":"#2"},"south":{"uv":[0,0,1,16],"texture":"#2"},"west":{"uv":[0,0,1,16],"texture":"#2"},"up":{"uv":[0,0,1,16],"texture":"#2"},"down":{"uv":[0,0,1,16],"texture":"#2"}}},{"from":[4.93284,0,24.37878],"to":[5.93284,13,25.37878],"rotation":{"angle":22.5,"axis":"y","origin":[1.53284,8.1,10.67878]},"faces":{"north":{"uv":[0,0,1,16],"texture":"#2"},"east":{"uv":[0,0,1,16],"texture":"#2"},"south":{"uv":[0,0,1,16],"texture":"#2"},"west":{"uv":[0,0,1,16],"texture":"#2"},"up":{"uv":[0,0,1,16],"texture":"#2"},"down":{"uv":[0,0,1,16],"texture":"#2"}}},{"from":[-12.06716,0,24.37878],"to":[-11.06716,13,25.37878],"rotation":{"angle":22.5,"axis":"y","origin":[1.53284,8.1,10.67878]},"faces":{"north":{"uv":[0,0,1,16],"texture":"#2"},"east":{"uv":[0,0,1,16],"texture":"#2"},"south":{"uv":[0,0,1,16],"texture":"#2"},"west":{"uv":[0,0,1,16],"texture":"#2"},"up":{"uv":[0,0,1,16],"texture":"#2"},"down":{"uv":[0,0,1,16],"texture":"#2"}}},{"from":[-12.06716,0,-4.62122],"to":[-11.06716,13,-3.62122],"rotation":{"angle":22.5,"axis":"y","origin":[1.53284,8.1,10.67878]},"faces":{"north":{"uv":[0,0,1,16],"texture":"#2"},"east":{"uv":[0,0,1,16],"texture":"#2"},"south":{"uv":[0,0,1,16],"texture":"#2"},"west":{"uv":[0,0,1,16],"texture":"#2"},"up":{"uv":[0,0,1,16],"texture":"#2"},"down":{"uv":[0,0,1,16],"texture":"#2"}}},{"from":[-3.92327,16.29401,-2.02632],"to":[-1.92327,18.89401,3.17368],"rotation":{"angle":0,"axis":"y","origin":[-2.97707,17.6156,-0.3932]},"faces":{"north":{"uv":[6,2,8,8],"rotation":180,"texture":"#3"},"east":{"uv":[6,2,8,8],"rotation":270,"texture":"#3"},"south":{"uv":[6,2,8,8],"texture":"#3"},"west":{"uv":[6,2,8,8],"rotation":90,"texture":"#3"},"up":{"uv":[6,2,8,8],"rotation":180,"texture":"#3"},"down":{"uv":[6,2,8,8],"texture":"#3"}}},{"from":[-4.42327,15.69401,2.97368],"to":[-1.42327,19.69401,6.47368],"rotation":{"angle":0,"axis":"y","origin":[-2.97707,17.6156,-0.3932]},"faces":{"north":{"uv":[6,2,8,8],"rotation":180,"texture":"#3"},"east":{"uv":[2,2,4,4],"rotation":270,"texture":"#3"},"south":{"uv":[4,2,6,4],"texture":"#3"},"west":{"uv":[4,2,6,4],"rotation":90,"texture":"#3"},"up":{"uv":[4,2,6,4],"rotation":180,"texture":"#3"},"down":{"uv":[4,2,6,4],"texture":"#3"}}},{"from":[-1.92327,16.09401,-5.02632],"to":[-0.72327,19.09401,-2.02632],"rotation":{"angle":0,"axis":"y","origin":[-2.97707,17.6156,-0.3932]},"faces":{"north":{"uv":[4,5,5.75,8],"rotation":180,"texture":"#3"},"east":{"uv":[4,5,5.75,8],"rotation":270,"texture":"#3"},"south":{"uv":[4,5,5.75,8],"texture":"#3"},"west":{"uv":[4,5,5.75,8],"rotation":90,"texture":"#3"},"up":{"uv":[4,5,5.75,8],"rotation":180,"texture":"#3"},"down":{"uv":[4,5,5.75,8],"texture":"#3"}}},{"from":[-5.22327,16.09401,-5.02632],"to":[-3.92327,19.09401,-2.02632],"rotation":{"angle":0,"axis":"y","origin":[-2.97707,17.6156,-0.3932]},"faces":{"north":{"uv":[4,5,5.75,8],"rotation":180,"texture":"#3"},"east":{"uv":[4,5,5.75,8],"rotation":270,"texture":"#3"},"south":{"uv":[4,5,5.75,8],"texture":"#3"},"west":{"uv":[4,5,5.75,8],"rotation":90,"texture":"#3"},"up":{"uv":[4,5,5.75,8],"rotation":180,"texture":"#3"},"down":{"uv":[4,5,5.75,8],"texture":"#3"}}},{"from":[-6,16,10.2],"to":[1,16.2,15.2],"rotation":{"angle":0,"axis":"y","origin":[7,8,2.2]},"faces":{"north":{"uv":[15,0,16,16],"rotation":270,"texture":"#4"},"east":{"uv":[15,0,16,16],"rotation":270,"texture":"#4"},"south":{"uv":[0,0,3,16],"rotation":270,"texture":"#4"},"west":{"uv":[15,0,16,16],"rotation":270,"texture":"#4"},"up":{"uv":[0,0,16,16],"rotation":270,"texture":"#5"},"down":{"uv":[0,0,3,16],"rotation":270,"texture":"#5"}}},{"from":[-6,17.7,4.4],"to":[1,17.9,9.4],"rotation":{"angle":45,"axis":"x","origin":[-2.50451,16.07377,7.7307]},"faces":{"north":{"uv":[15,0,16,16],"rotation":270,"texture":"#4"},"east":{"uv":[15,0,16,16],"rotation":270,"texture":"#4"},"south":{"uv":[0,0,3,16],"rotation":270,"texture":"#4"},"west":{"uv":[15,0,16,16],"rotation":270,"texture":"#4"},"up":{"uv":[0,0,16,16],"rotation":90,"texture":"#5"},"down":{"uv":[3,0,16,16],"rotation":270,"texture":"#4"}}},{"from":[-4.7,16.1,24.7],"to":[-2.45,19.1,25.3],"faces":{"north":{"uv":[0,0,2.75,0.5],"texture":"#6"},"east":{"uv":[0,0,2.75,0.5],"texture":"#6"},"south":{"uv":[0,0,2.75,0.5],"texture":"#6"},"west":{"uv":[0,0,2.75,0.5],"texture":"#6"},"up":{"uv":[0,0,2.75,0.5],"texture":"#6"},"down":{"uv":[0,0,2.75,0.5],"texture":"#6"}}},{"from":[-5.19458,16.1,25.22485],"to":[-4.59458,19.1,26.97485],"rotation":{"angle":0,"axis":"y","origin":[-3.30987,16.55007,25.28471]},"faces":{"north":{"uv":[0,0,2.75,0.5],"texture":"#6"},"east":{"uv":[0,0,2.75,0.5],"texture":"#6"},"south":{"uv":[0,0,2.75,0.5],"texture":"#6"},"west":{"uv":[0,0,2.75,0.5],"texture":"#6"},"up":{"uv":[0,0,2.75,0.5],"rotation":270,"texture":"#6"},"down":{"uv":[0,0,2.75,0.5],"rotation":90,"texture":"#6"}}},{"from":[-2.59458,16.1,25.22485],"to":[-1.99458,19.1,26.97485],"rotation":{"angle":0,"axis":"y","origin":[-3.30987,16.55007,25.28471]},"faces":{"north":{"uv":[0,0,2.75,0.5],"texture":"#6"},"east":{"uv":[0,0,2.75,0.5],"texture":"#6"},"south":{"uv":[0,0,2.75,0.5],"texture":"#6"},"west":{"uv":[0,0,2.75,0.5],"texture":"#6"},"up":{"uv":[0,0,2.75,0.5],"rotation":270,"texture":"#6"},"down":{"uv":[0,0,2.75,0.5],"rotation":90,"texture":"#6"}}},{"from":[-4.7,16.1,26.9],"to":[-2.45,19.1,27.5],"faces":{"north":{"uv":[0,0,2.75,0.5],"texture":"#6"},"east":{"uv":[0,0,2.75,0.5],"texture":"#6"},"south":{"uv":[0,0,2.75,0.5],"texture":"#6"},"west":{"uv":[0,0,2.75,0.5],"texture":"#6"},"up":{"uv":[0,0,2.75,0.5],"texture":"#6"},"down":{"uv":[0,0,2.75,0.5],"texture":"#6"}}},{"from":[-4.7,16.1,25.2],"to":[-2.45,16.4,27],"faces":{"north":{"uv":[0,0,2.75,0.5],"texture":"#6"},"east":{"uv":[0,0,2.75,0.5],"texture":"#6"},"south":{"uv":[0,0,2.75,0.5],"texture":"#6"},"west":{"uv":[0,0,2.75,0.5],"texture":"#6"},"up":{"uv":[0,0,2.75,0.5],"texture":"#6"},"down":{"uv":[0,0,2.75,0.5],"texture":"#6"}}},{"from":[-2.89458,20.3,25.92485],"to":[-2.69458,20.5,26.17485],"rotation":{"angle":-22.5,"axis":"z","origin":[-2.78329,19.54959,26.08888]},"faces":{"north":{"uv":[0,0,2.75,0.5],"texture":"#7"},"east":{"uv":[0,0,2.75,0.5],"texture":"#7"},"south":{"uv":[0,0,2.75,0.5],"texture":"#7"},"west":{"uv":[0,0,2.75,0.5],"texture":"#7"},"up":{"uv":[0,0,2.75,0.5],"texture":"#7"},"down":{"uv":[0,0,2.75,0.5],"texture":"#7"}}},{"from":[-2.89458,17.3,25.92485],"to":[-2.69458,20.3,26.17485],"rotation":{"angle":-22.5,"axis":"z","origin":[-2.78329,19.54959,26.08888]},"faces":{"north":{"uv":[0,0,2.75,0.5],"texture":"#8"},"east":{"uv":[0,0,2.75,0.5],"texture":"#8"},"south":{"uv":[0,0,2.75,0.5],"texture":"#8"},"west":{"uv":[0,0,2.75,0.5],"texture":"#8"},"up":{"uv":[0,0,2.75,0.5],"texture":"#8"},"down":{"uv":[0,0,2.75,0.5],"texture":"#8"}}},{"from":[-3.59458,21.1,26.92485],"to":[-3.39458,21.3,27.17485],"rotation":{"angle":22.5,"axis":"x","origin":[-3.48469,20.34836,26.0915]},"faces":{"north":{"uv":[0,0,2.75,0.5],"texture":"#7"},"east":{"uv":[0,0,2.75,0.5],"texture":"#7"},"south":{"uv":[0,0,2.75,0.5],"texture":"#7"},"west":{"uv":[0,0,2.75,0.5],"texture":"#7"},"up":{"uv":[0,0,2.75,0.5],"texture":"#7"},"down":{"uv":[0,0,2.75,0.5],"texture":"#7"}}},{"from":[-3.59458,18.1,26.92485],"to":[-3.39458,21.1,27.17485],"rotation":{"angle":22.5,"axis":"x","origin":[-3.48469,20.34836,26.0915]},"faces":{"north":{"uv":[0,0,2.75,0.5],"texture":"#8"},"east":{"uv":[0,0,2.75,0.5],"texture":"#8"},"south":{"uv":[0,0,2.75,0.5],"texture":"#8"},"west":{"uv":[0,0,2.75,0.5],"texture":"#8"},"up":{"uv":[0,0,2.75,0.5],"texture":"#8"},"down":{"uv":[0,0,2.75,0.5],"texture":"#8"}}}],"display":{"thirdperson_righthand":{"rotation":[57,-58,0],"translation":[1,1.5,-1.75],"scale":[0.3,0.3,0.3]},"firstperson_righthand":{"translation":[0.5,1.5,1.75],"scale":[0.5,0.5,0.5]},"ground":{"translation":[0,3,0],"scale":[0.2,0.2,0.2]},"gui":{"rotation":[20,45,0],"translation":[2,-1.25,0],"scale":[0.42,0.42,0.42]},"head":{"rotation":[0,90,0],"translation":[0,-15,20],"scale":[2.2,2.2,2.2]},"fixed":{"rotation":[0,90,-90],"translation":[0,-1.5,-1.75],"scale":[0.3,0.3,0.3]}},"groups":[{"name":"10","origin":[8,8,8],"children":[0,1,2,3,4,{"name":"group","origin":[24,13.5,8],"children":[5,6,7]}]},{"name":"group","origin":[8,8,8],"children":[8,9,10,11,12]},{"name":"group","origin":[8,8,8],"children":[13,14,15,16]},{"name":"group","origin":[-1.50451,16.07377,13.5307],"children":[17,18]},19,20,21,22,23,{"name":"group","origin":[-3.30987,16.55007,25.28471],"children":[24,25]},{"name":"group","origin":[-3.30987,16.55007,25.28471],"children":[26,27]}]}