{"__comment":"ModelgeneratedusingMrCrayfish'sModelCreator(https://mrcrayfish.com/tools?id=mc)","textures":{"2":"itemsadder:item/hand_gun/2"},"display":{"gui":{"rotation":[0,0,42],"translation":[0,2,0],"scale":[1,1,1]},"ground":{"rotation":[0,0,0],"translation":[3,3,0],"scale":[1,1,1]},"fixed":{"rotation":[0,0,0],"translation":[4,2,0],"scale":[1.3,1.3,1.3]},"firstperson_righthand":{"rotation":[0,-275,0],"translation":[2,3,-10],"scale":[1.3,1.3,1.3]},"thirdperson_righthand":{"rotation":[0,90,0],"translation":[0,2,-3],"scale":[0.8,0.8,0.8]}},"elements":[{"name":"Element","from":[0,6,7],"to":[10,7.9,9],"faces":{"north":{"texture":"#2","uv":[6,0,16,1.9]},"east":{"texture":"#2","uv":[15,2,16,3]},"south":{"texture":"#2","uv":[6,0,16,1.9]},"west":{"texture":"#2","uv":[15,2,16,3]},"down":{"texture":"#2","uv":[6,0,16,2]}}},{"name":"Element","from":[1.8,2.7,7.1],"to":[3.8,7.2,8.9],"shade":false,"rotation":{"origin":[2.5,6,8],"axis":"z","angle":-22.5,"rescale":true},"faces":{"north":{"texture":"#2","uv":[7,3,10,6]},"east":{"texture":"#2","uv":[7,3,8,6]},"south":{"texture":"#2","uv":[7,3,10,6]},"west":{"texture":"#2","uv":[9,3,10,7]},"down":{"texture":"#2","uv":[7,6,10,7]}}},{"name":"Element","from":[0,8,7.7],"to":[1,8.3,8.3],"faces":{"north":{"texture":"#2","uv":[0,0,2,2]},"east":{"texture":"#2","uv":[0,0,2,2]},"south":{"texture":"#2","uv":[0,0,2,2]},"west":{"texture":"#2","uv":[0,0,2,2]},"up":{"texture":"#2","uv":[0,0,2,2]}}},{"name":"Element","from":[-0.05,6.7,6.9],"to":[10.05,8,9.1],"faces":{"north":{"texture":"#2","uv":[6,0,16,1.3]},"east":{"texture":"#2","uv":[15,2,16,3]},"south":{"texture":"#2","uv":[6,0,16,1.3]},"west":{"texture":"#2","uv":[15,2,16,3]},"up":{"texture":"#2","uv":[6,0,16,2.2]},"down":{"texture":"#2","uv":[6,0,16,2.2]}}},{"name":"Element","from":[10,6.5,7.5],"to":[16,7.5,8.5],"faces":{"north":{"texture":"#2","uv":[0,0,2,2]},"east":{"texture":"#2","uv":[0,0,2,2]},"south":{"texture":"#2","uv":[0,0,2,2]},"up":{"texture":"#2","uv":[0,0,2,2]},"down":{"texture":"#2","uv":[0,0,2,2]}}},{"name":"Element","from":[7,4,7],"to":[9.4,6,9],"faces":{"north":{"texture":"#2","uv":[7,5,9.4,7]},"east":{"texture":"#2","uv":[7,5,9,7]},"south":{"texture":"#2","uv":[7,6,9.4,8]},"west":{"texture":"#2","uv":[7,4,9,6]},"down":{"texture":"#2","uv":[7,5,9.4,7]}}},{"name":"Element","from":[7.2,-1,7.2],"to":[9,4,8.8],"faces":{"north":{"texture":"#2","uv":[7,3,8.8,8]},"east":{"texture":"#2","uv":[7,3,8.6,8]},"south":{"texture":"#2","uv":[7,3,8.8,8]},"west":{"texture":"#2","uv":[7,3,8.6,8]},"down":{"texture":"#2","uv":[6,0,7.8,1.6]}}},{"name":"Element","from":[10,6,7.5],"to":[15,8,8.5],"faces":{"north":{"texture":"#2","uv":[6,0,11,2]},"east":{"texture":"#2","uv":[15,2,16,3]},"south":{"texture":"#2","uv":[6,0,11,2]},"west":{"texture":"#2","uv":[15,2,16,3]},"up":{"texture":"#2","uv":[6,0,11,1]},"down":{"texture":"#2","uv":[6,0,11,1]}}},{"name":"Element","from":[10,6.5,7],"to":[15,7.5,9],"faces":{"north":{"texture":"#2","uv":[6,0,11,1]},"east":{"texture":"#2","uv":[15,2,16,3]},"south":{"texture":"#2","uv":[6,0,11,1]},"up":{"texture":"#2","uv":[6,0,11,2]},"down":{"texture":"#2","uv":[6,0,11,2]}}},{"name":"Element","from":[13.5,7.5,7.7],"to":[14.5,8.2,8.3],"faces":{"north":{"texture":"#2","uv":[0,0,2,2]},"east":{"texture":"#2","uv":[0,0,2,2]},"south":{"texture":"#2","uv":[0,0,2,2]},"west":{"texture":"#2","uv":[0,0,2,2]},"up":{"texture":"#2","uv":[0,0,2,2]}}},{"name":"Element","from":[14,8.2,7.7],"to":[14.5,8.4,8.3],"faces":{"north":{"texture":"#2","uv":[0,0,2,2]},"east":{"texture":"#2","uv":[0,0,2,2]},"south":{"texture":"#2","uv":[0,0,2,2]},"west":{"texture":"#2","uv":[0,0,2,2]},"up":{"texture":"#2","uv":[0,0,2,2]}}},{"name":"Element","from":[6,7.2,6.5],"to":[6.4,7.6,7.1],"rotation":{"origin":[8,8,8],"axis":"x","angle":22.5},"faces":{"north":{"texture":"#2","uv":[0,0,2,2]},"east":{"texture":"#2","uv":[0,0,2,2]},"south":{"texture":"#2","uv":[0,0,2,2]},"west":{"texture":"#2","uv":[0,0,2,2]},"up":{"texture":"#2","uv":[0,0,2,2]},"down":{"texture":"#2","uv":[0,0,2,2]}}}]}