{"__comment":"ModelgeneratedusingMrCrayfish'sModelCreator(https://mrcrayfish.com/tools?id=mc)","textures":{"body":"itemsadder:item/m4/body"},"display":{"gui":{"rotation":[30,45,0],"translation":[-1,3,0],"scale":[1.2,1.2,1.2]},"ground":{"rotation":[0,0,0],"translation":[0,3,0],"scale":[0.7,0.7,0.7]},"fixed":{"rotation":[0,360,0],"translation":[-2.5,2,0],"scale":[1.2,1.2,1.2]},"firstperson_righthand":{"rotation":[0,-275,0],"translation":[3,5,-6],"scale":[1.3,1.3,1.3]},"thirdperson_righthand":{"rotation":[0,90,0],"translation":[0,1.5,0],"scale":[0.75,0.75,0.75]}},"elements":[{"name":"Element","from":[1.5,3,7],"to":[4.5,4,9],"faces":{"north":{"texture":"#body","uv":[11,4,14,5],"tintindex":0},"east":{"texture":"#body","uv":[11,4,12,5],"tintindex":0},"south":{"texture":"#body","uv":[8,4,11,5],"tintindex":0},"west":{"texture":"#body","uv":[10,4,11,5],"tintindex":0},"down":{"texture":"#body","uv":[10,4,11,5],"tintindex":0}}},{"name":"Element","from":[1.5,4,7],"to":[6,5,9],"faces":{"north":{"texture":"#body","uv":[8,4,12.5,5],"tintindex":0},"east":{"texture":"#body","uv":[12,3,13,4],"tintindex":0},"south":{"texture":"#body","uv":[8,4,12.5,5],"tintindex":0},"west":{"texture":"#body","uv":[10,4,11,5],"tintindex":0},"up":{"texture":"#body","uv":[8,3,12.5,5]},"down":{"texture":"#body","uv":[10,4,11,5],"tintindex":0}}},{"name":"Element","from":[2,5,7],"to":[15,7,9],"faces":{"north":{"texture":"#body","uv":[6,3,16,5]},"east":{"texture":"#body","uv":[10,3,12,5],"tintindex":0},"south":{"texture":"#body","uv":[6,3,16,5],"tintindex":0},"west":{"texture":"#body","uv":[11,3,12,5],"tintindex":0},"up":{"texture":"#body","uv":[6,4,16,5],"tintindex":0},"down":{"texture":"#body","uv":[8,4,14,5],"tintindex":0}}},{"name":"7.5-8.5","from":[2.2,6.7,7.5],"to":[3.2,7.7,8.5],"faces":{"north":{"texture":"#body","uv":[12,3,13,4],"tintindex":0},"east":{"texture":"#body","uv":[9,3,10,4],"tintindex":0},"south":{"texture":"#body","uv":[10,4,11,5],"tintindex":0},"west":{"texture":"#body","uv":[11,4,12,5],"tintindex":0},"up":{"texture":"#body","uv":[13,5,14,6],"tintindex":0}}},{"name":"sameyo","from":[13.9,6.6,7.5],"to":[14.9,7.6,8.5],"faces":{"north":{"texture":"#body","uv":[11,3,12,4],"tintindex":0},"east":{"texture":"#body","uv":[12,3,13,4],"tintindex":0},"south":{"texture":"#body","uv":[13,3,14,4],"tintindex":0},"west":{"texture":"#body","uv":[13,3,14,4],"tintindex":0},"up":{"texture":"#body","uv":[12,3,13,4],"tintindex":0}}},{"name":"Element","from":[1.5,2,7],"to":[3,3,9],"faces":{"north":{"texture":"#body","uv":[11,4,12.5,5],"tintindex":0},"east":{"texture":"#body","uv":[11,4,12,5],"tintindex":0},"south":{"texture":"#body","uv":[8,4,9.5,5],"tintindex":0},"west":{"texture":"#body","uv":[14,4,15,5],"tintindex":0},"down":{"texture":"#body","uv":[9,4,10,5],"tintindex":0}}},{"name":"Element","from":[7,2,7],"to":[9,5,9],"faces":{"north":{"texture":"#body","uv":[11,3,13,6],"tintindex":0},"east":{"texture":"#body","uv":[12,3,13,4],"tintindex":0},"south":{"texture":"#body","uv":[11,3,13,6],"tintindex":0},"west":{"texture":"#body","uv":[12,4,13,5],"tintindex":0},"down":{"texture":"#body","uv":[11,3,12,4],"tintindex":0}}},{"name":"Element","from":[7.2,-0,7.3],"to":[8.8,3,8.7],"faces":{"north":{"texture":"#body","uv":[12,6,13.6,9],"tintindex":0},"east":{"texture":"#body","uv":[12,5,13,6],"tintindex":0},"south":{"texture":"#body","uv":[12,6,13.6,9],"tintindex":0},"west":{"texture":"#body","uv":[12,5,13,6],"tintindex":0},"down":{"texture":"#body","uv":[12,5,13,6],"tintindex":0}}},{"name":"Element","from":[11.001,4.9,6.8],"to":[15.001,6.2,9.2],"faces":{"north":{"texture":"#body","uv":[10,4,14,5.3]},"east":{"texture":"#body","uv":[11,5,13.4,6.3],"tintindex":0},"south":{"texture":"#body","uv":[10,4,14,5.3],"tintindex":0},"west":{"texture":"#body","uv":[13,5,14,7],"tintindex":0},"up":{"texture":"#body","uv":[6,5,16,6],"tintindex":0},"down":{"texture":"#body","uv":[9,5,15,6],"tintindex":0}}},{"name":"sameyo","from":[15,5.2,7.3],"to":[16,6.6,8.7],"faces":{"north":{"texture":"#body","uv":[12,3,13,4.4],"tintindex":0},"east":{"texture":"#body","uv":[11,3,12.4,4.4],"tintindex":0},"south":{"texture":"#body","uv":[13,4,14,5.4],"tintindex":0},"up":{"texture":"#body","uv":[12,4,13,5.4],"tintindex":0}}},{"name":"Element","from":[11,4.5,7.1],"to":[15,5.5,8.9],"faces":{"north":{"texture":"#body","uv":[12,5,16,6],"tintindex":0},"east":{"texture":"#body","uv":[11,5,12.8,6],"tintindex":0},"south":{"texture":"#body","uv":[12,5,16,6],"tintindex":0},"west":{"texture":"#body","uv":[13,5,14,7],"tintindex":0},"down":{"texture":"#body","uv":[10,5,16,6],"tintindex":0}}},{"name":"sameyo","from":[16,5.4,7.5],"to":[18,6.4,8.5],"faces":{"north":{"texture":"#body","uv":[10,3,12,4],"tintindex":0},"east":{"texture":"#body","uv":[12,3,13,4],"tintindex":0},"south":{"texture":"#body","uv":[11,3,13,4],"tintindex":0},"up":{"texture":"#body","uv":[11,3,13,4],"tintindex":0}}}]}