{	"credit":"MadewithBlockbench",	"textures":{		"2":"itemsadder:block/nether_wart_block",		"3":"itemsadder:block/porkchop",		"4":"itemsadder:block/iron_block",		"5":"itemsadder:block/iron_block2",		"particle":"porkchop"	},	"elements":[		{			"from":[1,2,20],			"to":[2,14,21],			"faces":{				"north":{"uv":[2,0,3,12],"texture":"#5"},				"east":{"uv":[7,0,15,12],"texture":"#5"},				"south":{"uv":[4,0,5,12],"texture":"#5"},				"west":{"uv":[0,0,1,12],"texture":"#5"},				"up":{"uv":[5,0,4,1],"texture":"#5"},				"down":{"uv":[3,0,4,1],"texture":"#5"}			}		},		{			"from":[1.25,1.25,20.25],			"to":[1.75,2,20.75],			"faces":{				"north":{"uv":[2,0,2.5,0.75],"texture":"#5"},				"east":{"uv":[7,0,14.5,0.75],"texture":"#5"},				"south":{"uv":[4,0,4.5,0.75],"texture":"#5"},				"west":{"uv":[0,0,0.5,0.75],"texture":"#5"},				"up":{"uv":[5,0,3.5,0.5],"texture":"#5"},				"down":{"uv":[3,0,3.5,0.5],"texture":"#5"}			}		},		{			"from":[1,1,20],			"to":[2,1.25,21],			"faces":{				"north":{"uv":[2,0,3,0.25],"texture":"#5"},				"east":{"uv":[7,0,15,0.25],"texture":"#5"},				"south":{"uv":[4,0,5,0.25],"texture":"#5"},				"west":{"uv":[0,0,1,0.25],"texture":"#5"},				"up":{"uv":[5,0,4,1],"texture":"#5"},				"down":{"uv":[3,0,4,1],"texture":"#5"}			}		},		{			"from":[0.75,0,19.75],			"to":[2.25,1,21.25],			"faces":{				"north":{"uv":[2,0,3.5,1],"texture":"#5"},				"east":{"uv":[7,0,15.5,1],"texture":"#5"},				"south":{"uv":[4,0,5.5,1],"texture":"#5"},				"west":{"uv":[0,0,1.5,1],"texture":"#5"},				"up":{"uv":[5,0,4.5,1.5],"texture":"#5"},				"down":{"uv":[3,0,4.5,1.5],"texture":"#5"}			}		},		{			"from":[2,7.8,20],			"to":[14,8.8,21],			"rotation":{"angle":0,"axis":"y","origin":[14.5,6,22]},			"faces":{				"north":{"uv":[2,0,3,12],"rotation":90,"texture":"#5"},				"east":{"uv":[7,0,15,1],"rotation":180,"texture":"#5"},				"south":{"uv":[4,0,5,12],"rotation":270,"texture":"#5"},				"west":{"uv":[0,0,1,1],"texture":"#5"},				"up":{"uv":[5,0,4,12],"rotation":270,"texture":"#5"},				"down":{"uv":[3,0,4,12],"rotation":270,"texture":"#5"}			}		},		{			"from":[14,2,20],			"to":[15,14,21],			"faces":{				"north":{"uv":[2,0,3,12],"texture":"#5"},				"east":{"uv":[7,0,15,12],"texture":"#5"},				"south":{"uv":[4,0,5,12],"texture":"#5"},				"west":{"uv":[0,0,1,12],"texture":"#5"},				"up":{"uv":[5,0,4,1],"texture":"#5"},				"down":{"uv":[3,0,4,1],"texture":"#5"}			}		},		{			"from":[14.25,1.25,20.25],			"to":[14.75,2,20.75],			"faces":{				"north":{"uv":[2,0,2.5,0.75],"texture":"#5"},				"east":{"uv":[7,0,14.5,0.75],"texture":"#5"},				"south":{"uv":[4,0,4.5,0.75],"texture":"#5"},				"west":{"uv":[0,0,0.5,0.75],"texture":"#5"},				"up":{"uv":[5,0,3.5,0.5],"texture":"#5"},				"down":{"uv":[3,0,3.5,0.5],"texture":"#5"}			}		},		{			"from":[14,1,20],			"to":[15,1.25,21],			"faces":{				"north":{"uv":[2,0,3,0.25],"texture":"#5"},				"east":{"uv":[7,0,15,0.25],"texture":"#5"},				"south":{"uv":[4,0,5,0.25],"texture":"#5"},				"west":{"uv":[0,0,1,0.25],"texture":"#5"},				"up":{"uv":[5,0,4,1],"texture":"#5"},				"down":{"uv":[3,0,4,1],"texture":"#5"}			}		},		{			"from":[13.75,0,19.75],			"to":[15.25,1,21.25],			"faces":{				"north":{"uv":[2,0,3.5,1],"texture":"#5"},				"east":{"uv":[7,0,15.5,1],"texture":"#5"},				"south":{"uv":[4,0,5.5,1],"texture":"#5"},				"west":{"uv":[0,0,1.5,1],"texture":"#5"},				"up":{"uv":[5,0,4.5,1.5],"texture":"#5"},				"down":{"uv":[3,0,4.5,1.5],"texture":"#5"}			}		},		{			"from":[1,7.3,-4],			"to":[2,8.3,20],			"rotation":{"angle":0,"axis":"x","origin":[14.5,6,9.5]},			"faces":{				"north":{"uv":[2,0,3,1],"rotation":180,"texture":"#5"},				"east":{"uv":[7,0,15,16],"rotation":270,"texture":"#5"},				"south":{"uv":[4,0,5,1],"texture":"#5"},				"west":{"uv":[0,0,1,16],"rotation":90,"texture":"#5"},				"up":{"uv":[5,0,4,16],"rotation":180,"texture":"#5"},				"down":{"uv":[3,0,4,16],"texture":"#5"}			}		},		{			"from":[1,2,-5],			"to":[2,14,-4],			"faces":{				"north":{"uv":[2,0,3,12],"texture":"#5"},				"east":{"uv":[7,0,15,12],"texture":"#5"},				"south":{"uv":[4,0,5,12],"texture":"#5"},				"west":{"uv":[0,0,1,12],"texture":"#5"},				"up":{"uv":[5,0,4,1],"texture":"#5"},				"down":{"uv":[3,0,4,1],"texture":"#5"}			}		},		{			"from":[1.25,1.25,-4.75],			"to":[1.75,2,-4.25],			"faces":{				"north":{"uv":[2,0,2.5,0.75],"texture":"#5"},				"east":{"uv":[7,0,14.5,0.75],"texture":"#5"},				"south":{"uv":[4,0,4.5,0.75],"texture":"#5"},				"west":{"uv":[0,0,0.5,0.75],"texture":"#5"},				"up":{"uv":[5,0,3.5,0.5],"texture":"#5"},				"down":{"uv":[3,0,3.5,0.5],"texture":"#5"}			}		},		{			"from":[0.75,0,-5.25],			"to":[2.25,1,-3.75],			"faces":{				"north":{"uv":[2,0,3.5,1],"texture":"#5"},				"east":{"uv":[7,0,15.5,1],"texture":"#5"},				"south":{"uv":[4,0,5.5,1],"texture":"#5"},				"west":{"uv":[0,0,1.5,1],"texture":"#5"},				"up":{"uv":[5,0,4.5,1.5],"texture":"#5"},				"down":{"uv":[3,0,4.5,1.5],"texture":"#5"}			}		},		{			"from":[1,1,-5],			"to":[2,1.25,-4],			"faces":{				"north":{"uv":[2,0,3,0.25],"texture":"#5"},				"east":{"uv":[7,0,15,0.25],"texture":"#5"},				"south":{"uv":[4,0,5,0.25],"texture":"#5"},				"west":{"uv":[0,0,1,0.25],"texture":"#5"},				"up":{"uv":[5,0,4,1],"texture":"#5"},				"down":{"uv":[3,0,4,1],"texture":"#5"}			}		},		{			"from":[14,7.5,-4],			"to":[15,8.5,20],			"rotation":{"angle":0,"axis":"x","origin":[14.5,6,9.5]},			"faces":{				"north":{"uv":[2,0,3,1],"rotation":180,"texture":"#5"},				"east":{"uv":[7,0,15,16],"rotation":270,"texture":"#5"},				"south":{"uv":[4,0,5,1],"texture":"#5"},				"west":{"uv":[0,0,1,16],"rotation":90,"texture":"#5"},				"up":{"uv":[5,0,4,16],"rotation":180,"texture":"#5"},				"down":{"uv":[3,0,4,16],"texture":"#5"}			}		},		{			"from":[14,2,-5],			"to":[15,14,-4],			"faces":{				"north":{"uv":[2,0,3,12],"texture":"#5"},				"east":{"uv":[7,0,15,12],"texture":"#5"},				"south":{"uv":[4,0,5,12],"texture":"#5"},				"west":{"uv":[0,0,1,12],"texture":"#5"},				"up":{"uv":[5,0,4,1],"texture":"#5"},				"down":{"uv":[3,0,4,1],"texture":"#5"}			}		},		{			"from":[14.25,1.25,-4.75],			"to":[14.75,2,-4.25],			"faces":{				"north":{"uv":[2,0,2.5,0.75],"texture":"#5"},				"east":{"uv":[7,0,14.5,0.75],"texture":"#5"},				"south":{"uv":[4,0,4.5,0.75],"texture":"#5"},				"west":{"uv":[0,0,0.5,0.75],"texture":"#5"},				"up":{"uv":[5,0,3.5,0.5],"texture":"#5"},				"down":{"uv":[3,0,3.5,0.5],"texture":"#5"}			}		},		{			"from":[14,1,-5],			"to":[15,1.25,-4],			"faces":{				"north":{"uv":[2,0,3,0.25],"texture":"#5"},				"east":{"uv":[7,0,15,0.25],"texture":"#5"},				"south":{"uv":[4,0,5,0.25],"texture":"#5"},				"west":{"uv":[0,0,1,0.25],"texture":"#5"},				"up":{"uv":[5,0,4,1],"texture":"#5"},				"down":{"uv":[3,0,4,1],"texture":"#5"}			}		},		{			"from":[13.75,0,-5.25],			"to":[15.25,1,-3.75],			"faces":{				"north":{"uv":[2,0,3.5,1],"texture":"#5"},				"east":{"uv":[7,0,15.5,1],"texture":"#5"},				"south":{"uv":[4,0,5.5,1],"texture":"#5"},				"west":{"uv":[0,0,1.5,1],"texture":"#5"},				"up":{"uv":[5,0,4.5,1.5],"texture":"#5"},				"down":{"uv":[3,0,4.5,1.5],"texture":"#5"}			}		},		{			"from":[2,7.7,-5],			"to":[14,8.7,-4],			"rotation":{"angle":0,"axis":"y","origin":[14.5,6,22]},			"faces":{				"north":{"uv":[2,0,3,12],"rotation":90,"texture":"#5"},				"east":{"uv":[7,0,15,1],"rotation":180,"texture":"#5"},				"south":{"uv":[4,0,5,12],"rotation":270,"texture":"#5"},				"west":{"uv":[0,0,1,1],"texture":"#5"},				"up":{"uv":[5,0,4,12],"rotation":270,"texture":"#5"},				"down":{"uv":[3,0,4,12],"rotation":270,"texture":"#5"}			}		},		{			"from":[-1,14,1.5],			"to":[0,16,13.5],			"rotation":{"angle":0,"axis":"y","origin":[8,11,18.5]},			"faces":{				"north":{"uv":[0,0,1,2],"texture":"#4"},				"east":{"uv":[0,0,12,2],"texture":"#4"},				"south":{"uv":[0,0,1,2],"texture":"#4"},				"west":{"uv":[0,0,12,2],"texture":"#4"},				"up":{"uv":[0,0,12,1],"rotation":270,"texture":"#4"},				"down":{"uv":[0,0,12,1],"rotation":90,"texture":"#4"}			}		},		{			"from":[0,14,-5],			"to":[16,16,21],			"faces":{				"north":{"uv":[0,0,16,2],"texture":"#4"},				"east":{"uv":[0,0,16,2],"texture":"#4"},				"south":{"uv":[0,0,16,2],"texture":"#4"},				"west":{"uv":[0,0,16,2],"texture":"#4"},				"up":{"uv":[0,0,16,16],"texture":"#4"},				"down":{"uv":[0,0,16,16],"texture":"#4"}			}		},		{			"from":[2,14,-6],			"to":[14,16,-5],			"faces":{				"north":{"uv":[0,0,12,2],"texture":"#4"},				"east":{"uv":[0,0,1,2],"texture":"#4"},				"south":{"uv":[0,0,12,2],"texture":"#4"},				"west":{"uv":[0,0,1,2],"texture":"#4"},				"up":{"uv":[0,0,12,1],"texture":"#4"},				"down":{"uv":[0,0,12,1],"texture":"#4"}			}		},		{			"from":[2,14,21],			"to":[14,16,22],			"faces":{				"north":{"uv":[0,0,12,2],"texture":"#4"},				"east":{"uv":[0,0,1,2],"texture":"#4"},				"south":{"uv":[0,0,12,2],"texture":"#4"},				"west":{"uv":[0,0,1,2],"texture":"#4"},				"up":{"uv":[0,0,12,1],"texture":"#4"},				"down":{"uv":[0,0,12,1],"texture":"#4"}			}		},		{			"from":[16,14,1.5],			"to":[17,16,13.5],			"rotation":{"angle":0,"axis":"y","origin":[8,11,18.5]},			"faces":{				"north":{"uv":[0,0,1,2],"texture":"#4"},				"east":{"uv":[0,0,12,2],"texture":"#4"},				"south":{"uv":[0,0,1,2],"texture":"#4"},				"west":{"uv":[0,0,12,2],"texture":"#4"},				"up":{"uv":[0,0,12,1],"rotation":270,"texture":"#4"},				"down":{"uv":[0,0,12,1],"rotation":90,"texture":"#4"}			}		},		{			"from":[-1.25,9.1,6],			"to":[-1.25,11.1,7],			"rotation":{"angle":0,"axis":"z","origin":[-2,16.1,5]},			"faces":{				"north":{"uv":[0,0,4,0],"rotation":90,"texture":"#2"},				"east":{"uv":[0,0,4,4],"rotation":270,"texture":"#2"},				"south":{"uv":[0,0,4,0],"rotation":270,"texture":"#2"},				"west":{"uv":[3,8,7,12],"rotation":270,"texture":"#2"},				"up":{"uv":[0,0,4,0],"rotation":270,"texture":"#2"},				"down":{"uv":[0,0,4,0],"rotation":270,"texture":"#2"}			}		},		{			"from":[-1.25,11.1,5],			"to":[-1.25,13.1,7],			"rotation":{"angle":0,"axis":"z","origin":[-2,16.1,5]},			"faces":{				"north":{"uv":[0,0,4,0],"rotation":90,"texture":"#2"},				"east":{"uv":[0,0,4,4],"rotation":270,"texture":"#2"},				"south":{"uv":[0,0,4,0],"rotation":270,"texture":"#2"},				"west":{"uv":[3,6,7,10],"rotation":270,"texture":"#2"},				"up":{"uv":[0,0,4,0],"rotation":270,"texture":"#2"},				"down":{"uv":[0,0,4,0],"rotation":270,"texture":"#2"}			}		},		{			"from":[-1.25,13.1,3],			"to":[-1.25,16.1,7],			"rotation":{"angle":0,"axis":"z","origin":[-2,16.1,5]},			"faces":{				"north":{"uv":[0,0,4,0],"rotation":90,"texture":"#2"},				"east":{"uv":[0,0,4,4],"rotation":270,"texture":"#2"},				"south":{"uv":[0,0,4,0],"rotation":270,"texture":"#2"},				"west":{"uv":[3,1,7,5],"rotation":270,"texture":"#2"},				"up":{"uv":[0,0,4,0],"rotation":270,"texture":"#2"},				"down":{"uv":[0,0,4,0],"rotation":270,"texture":"#2"}			}		},		{			"from":[-1.25,16.1,3],			"to":[1,16.1,7],			"rotation":{"angle":0,"axis":"y","origin":[0,0.1,0]},			"faces":{				"north":{"uv":[0,0,2.25,0],"texture":"#2"},				"east":{"uv":[0,0,4,0],"texture":"#2"},				"south":{"uv":[0,0,2.25,0],"texture":"#2"},				"west":{"uv":[0,0,4,0],"texture":"#2"},				"up":{"uv":[0,0,2.25,4],"texture":"#2"},				"down":{"uv":[0,0,2.25,4],"texture":"#2"}			}		},		{			"from":[4.25,16.1,-2.5],			"to":[5.5,16.1,1.5],			"rotation":{"angle":22.5,"axis":"y","origin":[8.875,16.1,-1]},			"faces":{				"north":{"uv":[0,0,1.25,0],"texture":"#2"},				"east":{"uv":[0,0,4,0],"texture":"#2"},				"south":{"uv":[0,0,1.25,0],"texture":"#2"},				"west":{"uv":[0,0,4,0],"texture":"#2"},				"up":{"uv":[0,0,1.25,4],"texture":"#2"},				"down":{"uv":[0,0,1.25,4],"texture":"#2"}			}		},		{			"from":[5.45,16.1,-3.5],			"to":[10.7,16.1,2.5],			"rotation":{"angle":22.5,"axis":"y","origin":[8.875,16.1,-1]},			"faces":{				"north":{"uv":[0,0,5.25,0],"texture":"#2"},				"east":{"uv":[0,0,6,0],"texture":"#2"},				"south":{"uv":[0,0,5.25,0],"texture":"#2"},				"west":{"uv":[0,0,6,0],"texture":"#2"},				"up":{"uv":[6,3,11.25,9],"texture":"#2"},				"down":{"uv":[0,0,5.25,6],"texture":"#2"}			}		},		{			"from":[5.45,16.1,-4.5],			"to":[9.7,16.1,-3.5],			"rotation":{"angle":22.5,"axis":"y","origin":[8.875,16.1,-1]},			"faces":{				"north":{"uv":[0,0,4.25,0],"texture":"#2"},				"east":{"uv":[0,0,1,0],"texture":"#2"},				"south":{"uv":[0,0,4.25,0],"texture":"#2"},				"west":{"uv":[0,0,1,0],"texture":"#2"},				"up":{"uv":[0,0,4.25,1],"texture":"#2"},				"down":{"uv":[0,0,4.25,1],"texture":"#2"}			}		},		{			"from":[10.75,16.1,5],			"to":[12.5,16.1,11],			"rotation":{"angle":-22.5,"axis":"y","origin":[11.25,16.1,6.25]},			"faces":{				"north":{"uv":[0,0,5.25,0],"texture":"#2"},				"east":{"uv":[0,0,6,0],"texture":"#2"},				"south":{"uv":[0,0,5.25,0],"texture":"#2"},				"west":{"uv":[0,0,6,0],"texture":"#2"},				"up":{"uv":[10,10,15.25,16],"texture":"#2"},				"down":{"uv":[0,0,5.25,6],"texture":"#2"}			}		},		{			"from":[9.55,16.1,6],			"to":[10.8,16.1,10],			"rotation":{"angle":-22.5,"axis":"y","origin":[11.25,16.1,6.25]},			"faces":{				"north":{"uv":[0,0,1.25,0],"texture":"#2"},				"east":{"uv":[0,0,4,0],"texture":"#2"},				"south":{"uv":[0,0,1.25,0],"texture":"#2"},				"west":{"uv":[0,0,4,0],"texture":"#2"},				"up":{"uv":[0,0,1.25,4],"texture":"#2"},				"down":{"uv":[0,0,1.25,4],"texture":"#2"}			}		},		{			"from":[11.75,16.1,4],			"to":[12.5,16.1,5],			"rotation":{"angle":-22.5,"axis":"y","origin":[11.25,16.1,6.25]},			"faces":{				"north":{"uv":[0,0,0.75,0],"texture":"#2"},				"east":{"uv":[0,0,1,0],"texture":"#2"},				"south":{"uv":[0,0,0.75,0],"texture":"#2"},				"west":{"uv":[0,0,1,0],"texture":"#2"},				"up":{"uv":[0,0,0.75,1],"texture":"#2"},				"down":{"uv":[0,0,0.75,1],"texture":"#2"}			}		},		{			"from":[5.75,16.1,18],			"to":[11,16.1,19],			"rotation":{"angle":0,"axis":"y","origin":[8.875,16.1,-1]},			"faces":{				"north":{"uv":[0,0,5.25,0],"texture":"#2"},				"east":{"uv":[0,0,1,0],"texture":"#2"},				"south":{"uv":[0,0,5.25,0],"texture":"#2"},				"west":{"uv":[0,0,1,0],"texture":"#2"},				"up":{"uv":[0,0,5.25,1],"texture":"#2"},				"down":{"uv":[0,0,5.25,1],"texture":"#2"}			}		},		{			"from":[4.75,16.1,13],			"to":[12,16.1,18],			"rotation":{"angle":0,"axis":"y","origin":[8.875,16.1,-1]},			"faces":{				"north":{"uv":[0,0,5.25,0],"texture":"#2"},				"east":{"uv":[0,0,6,0],"texture":"#2"},				"south":{"uv":[0,0,5.25,0],"texture":"#2"},				"west":{"uv":[0,0,6,0],"texture":"#2"},				"up":{"uv":[6,3,11.25,9],"texture":"#2"},				"down":{"uv":[0,0,5.25,6],"texture":"#2"}			}		},		{			"from":[3.65,16.1,14],			"to":[4.9,16.1,18],			"rotation":{"angle":0,"axis":"y","origin":[8.875,16.1,-1]},			"faces":{				"north":{"uv":[0,0,1.25,0],"texture":"#2"},				"east":{"uv":[0,0,4,0],"texture":"#2"},				"south":{"uv":[0,0,1.25,0],"texture":"#2"},				"west":{"uv":[0,0,4,0],"texture":"#2"},				"up":{"uv":[0,0,1.25,4],"texture":"#2"},				"down":{"uv":[0,0,1.25,4],"texture":"#2"}			}		},		{			"from":[5.75,16.1,12],			"to":[12,16.1,13],			"rotation":{"angle":0,"axis":"y","origin":[8.875,16.1,-1]},			"faces":{				"north":{"uv":[0,0,6.25,0],"texture":"#2"},				"east":{"uv":[0,0,1,0],"texture":"#2"},				"south":{"uv":[0,0,6.25,0],"texture":"#2"},				"west":{"uv":[0,0,1,0],"texture":"#2"},				"up":{"uv":[0,0,6.25,1],"texture":"#2"},				"down":{"uv":[0,0,6.25,1],"texture":"#2"}			}		},		{			"from":[12,16.1,13],			"to":[13.25,16.1,17],			"rotation":{"angle":0,"axis":"y","origin":[8.875,16.1,-1]},			"faces":{				"north":{"uv":[0,0,1.25,0],"texture":"#2"},				"east":{"uv":[0,0,4,0],"texture":"#2"},				"south":{"uv":[0,0,1.25,0],"texture":"#2"},				"west":{"uv":[0,0,4,0],"texture":"#2"},				"up":{"uv":[0,0,1.25,4],"texture":"#2"},				"down":{"uv":[0,0,1.25,4],"texture":"#2"}			}		},		{			"from":[2,16,2],			"to":[5,16.1,4],			"faces":{				"north":{"uv":[9,7,12,7.1],"texture":"#3"},				"east":{"uv":[9,7,11,7.1],"texture":"#3"},				"south":{"uv":[9,7,12,7.1],"texture":"#3"},				"west":{"uv":[9,7,11,7.1],"texture":"#3"},				"up":{"uv":[9,7,12,9],"texture":"#3"},				"down":{"uv":[9,7,12,9],"texture":"#3"}			}		},		{			"from":[6,16,11],			"to":[9,16.1,12],			"faces":{				"north":{"uv":[9,7,12,7.1],"texture":"#3"},				"east":{"uv":[9,7,10,7.1],"texture":"#3"},				"south":{"uv":[9,7,12,7.1],"texture":"#3"},				"west":{"uv":[9,7,10,7.1],"texture":"#3"},				"up":{"uv":[9,7,12,8],"texture":"#3"},				"down":{"uv":[9,7,12,8],"texture":"#3"}			}		},		{			"from":[7.5,16,10],			"to":[9,16.1,11],			"faces":{				"north":{"uv":[9,7,10.5,7.1],"texture":"#3"},				"east":{"uv":[9,7,10,7.1],"texture":"#3"},				"south":{"uv":[9,7,10.5,7.1],"texture":"#3"},				"west":{"uv":[9,7,10,7.1],"texture":"#3"},				"up":{"uv":[9,7,10.5,8],"texture":"#3"},				"down":{"uv":[9,7,10.5,8],"texture":"#3"}			}		}	],	"display":{		"thirdperson_righthand":{			"scale":[0.33594,0.33594,0.33594]		},		"thirdperson_lefthand":{			"scale":[0.33594,0.33594,0.33594]		},		"firstperson_righthand":{			"scale":[0.33594,0.33594,0.33594]		},		"firstperson_lefthand":{			"scale":[0.33594,0.33594,0.33594]		},		"ground":{			"scale":[0.33594,0.33594,0.33594]		},		"gui":{			"rotation":[16.25,-19.75,0],			"scale":[0.54102,0.54102,0.54102]		},		"head":{			"rotation":[0,90,0],			"translation":[0,-27.75,0],			"scale":[1.64063,1.99805,1.64063]		},		"fixed":{			"rotation":[0,-87,0],			"translation":[0,0,-3.5],			"scale":[0.46289,0.46289,0.46289]		}	},	"groups":[		{			"name":"noshki",			"origin":[0,0,0],			"color":0,			"children":[0,1,2,3,4,5,6,7,8,9,10,11,12,13,14,15,16,17,18,19]		},		{			"name":"platform",			"origin":[8,11,18.5],			"color":0,			"children":[20,21,22,23,24]		},		{			"name":"blood",			"origin":[8.875,16,-1],			"color":0,			"children":[25,26,27,28,29,30,31,32,33,34,35,36,37,38,39]		},		40,		41,		42	]}