{"__comment":"ModelgeneratedusingMrCrayfish'sModelCreator(https://mrcrayfish.com/tools?id=mc)","textures":{"chapa":"itemsadder:block/chapa"},"display":{"gui":{"rotation":[30,45,0],"translation":[0,0,0],"scale":[0.625,0.625,0.625]},"ground":{"rotation":[0,0,0],"translation":[0,3,0],"scale":[0.25,0.25,0.25]},"fixed":{"rotation":[0,180,0],"translation":[0,0,0],"scale":[1,1,1]},"head":{"rotation":[0,180,0],"translation":[0,-30.5,0],"scale":[1.6,1.6,1.6]},"firstperson_righthand":{"rotation":[0,315,0],"translation":[0,3.5,0],"scale":[0.4,0.4,0.4]},"thirdperson_righthand":{"rotation":[0,188,0],"translation":[0,0.5,-0.5],"scale":[0.375,0.375,0.375]}},"elements":[{"name":"Cube","from":[9,1,0],"to":[12,2,16],"faces":{"north":{"texture":"#chapa","uv":[10,0,13,1]},"east":{"texture":"#chapa","uv":[13,0,16,1]},"south":{"texture":"#chapa","uv":[11,0,14,1]},"west":{"texture":"#chapa","uv":[14,0,16,1]},"up":{"texture":"#chapa","uv":[0,0,3,16]},"down":{"texture":"#chapa","uv":[0,0,3,16]}}},{"name":"Cube","from":[6,0,0],"to":[9,1,16],"faces":{"north":{"texture":"#chapa","uv":[6,0,9,1]},"east":{"texture":"#chapa","uv":[8,0,16,1]},"south":{"texture":"#chapa","uv":[7,0,10,1]},"west":{"texture":"#chapa","uv":[8,0,16,1]},"up":{"texture":"#chapa","uv":[0,0,3,16]},"down":{"texture":"#chapa","uv":[0,0,3,16]}}},{"name":"Cube","from":[12,0,0],"to":[15,1,16],"faces":{"north":{"texture":"#chapa","uv":[13,0,16,1]},"east":{"texture":"#chapa","uv":[15,0,16,1]},"south":{"texture":"#chapa","uv":[13,0,16,1]},"west":{"texture":"#chapa","uv":[15,0,16,1]},"up":{"texture":"#chapa","uv":[13,5,16,16]},"down":{"texture":"#chapa","uv":[13,0,16,16]}}},{"name":"Cube","from":[15,1,0],"to":[16,2,16],"faces":{"north":{"texture":"#chapa","uv":[15,0,16,1]},"east":{"texture":"#chapa","uv":[15,0,16,1]},"south":{"texture":"#chapa","uv":[15,0,16,1]},"west":{"texture":"#chapa","uv":[15,0,16,1]},"up":{"texture":"#chapa","uv":[13,5,14,16]},"down":{"texture":"#chapa","uv":[13,0,16,1]}}},{"name":"Cube","from":[3,1,0],"to":[6,2,16],"faces":{"north":{"texture":"#chapa","uv":[3,0,6,1]},"east":{"texture":"#chapa","uv":[4,0,16,1]},"south":{"texture":"#chapa","uv":[4,0,7,1]},"west":{"texture":"#chapa","uv":[6,0,16,1]},"up":{"texture":"#chapa","uv":[0,0,3,16]},"down":{"texture":"#chapa","uv":[0,0,3,16]}}},{"name":"Cube","from":[0,0,0],"to":[3,1,16],"faces":{"north":{"texture":"#chapa","uv":[0,0,3,1]},"east":{"texture":"#chapa","uv":[0,0,16,1]},"south":{"texture":"#chapa","uv":[0,0,3,1]},"west":{"texture":"#chapa","uv":[0,0,16,1]},"up":{"texture":"#chapa","uv":[0,0,3,16]},"down":{"texture":"#chapa","uv":[0,0,3,16]}}}]}