{	"credit":"MadebybetaklerikwithBlockbench",	"ambientocclusion":false,	"texture_size":[32,32],	"textures":{		"0":"itemsadder:item/escudopoli/ballistic_shield",		"particle":"itemsadder:item/escudopoli/ballistic_shield"	},	"elements":[		{			"name":"main",			"from":[6,-2,2],			"to":[7,8,14],			"rotation":{"angle":0,"axis":"y","origin":[7,0,5]},			"faces":{				"north":{"uv":[6,11,6.5,16],"texture":"#0"},				"east":{"uv":[0,11,6,16],"texture":"#0"},				"south":{"uv":[12.5,11,13,16],"texture":"#0"},				"west":{"uv":[6.5,11,12.5,16],"texture":"#0"},				"up":{"uv":[6.5,11,6,5],"texture":"#0"},				"down":{"uv":[7,5,6.5,11],"texture":"#0"}			}		},		{			"name":"top1",			"from":[6,-2,-2],			"to":[7,8,-1],			"shade":false,			"rotation":{"angle":0,"axis":"y","origin":[7,0,5]},			"faces":{				"north":{"uv":[14.5,11,14,16],"texture":"#0"},				"east":{"uv":[15,11,14.5,16],"texture":"#0"},				"south":{"uv":[15.5,11,15,16],"texture":"#0"},				"west":{"uv":[14,11,13.5,16],"texture":"#0"},				"up":{"uv":[14,11,14.5,10.5],"rotation":180,"texture":"#0"},				"down":{"uv":[14.5,10.5,15,11],"rotation":180,"texture":"#0"}			}		},		{			"name":"top2",			"from":[6,-1,-1],			"to":[7,7,2],			"shade":false,			"rotation":{"angle":0,"axis":"y","origin":[7,0,5]},			"faces":{				"north":{"uv":[2.5,6.5,2,10.5],"texture":"#0"},				"east":{"uv":[4,6.5,2.5,10.5],"texture":"#0"},				"south":{"uv":[4.5,6.5,4,10.5],"texture":"#0"},				"west":{"uv":[2,6.5,0.5,10.5],"texture":"#0"},				"up":{"uv":[2,6.5,2.5,5],"rotation":180,"texture":"#0"},				"down":{"uv":[2.5,5,3,6.5],"rotation":180,"texture":"#0"}			}		},		{			"name":"top2",			"from":[6,7,-1],			"to":[7,8,2],			"shade":false,			"rotation":{"angle":0,"axis":"y","origin":[7,0,5]},			"faces":{				"north":{"uv":[9.5,6.5,9,7],"texture":"#0"},				"east":{"uv":[11,6.5,9.5,7],"texture":"#0"},				"south":{"uv":[11.5,6.5,11,7],"texture":"#0"},				"west":{"uv":[9,6.5,7.5,7],"texture":"#0"},				"up":{"uv":[9,6.5,9.5,5],"rotation":180,"texture":"#0"},				"down":{"uv":[9.5,5,10,6.5],"rotation":180,"texture":"#0"}			}		},		{			"name":"top3",			"from":[6,-2,-1],			"to":[7,-1,2],			"shade":false,			"rotation":{"angle":0,"axis":"y","origin":[7,0,5]},			"faces":{				"north":{"uv":[9.5,9,9,9.5],"texture":"#0"},				"east":{"uv":[11,9,9.5,9.5],"texture":"#0"},				"south":{"uv":[11.5,9,11,9.5],"texture":"#0"},				"west":{"uv":[9,9,7.5,9.5],"texture":"#0"},				"up":{"uv":[9,9,9.5,7.5],"rotation":180,"texture":"#0"},				"down":{"uv":[9.5,7.5,10,9],"rotation":180,"texture":"#0"}			}		},		{			"name":"lower1",			"from":[7,1,9],			"to":[9,2,10],			"faces":{				"north":{"uv":[1,4,2,4.5],"texture":"#0"},				"east":{"uv":[0.5,4,1,4.5],"texture":"#0"},				"south":{"uv":[2.5,4,3.5,4.5],"texture":"#0"},				"west":{"uv":[2,4,2.5,4.5],"texture":"#0"},				"up":{"uv":[2,4,1,3.5],"texture":"#0"},				"down":{"uv":[3,3.5,2,4],"texture":"#0"}			}		},		{			"name":"lower2",			"from":[7,1,6],			"to":[9,2,7],			"faces":{				"north":{"uv":[1,4,2,4.5],"texture":"#0"},				"east":{"uv":[0.5,4,1,4.5],"texture":"#0"},				"south":{"uv":[2.5,4,3.5,4.5],"texture":"#0"},				"west":{"uv":[2,4,2.5,4.5],"texture":"#0"},				"up":{"uv":[2,4,1,3.5],"texture":"#0"},				"down":{"uv":[3,3.5,2,4],"texture":"#0"}			}		},		{			"name":"lower3",			"from":[9,1,6],			"to":[10,2,10],			"faces":{				"north":{"uv":[2.5,2.5,3,3],"texture":"#0"},				"east":{"uv":[0.5,2.5,2.5,3],"texture":"#0"},				"south":{"uv":[5,2.5,5.5,3],"texture":"#0"},				"west":{"uv":[3,2.5,5,3],"texture":"#0"},				"up":{"uv":[3,2.5,2.5,0.5],"texture":"#0"},				"down":{"uv":[3.5,0.5,3,2.5],"texture":"#0"}			}		},		{			"name":"upper1",			"from":[7,4,9],			"to":[9,5,10],			"faces":{				"north":{"uv":[1,4,2,4.5],"texture":"#0"},				"east":{"uv":[0.5,4,1,4.5],"texture":"#0"},				"south":{"uv":[2.5,4,3.5,4.5],"texture":"#0"},				"west":{"uv":[2,4,2.5,4.5],"texture":"#0"},				"up":{"uv":[2,4,1,3.5],"texture":"#0"},				"down":{"uv":[3,3.5,2,4],"texture":"#0"}			}		},		{			"name":"upper2",			"from":[7,4,6],			"to":[9,5,7],			"faces":{				"north":{"uv":[1,4,2,4.5],"texture":"#0"},				"east":{"uv":[0.5,4,1,4.5],"texture":"#0"},				"south":{"uv":[2.5,4,3.5,4.5],"texture":"#0"},				"west":{"uv":[2,4,2.5,4.5],"texture":"#0"},				"up":{"uv":[2,4,1,3.5],"texture":"#0"},				"down":{"uv":[3,3.5,2,4],"texture":"#0"}			}		},		{			"name":"upper3",			"from":[9,4,6],			"to":[10,5,10],			"faces":{				"north":{"uv":[2.5,2.5,3,3],"texture":"#0"},				"east":{"uv":[0.5,2.5,2.5,3],"texture":"#0"},				"south":{"uv":[5,2.5,5.5,3],"texture":"#0"},				"west":{"uv":[3,2.5,5,3],"texture":"#0"},				"up":{"uv":[3,2.5,2.5,0.5],"texture":"#0"},				"down":{"uv":[3.5,0.5,3,2.5],"texture":"#0"}			}		}	],	"gui_light":"front",	"display":{		"thirdperson_righthand":{			"rotation":[-90,-180,0],			"translation":[0,-2,-1.35],			"scale":[1.13,1.13,1.13]		},		"thirdperson_lefthand":{			"rotation":[90,0,0],			"translation":[0,-2,9.9],			"scale":[1.13,1.13,1.13]		},		"firstperson_righthand":{			"rotation":[90,0,90],			"translation":[-3.5,-5.5,0],			"scale":[1.25,1.25,1.25]		},		"firstperson_lefthand":{			"rotation":[90,0,-90],			"translation":[9,-5.5,0],			"scale":[1.25,1.25,1.25]		},		"ground":{			"rotation":[90,0,0],			"translation":[0,-0.5,2.5],			"scale":[0.5,0.5,0.5]		},		"gui":{			"rotation":[100,-5,-75],			"translation":[3.75,-1.75,0],			"scale":[0.75,0.75,0.75]		},		"head":{			"scale":[0,0,0]		},		"fixed":{			"rotation":[-90,-180,-90],			"translation":[-5,-2,0.5]		}	},	"groups":[0,1,2,3,4,		{			"name":"straps",			"origin":[8,8,8],			"color":0,			"children":[5,6,7,8,9,10]		}	]}