{"credit":"MadewithBlockbench","textures":{"1":"block/black_concrete","2":"block/light_gray_concrete","3":"block/white_concrete","4":"block/black_concrete","8":"itemsadder:item/black_chandeliers/fire","particle":"block/black_concrete"},"elements":[{"from":[3.07544,8.81667,7.25],"to":[4.57544,9.16667,8.75],"faces":{"north":{"uv":[0,0,4,1],"texture":"#4"},"east":{"uv":[0,0,4,1],"texture":"#4"},"south":{"uv":[0,0,4,1],"texture":"#4"},"west":{"uv":[0,0,4,1],"texture":"#4"},"up":{"uv":[0,0,4,1],"rotation":90,"texture":"#4"},"down":{"uv":[0,0,4,1],"rotation":270,"texture":"#4"}}},{"from":[4.3,7.25,7.35],"to":[7.65,7.45,8.65],"rotation":{"angle":-22.5,"axis":"z","origin":[8,8,8],"rescale":true},"faces":{"north":{"uv":[0,0,4,1],"rotation":90,"texture":"#4"},"east":{"uv":[0,0,4,1],"rotation":180,"texture":"#4"},"south":{"uv":[0,0,4,1],"rotation":270,"texture":"#4"},"west":{"uv":[0,0,4,1],"texture":"#4"},"up":{"uv":[0,0,4,1],"rotation":270,"texture":"#4"},"down":{"uv":[0,0,4,1],"rotation":270,"texture":"#4"}}},{"from":[11.42456,8.81667,7.25],"to":[12.92456,9.16667,8.75],"faces":{"north":{"uv":[0,0,4,1],"texture":"#4"},"east":{"uv":[0,0,4,1],"texture":"#4"},"south":{"uv":[0,0,4,1],"texture":"#4"},"west":{"uv":[0,0,4,1],"texture":"#4"},"up":{"uv":[0,0,4,1],"rotation":270,"texture":"#4"},"down":{"uv":[0,0,4,1],"rotation":90,"texture":"#4"}}},{"from":[8.35,7.25,7.35],"to":[11.7,7.45,8.65],"rotation":{"angle":22.5,"axis":"z","origin":[8,8,8],"rescale":true},"faces":{"north":{"uv":[0,0,4,1],"rotation":270,"texture":"#4"},"east":{"uv":[0,0,4,1],"texture":"#4"},"south":{"uv":[0,0,4,1],"rotation":90,"texture":"#4"},"west":{"uv":[0,0,4,1],"rotation":180,"texture":"#4"},"up":{"uv":[0,0,4,1],"rotation":90,"texture":"#4"},"down":{"uv":[0,0,4,1],"rotation":90,"texture":"#4"}}},{"from":[12.15,12.11667,7.97544],"to":[12.25,12.56667,8.07544],"rotation":{"angle":0,"axis":"x","origin":[12.19133,9.09865,8.32463]},"faces":{"north":{"uv":[0,0,4,1],"texture":"#1"},"east":{"uv":[0,0,4,1],"texture":"#1"},"south":{"uv":[0,0,4,1],"texture":"#1"},"west":{"uv":[0,0,4,1],"texture":"#1"},"up":{"uv":[0,0,4,1],"texture":"#1"},"down":{"uv":[0,0,4,1],"texture":"#1"}}},{"from":[11.95,9.11667,7.77544],"to":[12.45,12.16667,8.27544],"rotation":{"angle":0,"axis":"x","origin":[12.19133,9.09865,8.32463]},"faces":{"north":{"uv":[0,0,4,1],"texture":"#3"},"east":{"uv":[0,0,4,1],"texture":"#3"},"south":{"uv":[0,0,4,1],"texture":"#3"},"west":{"uv":[0,0,4,1],"texture":"#3"},"up":{"uv":[0,0,4,1],"texture":"#3"},"down":{"uv":[0,0,4,1],"texture":"#3"}}},{"name":"fire2","from":[11.9,12.3,8.1],"to":[12.5,13.4,8.1],"rotation":{"angle":0,"axis":"y","origin":[16.1,14,13]},"faces":{"north":{"uv":[0,0,15.8,16],"texture":"#8"},"east":{"uv":[0,0,2.8,3],"texture":"#8"},"south":{"uv":[0,0,15.8,16],"texture":"#8"},"west":{"uv":[0,0,2.8,3],"texture":"#8"},"up":{"uv":[0,0,2.8,3],"texture":"#8"},"down":{"uv":[0,0,2.8,3],"texture":"#8"}}},{"name":"fire3","from":[12.18055,12.29035,7.72908],"to":[12.18055,13.39035,8.32908],"rotation":{"angle":0,"axis":"y","origin":[16.1,14,13]},"faces":{"north":{"uv":[0,0,2.8,3],"texture":"#8"},"east":{"uv":[0,0,15.8,16],"texture":"#8"},"south":{"uv":[0,0,2.8,3],"texture":"#8"},"west":{"uv":[0,0,15.8,16],"texture":"#8"},"up":{"uv":[0,0,2.8,3],"rotation":270,"texture":"#8"},"down":{"uv":[0,0,2.8,3],"rotation":90,"texture":"#8"}}},{"from":[7.25,8.81667,3.07544],"to":[8.75,9.16667,4.57544],"rotation":{"angle":0,"axis":"x","origin":[7.99133,9.09865,4.12463]},"faces":{"north":{"uv":[0,0,4,1],"texture":"#4"},"east":{"uv":[0,0,4,1],"texture":"#4"},"south":{"uv":[0,0,4,1],"texture":"#4"},"west":{"uv":[0,0,4,1],"texture":"#4"},"up":{"uv":[0,0,4,1],"rotation":180,"texture":"#4"},"down":{"uv":[0,0,4,1],"rotation":180,"texture":"#4"}}},{"from":[7.35,7.25,4.3],"to":[8.65,7.45,7.65],"rotation":{"angle":22.5,"axis":"x","origin":[8,8,8],"rescale":true},"faces":{"north":{"uv":[0,0,4,1],"texture":"#4"},"east":{"uv":[0,0,4,1],"rotation":90,"texture":"#4"},"south":{"uv":[0,0,4,1],"rotation":180,"texture":"#4"},"west":{"uv":[0,0,4,1],"rotation":270,"texture":"#4"},"up":{"uv":[0,0,4,1],"texture":"#4"},"down":{"uv":[0,0,4,1],"rotation":180,"texture":"#4"}}},{"from":[3.75,12.11667,7.97544],"to":[3.85,12.56667,8.07544],"rotation":{"angle":0,"axis":"x","origin":[3.79133,9.09865,8.32463]},"faces":{"north":{"uv":[0,0,4,1],"texture":"#1"},"east":{"uv":[0,0,4,1],"texture":"#1"},"south":{"uv":[0,0,4,1],"texture":"#1"},"west":{"uv":[0,0,4,1],"texture":"#1"},"up":{"uv":[0,0,4,1],"texture":"#1"},"down":{"uv":[0,0,4,1],"texture":"#1"}}},{"from":[3.55,9.11667,7.77544],"to":[4.05,12.16667,8.27544],"rotation":{"angle":0,"axis":"x","origin":[3.79133,9.09865,8.32463]},"faces":{"north":{"uv":[0,0,4,1],"texture":"#3"},"east":{"uv":[0,0,4,1],"texture":"#3"},"south":{"uv":[0,0,4,1],"texture":"#3"},"west":{"uv":[0,0,4,1],"texture":"#3"},"up":{"uv":[0,0,4,1],"texture":"#3"},"down":{"uv":[0,0,4,1],"texture":"#3"}}},{"name":"fire3","from":[3.5,12.3,8.1],"to":[4.1,13.4,8.1],"rotation":{"angle":0,"axis":"y","origin":[7.7,14,13]},"faces":{"north":{"uv":[0,0,15.8,16],"texture":"#8"},"east":{"uv":[0,0,2.8,3],"texture":"#8"},"south":{"uv":[0,0,15.8,16],"texture":"#8"},"west":{"uv":[0,0,2.8,3],"texture":"#8"},"up":{"uv":[0,0,2.8,3],"texture":"#8"},"down":{"uv":[0,0,2.8,3],"texture":"#8"}}},{"name":"fire4","from":[3.78055,12.29035,7.72908],"to":[3.78055,13.39035,8.32908],"rotation":{"angle":0,"axis":"y","origin":[7.7,14,13]},"faces":{"north":{"uv":[0,0,2.8,3],"texture":"#8"},"east":{"uv":[0,0,15.8,16],"texture":"#8"},"south":{"uv":[0,0,2.8,3],"texture":"#8"},"west":{"uv":[0,0,15.8,16],"texture":"#8"},"up":{"uv":[0,0,2.8,3],"rotation":270,"texture":"#8"},"down":{"uv":[0,0,2.8,3],"rotation":90,"texture":"#8"}}},{"from":[7.95,12.11667,3.77544],"to":[8.05,12.56667,3.87544],"rotation":{"angle":0,"axis":"x","origin":[7.99133,9.09865,4.12463]},"faces":{"north":{"uv":[0,0,4,1],"texture":"#1"},"east":{"uv":[0,0,4,1],"texture":"#1"},"south":{"uv":[0,0,4,1],"texture":"#1"},"west":{"uv":[0,0,4,1],"texture":"#1"},"up":{"uv":[0,0,4,1],"texture":"#1"},"down":{"uv":[0,0,4,1],"texture":"#1"}}},{"from":[7.75,9.11667,3.57544],"to":[8.25,12.16667,4.07544],"rotation":{"angle":0,"axis":"x","origin":[7.99133,9.09865,4.12463]},"faces":{"north":{"uv":[0,0,4,1],"texture":"#3"},"east":{"uv":[0,0,4,1],"texture":"#3"},"south":{"uv":[0,0,4,1],"texture":"#3"},"west":{"uv":[0,0,4,1],"texture":"#3"},"up":{"uv":[0,0,4,1],"texture":"#3"},"down":{"uv":[0,0,4,1],"texture":"#3"}}},{"name":"fire0","from":[7.7,12.3,3.9],"to":[8.3,13.4,3.9],"rotation":{"angle":0,"axis":"y","origin":[11.9,14,8.8]},"faces":{"north":{"uv":[0,0,15.8,16],"texture":"#8"},"east":{"uv":[0,0,2.8,3],"texture":"#8"},"south":{"uv":[0,0,15.8,16],"texture":"#8"},"west":{"uv":[0,0,2.8,3],"texture":"#8"},"up":{"uv":[0,0,2.8,3],"texture":"#8"},"down":{"uv":[0,0,2.8,3],"texture":"#8"}}},{"name":"fire1","from":[7.98055,12.29035,3.52908],"to":[7.98055,13.39035,4.12908],"rotation":{"angle":0,"axis":"y","origin":[11.9,14,8.8]},"faces":{"north":{"uv":[0,0,2.8,3],"texture":"#8"},"east":{"uv":[0,0,15.8,16],"texture":"#8"},"south":{"uv":[0,0,2.8,3],"texture":"#8"},"west":{"uv":[0,0,15.8,16],"texture":"#8"},"up":{"uv":[0,0,2.8,3],"rotation":270,"texture":"#8"},"down":{"uv":[0,0,2.8,3],"rotation":90,"texture":"#8"}}},{"from":[7.25,8.75,11.25],"to":[8.75,9.1,12.75],"faces":{"north":{"uv":[0,0,4,1],"texture":"#4"},"east":{"uv":[0,0,4,1],"texture":"#4"},"south":{"uv":[0,0,4,1],"texture":"#4"},"west":{"uv":[0,0,4,1],"texture":"#4"},"up":{"uv":[0,0,4,1],"texture":"#4"},"down":{"uv":[0,0,4,1],"texture":"#4"}}},{"from":[7.35,7.25,8.35],"to":[8.65,7.45,11.7],"rotation":{"angle":-22.5,"axis":"x","origin":[8,8,8],"rescale":true},"faces":{"north":{"uv":[0,0,4,1],"rotation":180,"texture":"#4"},"east":{"uv":[0,0,4,1],"rotation":270,"texture":"#4"},"south":{"uv":[0,0,4,1],"texture":"#4"},"west":{"uv":[0,0,4,1],"rotation":90,"texture":"#4"},"up":{"uv":[0,0,4,1],"rotation":180,"texture":"#4"},"down":{"uv":[0,0,4,1],"texture":"#4"}}},{"from":[7.95,12.11667,11.97544],"to":[8.05,12.56667,12.07544],"rotation":{"angle":0,"axis":"x","origin":[7.99133,9.09865,12.32463]},"faces":{"north":{"uv":[0,0,4,1],"texture":"#1"},"east":{"uv":[0,0,4,1],"texture":"#1"},"south":{"uv":[0,0,4,1],"texture":"#1"},"west":{"uv":[0,0,4,1],"texture":"#1"},"up":{"uv":[0,0,4,1],"texture":"#1"},"down":{"uv":[0,0,4,1],"texture":"#1"}}},{"from":[7.75,9.11667,11.77544],"to":[8.25,12.16667,12.27544],"rotation":{"angle":0,"axis":"x","origin":[7.99133,9.09865,12.32463]},"faces":{"north":{"uv":[0,0,4,1],"texture":"#3"},"east":{"uv":[0,0,4,1],"texture":"#3"},"south":{"uv":[0,0,4,1],"texture":"#3"},"west":{"uv":[0,0,4,1],"texture":"#3"},"up":{"uv":[0,0,4,1],"texture":"#3"},"down":{"uv":[0,0,4,1],"texture":"#3"}}},{"name":"fire1","from":[7.7,12.3,12.1],"to":[8.3,13.4,12.1],"rotation":{"angle":0,"axis":"y","origin":[11.9,14,17]},"faces":{"north":{"uv":[0,0,15.8,16],"texture":"#8"},"east":{"uv":[0,0,2.8,3],"texture":"#8"},"south":{"uv":[0,0,15.8,16],"texture":"#8"},"west":{"uv":[0,0,2.8,3],"texture":"#8"},"up":{"uv":[0,0,2.8,3],"texture":"#8"},"down":{"uv":[0,0,2.8,3],"texture":"#8"}}},{"name":"fire2","from":[7.98055,12.29035,11.72908],"to":[7.98055,13.39035,12.32908],"rotation":{"angle":0,"axis":"y","origin":[11.9,14,17]},"faces":{"north":{"uv":[0,0,2.8,3],"texture":"#8"},"east":{"uv":[0,0,15.8,16],"texture":"#8"},"south":{"uv":[0,0,2.8,3],"texture":"#8"},"west":{"uv":[0,0,15.8,16],"texture":"#8"},"up":{"uv":[0,0,2.8,3],"rotation":270,"texture":"#8"},"down":{"uv":[0,0,2.8,3],"rotation":90,"texture":"#8"}}},{"from":[8.21671,11.55,7.93542],"to":[8.41671,12.6,8.03542],"rotation":{"angle":22.5,"axis":"y","origin":[7.94065,12.52495,7.97606]},"faces":{"north":{"uv":[0,0,4,1],"texture":"#2"},"east":{"uv":[0,0,4,1],"texture":"#2"},"south":{"uv":[0,0,4,1],"texture":"#2"},"west":{"uv":[0,0,4,1],"texture":"#2"},"up":{"uv":[0,0,4,1],"texture":"#2"},"down":{"uv":[0,0,4,1],"texture":"#2"}}},{"from":[7.46671,11.55,7.93542],"to":[7.66671,12.6,8.03542],"rotation":{"angle":22.5,"axis":"y","origin":[7.94065,12.52495,7.97606]},"faces":{"north":{"uv":[0,0,4,1],"texture":"#2"},"east":{"uv":[0,0,4,1],"texture":"#2"},"south":{"uv":[0,0,4,1],"texture":"#2"},"west":{"uv":[0,0,4,1],"texture":"#2"},"up":{"uv":[0,0,4,1],"texture":"#2"},"down":{"uv":[0,0,4,1],"texture":"#2"}}},{"from":[7.66671,11.55,7.93542],"to":[8.26671,11.7,8.03542],"rotation":{"angle":22.5,"axis":"y","origin":[7.94065,12.52495,7.97606]},"faces":{"north":{"uv":[0,0,4,1],"texture":"#2"},"east":{"uv":[0,0,4,1],"texture":"#2"},"south":{"uv":[0,0,4,1],"texture":"#2"},"west":{"uv":[0,0,4,1],"texture":"#2"},"up":{"uv":[0,0,4,1],"texture":"#2"},"down":{"uv":[0,0,4,1],"texture":"#2"}}},{"from":[7.66671,12.45,7.93542],"to":[8.26671,12.6,8.03542],"rotation":{"angle":22.5,"axis":"y","origin":[7.94065,12.52495,7.97606]},"faces":{"north":{"uv":[0,0,4,1],"texture":"#2"},"east":{"uv":[0,0,4,1],"texture":"#2"},"south":{"uv":[0,0,4,1],"texture":"#2"},"west":{"uv":[0,0,4,1],"texture":"#2"},"up":{"uv":[0,0,4,1],"texture":"#2"},"down":{"uv":[0,0,4,1],"texture":"#2"}}},{"from":[7.9,12.35,7.5],"to":[8,13.4,7.7],"rotation":{"angle":22.5,"axis":"y","origin":[7.94065,12.52495,7.97606]},"faces":{"north":{"uv":[0,0,4,1],"texture":"#2"},"east":{"uv":[0,0,4,1],"texture":"#2"},"south":{"uv":[0,0,4,1],"texture":"#2"},"west":{"uv":[0,0,4,1],"texture":"#2"},"up":{"uv":[0,0,4,1],"texture":"#2"},"down":{"uv":[0,0,4,1],"texture":"#2"}}},{"from":[7.9,12.35,8.25],"to":[8,13.4,8.45],"rotation":{"angle":22.5,"axis":"y","origin":[7.94065,12.52495,7.97606]},"faces":{"north":{"uv":[0,0,4,1],"texture":"#2"},"east":{"uv":[0,0,4,1],"texture":"#2"},"south":{"uv":[0,0,4,1],"texture":"#2"},"west":{"uv":[0,0,4,1],"texture":"#2"},"up":{"uv":[0,0,4,1],"texture":"#2"},"down":{"uv":[0,0,4,1],"texture":"#2"}}},{"from":[7.9,12.35,7.65],"to":[8,12.5,8.25],"rotation":{"angle":22.5,"axis":"y","origin":[7.94065,12.52495,7.97606]},"faces":{"north":{"uv":[0,0,4,1],"texture":"#2"},"east":{"uv":[0,0,4,1],"texture":"#2"},"south":{"uv":[0,0,4,1],"texture":"#2"},"west":{"uv":[0,0,4,1],"texture":"#2"},"up":{"uv":[0,0,4,1],"texture":"#2"},"down":{"uv":[0,0,4,1],"texture":"#2"}}},{"from":[7.9,13.25,7.65],"to":[8,13.4,8.25],"rotation":{"angle":22.5,"axis":"y","origin":[7.94065,12.52495,7.97606]},"faces":{"north":{"uv":[0,0,4,1],"texture":"#2"},"east":{"uv":[0,0,4,1],"texture":"#2"},"south":{"uv":[0,0,4,1],"texture":"#2"},"west":{"uv":[0,0,4,1],"texture":"#2"},"up":{"uv":[0,0,4,1],"texture":"#2"},"down":{"uv":[0,0,4,1],"texture":"#2"}}},{"from":[7.46458,13.15,7.91671],"to":[7.66458,14.2,8.01671],"rotation":{"angle":0,"axis":"y","origin":[7.94065,13.52495,7.97606]},"faces":{"north":{"uv":[0,0,4,1],"texture":"#2"},"east":{"uv":[0,0,4,1],"texture":"#2"},"south":{"uv":[0,0,4,1],"texture":"#2"},"west":{"uv":[0,0,4,1],"texture":"#2"},"up":{"uv":[0,0,4,1],"texture":"#2"},"down":{"uv":[0,0,4,1],"texture":"#2"}}},{"from":[8.21458,13.15,7.91671],"to":[8.41458,14.2,8.01671],"rotation":{"angle":0,"axis":"y","origin":[7.94065,13.52495,7.97606]},"faces":{"north":{"uv":[0,0,4,1],"texture":"#2"},"east":{"uv":[0,0,4,1],"texture":"#2"},"south":{"uv":[0,0,4,1],"texture":"#2"},"west":{"uv":[0,0,4,1],"texture":"#2"},"up":{"uv":[0,0,4,1],"texture":"#2"},"down":{"uv":[0,0,4,1],"texture":"#2"}}},{"from":[7.61458,13.15,7.91671],"to":[8.21458,13.3,8.01671],"rotation":{"angle":0,"axis":"y","origin":[7.94065,13.52495,7.97606]},"faces":{"north":{"uv":[0,0,4,1],"texture":"#2"},"east":{"uv":[0,0,4,1],"texture":"#2"},"south":{"uv":[0,0,4,1],"texture":"#2"},"west":{"uv":[0,0,4,1],"texture":"#2"},"up":{"uv":[0,0,4,1],"texture":"#2"},"down":{"uv":[0,0,4,1],"texture":"#2"}}},{"from":[7.61458,14.05,7.91671],"to":[8.21458,14.2,8.01671],"rotation":{"angle":0,"axis":"y","origin":[7.94065,13.52495,7.97606]},"faces":{"north":{"uv":[0,0,4,1],"texture":"#2"},"east":{"uv":[0,0,4,1],"texture":"#2"},"south":{"uv":[0,0,4,1],"texture":"#2"},"west":{"uv":[0,0,4,1],"texture":"#2"},"up":{"uv":[0,0,4,1],"texture":"#2"},"down":{"uv":[0,0,4,1],"texture":"#2"}}},{"from":[7.9,13.95,7.5],"to":[8,15.5,7.7],"faces":{"north":{"uv":[0,0,4,1],"texture":"#2"},"east":{"uv":[0,0,4,1],"texture":"#2"},"south":{"uv":[0,0,4,1],"texture":"#2"},"west":{"uv":[0,0,4,1],"texture":"#2"},"up":{"uv":[0,0,4,1],"texture":"#2"},"down":{"uv":[0,0,4,1],"texture":"#2"}}},{"from":[7.9,13.95,8.25],"to":[8,15.5,8.45],"faces":{"north":{"uv":[0,0,4,1],"texture":"#2"},"east":{"uv":[0,0,4,1],"texture":"#2"},"south":{"uv":[0,0,4,1],"texture":"#2"},"west":{"uv":[0,0,4,1],"texture":"#2"},"up":{"uv":[0,0,4,1],"texture":"#2"},"down":{"uv":[0,0,4,1],"texture":"#2"}}},{"from":[7.9,13.95,7.65],"to":[8,14.1,8.25],"faces":{"north":{"uv":[0,0,4,1],"texture":"#2"},"east":{"uv":[0,0,4,1],"texture":"#2"},"south":{"uv":[0,0,4,1],"texture":"#2"},"west":{"uv":[0,0,4,1],"texture":"#2"},"up":{"uv":[0,0,4,1],"texture":"#2"},"down":{"uv":[0,0,4,1],"texture":"#2"}}},{"from":[6,15.5,6],"to":[10,16,10],"faces":{"north":{"uv":[0,0,4,1],"texture":"#4"},"east":{"uv":[0,0,4,1],"texture":"#4"},"south":{"uv":[0,0,4,1],"texture":"#4"},"west":{"uv":[0,0,4,1],"texture":"#4"},"up":{"uv":[0,0,4,1],"texture":"#4"},"down":{"uv":[0,0,4,1],"texture":"#4"}}},{"from":[7.25,7.35,7.25],"to":[8.75,11.6,8.75],"faces":{"north":{"uv":[0,0,4,1],"texture":"#4"},"east":{"uv":[0,0,4,1],"texture":"#4"},"south":{"uv":[0,0,4,1],"texture":"#4"},"west":{"uv":[0,0,4,1],"texture":"#4"},"up":{"uv":[0,0,4,1],"texture":"#4"},"down":{"uv":[0,0,4,1],"texture":"#4"}}}],"display":{"thirdperson_righthand":{"rotation":[76,-32,0],"translation":[0,-1,-2.75],"scale":[0.35,0.35,0.35]},"firstperson_righthand":{"translation":[3.75,3.25,1.25],"scale":[0.3,0.3,0.3]},"firstperson_lefthand":{"rotation":[0,35,0],"translation":[1.25,1.75,1],"scale":[0.3,0.3,0.3]},"ground":{"translation":[0,3.25,0],"scale":[0.8,0.8,0.8]},"gui":{"rotation":[9,25,0],"translation":[0.25,-6,0],"scale":[1.6,1.6,1.6]},"head":{"translation":[0,-27.75,0],"scale":[4,4,4]},"fixed":{"translation":[0,-0.75,-1.25],"scale":[0.7,0.7,0.7]}},"groups":[{"name":"group","origin":[8,8,8],"children":[{"name":"group","origin":[8,8,8],"children":[0,1]},{"name":"group","origin":[8,8,8],"children":[2,3,{"name":"candle","origin":[8,8,8],"children":[4,5,{"name":"fire","origin":[8,8,8],"children":[6,7]}]}]},{"name":"group","origin":[8,8,8],"children":[8,9,{"name":"candle","origin":[8,8,8],"children":[10,11,{"name":"fire","origin":[8,8,8],"children":[12,13]}]},{"name":"candle","origin":[8,8,8],"children":[14,15,{"name":"fire","origin":[8,8,8],"children":[16,17]}]}]},{"name":"group","origin":[8,8,8],"children":[18,19,{"name":"candle","origin":[8,8,8],"children":[20,21,{"name":"fire","origin":[8,8,8],"children":[22,23]}]}]},{"name":"group","origin":[8,8,8],"children":[24,25,26,27]},{"name":"group","origin":[8,8,8],"children":[28,29,30,31]},{"name":"group","origin":[8,8,8],"children":[32,33,34,35]},{"name":"group","origin":[8,8,8],"children":[36,37,38]},39,40]}]}