{"__comment":"ModelgeneratedusingMrCrayfish'sModelCreator(https://mrcrayfish.com/tools?id=mc)","textures":{"oak_planks":"itemsadder:item/quimicos/oak_planks","cartelf3":"itemsadder:item/cartel/cartelf3"},"display":{"gui":{"rotation":[30,45,0],"translation":[0,0,0],"scale":[0.825,0.825,0.825]},"ground":{"rotation":[0,0,0],"translation":[0,3,0],"scale":[0.65,0.65,0.25]},"fixed":{"rotation":[0,180,0],"translation":[0,0,0],"scale":[1,1,1]},"head":{"rotation":[0,180,0],"translation":[0,0,0],"scale":[1,1,1]},"firstperson_righthand":{"rotation":[0,182,0],"translation":[0,5.5,0],"scale":[0.6,0.6,0.5]},"thirdperson_righthand":{"rotation":[0,180,0],"translation":[0,5.5,0],"scale":[0.875,0.875,0.375]}},"elements":[{"name":"Cube","from":[7.5,0,7.5],"to":[8.5,4,8.5],"faces":{"north":{"texture":"#oak_planks","uv":[7,4,8,8]},"east":{"texture":"#oak_planks","uv":[7,4,8,8]},"south":{"texture":"#oak_planks","uv":[7,3,8,7]},"west":{"texture":"#oak_planks","uv":[7,4,8,8]},"down":{"texture":"#oak_planks","uv":[1,3,2,4]}}},{"name":"Cube","from":[2,4,7.4],"to":[14,12,8.6],"faces":{"north":{"texture":"#oak_planks","uv":[0,0,12,8]},"east":{"texture":"#oak_planks","uv":[0,0,1.2,8]},"south":{"texture":"#cartelf3","uv":[0,0,16,16]},"west":{"texture":"#oak_planks","uv":[0,0,1.2,8]},"up":{"texture":"#oak_planks","uv":[0,0,12,1.2]},"down":{"texture":"#oak_planks","uv":[0,0,12,1.2]}}}]}