{"credit":"MadewithBlockbench","textures":{"0":"itemsadder:item/carton_box/box","1":"itemsadder:item/carton_box/plastic","particle":"itemsadder:item/carton_box/box"},"elements":[{"from":[-4.1,13.1,7.8],"to":[20.1,13.2,8.6],"rotation":{"angle":22.5,"axis":"x","origin":[7.99877,11.04883,10.35504]},"faces":{"north":{"uv":[0,0,16,16],"texture":"#1"},"east":{"uv":[0,0,16,16],"texture":"#1"},"south":{"uv":[0,0,16,16],"texture":"#1"},"west":{"uv":[0,0,16,16],"texture":"#1"},"up":{"uv":[0,0,16,16],"texture":"#1"},"down":{"uv":[0,0,16,16],"texture":"#1"}}},{"from":[-4,13.13088,7.84943],"to":[20,13.18088,15.54943],"rotation":{"angle":22.5,"axis":"x","origin":[7.99877,11.04883,10.35504]},"faces":{"north":{"uv":[0,0,16,16],"texture":"#0"},"east":{"uv":[0,0,16,16],"texture":"#0"},"south":{"uv":[0,0,16,16],"texture":"#0"},"west":{"uv":[0,0,16,16],"texture":"#0"},"up":{"uv":[0,0,16,16],"texture":"#0"},"down":{"uv":[0,0,16,16],"texture":"#0"}}},{"from":[-4,0,15],"to":[20,11,16],"faces":{"north":{"uv":[0,0,16,16],"texture":"#0"},"east":{"uv":[0,0,3,16],"texture":"#0"},"south":{"uv":[0,0,16,16],"texture":"#0"},"west":{"uv":[0,0,3,16],"texture":"#0"},"up":{"uv":[0,0,16,16],"texture":"#0"},"down":{"uv":[0,0,16,2],"texture":"#0"}}},{"from":[-4,0,0],"to":[20,11,1],"faces":{"north":{"uv":[0,0,16,16],"texture":"#0"},"east":{"uv":[0,0,3,16],"texture":"#0"},"south":{"uv":[0,0,16,16],"texture":"#0"},"west":{"uv":[0,0,3,16],"texture":"#0"},"up":{"uv":[0,0,16,16],"texture":"#0"},"down":{"uv":[0,0,16,2],"texture":"#0"}}},{"from":[20,0,7.3],"to":[20.1,11,9],"faces":{"north":{"uv":[0,0,16,16],"texture":"#1"},"east":{"uv":[0,0,16,16],"texture":"#1"},"south":{"uv":[0,0,16,16],"texture":"#1"},"west":{"uv":[0,0,16,16],"texture":"#1"},"up":{"uv":[0,0,16,16],"texture":"#1"},"down":{"uv":[0,0,16,16],"texture":"#1"}}},{"from":[-3,0,1],"to":[19,1,15],"faces":{"north":{"uv":[0,0,16,16],"texture":"#0"},"east":{"uv":[0,0,16,16],"texture":"#0"},"south":{"uv":[0,0,16,16],"texture":"#0"},"west":{"uv":[0,0,16,16],"texture":"#0"},"up":{"uv":[0,0,16,16],"texture":"#0"},"down":{"uv":[0,0,16,16],"texture":"#0"}}},{"from":[-4,0,1],"to":[-3,11,15],"faces":{"north":{"uv":[0,0,16,16],"texture":"#0"},"east":{"uv":[0,0,16,16],"texture":"#0"},"south":{"uv":[0,0,16,16],"texture":"#0"},"west":{"uv":[0,0,16,16],"texture":"#0"},"up":{"uv":[0,0,3,16],"texture":"#0"},"down":{"uv":[0,0,3,16],"texture":"#0"}}},{"from":[-4,11.00273,0.00395],"to":[20,11.05273,8.10395],"rotation":{"angle":0,"axis":"y","origin":[7.98461,12.53161,3.71413]},"faces":{"north":{"uv":[0,0,16,16],"texture":"#0"},"east":{"uv":[0,0,16,16],"texture":"#0"},"south":{"uv":[0,0,16,16],"texture":"#0"},"west":{"uv":[0,0,16,16],"texture":"#0"},"up":{"uv":[0,0,16,16],"texture":"#0"},"down":{"uv":[0,0,16,16],"texture":"#0"}}},{"from":[19,0,1],"to":[20,11,15],"faces":{"north":{"uv":[0,0,16,16],"texture":"#0"},"east":{"uv":[0,0,16,16],"texture":"#0"},"south":{"uv":[0,0,16,16],"texture":"#0"},"west":{"uv":[0,0,16,16],"texture":"#0"},"up":{"uv":[0,0,3,16],"texture":"#0"},"down":{"uv":[0,0,3,16],"texture":"#0"}}},{"from":[-4.1,-0.1,7.3],"to":[20.1,0,9],"faces":{"north":{"uv":[0,0,16,16],"texture":"#1"},"east":{"uv":[0,0,16,16],"texture":"#1"},"south":{"uv":[0,0,16,16],"texture":"#1"},"west":{"uv":[0,0,16,16],"texture":"#1"},"up":{"uv":[0,0,16,16],"texture":"#1"},"down":{"uv":[0,0,16,16],"texture":"#1"}}},{"from":[-4.1,0,7.3],"to":[-4,11,9],"faces":{"north":{"uv":[0,0,16,16],"texture":"#1"},"east":{"uv":[0,0,16,16],"texture":"#1"},"south":{"uv":[0,0,16,16],"texture":"#1"},"west":{"uv":[0,0,16,16],"texture":"#1"},"up":{"uv":[0,0,16,16],"texture":"#1"},"down":{"uv":[0,0,16,16],"texture":"#1"}}},{"from":[-4.1,11,7.3],"to":[20.1,11.1,8.1],"faces":{"north":{"uv":[0,0,16,16],"texture":"#1"},"east":{"uv":[0,0,16,16],"texture":"#1"},"south":{"uv":[0,0,16,16],"texture":"#1"},"west":{"uv":[0,0,16,16],"texture":"#1"},"up":{"uv":[0,0,16,16],"texture":"#1"},"down":{"uv":[0,0,16,16],"texture":"#1"}}}],"display":{"thirdperson_righthand":{"rotation":[69.5,0,0],"translation":[0,2.5,0],"scale":[0.3,0.3,0.3]},"firstperson_righthand":{"rotation":[0,-6,0],"translation":[-0.5,3.5,2.75],"scale":[0.2,0.2,0.2]},"ground":{"translation":[0,2.5,0],"scale":[0.3,0.3,0.3]},"gui":{"rotation":[23,130,0],"translation":[0,1.25,0],"scale":[0.58,0.58,0.58]},"head":{"rotation":[-86,0,0],"translation":[0,-1.5,-3.75],"scale":[1.23,1.48,1.23]},"fixed":{"translation":[0,0,-4],"scale":[0.5,0.5,0.5]}}}