{	"credit":"LynusCorridor6942",	"parent":"bultin/generated",	"textures":{		"0":"itemsadder:item/escudo/shield_base_nopattern"	},	"elements":[		{			"from":[1,-3,-1],			"to":[15,20,0],			"faces":{				"north":{"uv":[4.25,7.5,7.75,13.25],"texture":"#0"},				"east":{"uv":[4.75,5.5,5,5.75],"texture":"#0"},				"south":{"uv":[4.25,7.5,7.75,13.25],"texture":"#0"},				"west":{"uv":[3.5,7,3.75,11.5],"texture":"#0"},				"up":{"uv":[4.75,5.5,7.75,5.75],"texture":"#0"},				"down":{"uv":[4.5,5.5,7.75,5.75],"texture":"#0"}			}		},		{			"from":[12,20,-1],			"to":[15,23,0],			"faces":{				"north":{"uv":[4.25,7.5,7.75,8],"texture":"#0"},				"east":{"uv":[4.75,5.5,5,5.75],"texture":"#0"},				"south":{"uv":[6.25,7.25,7.5,9],"texture":"#0"},				"west":{"uv":[3.5,7,3.75,11.5],"texture":"#0"},				"up":{"uv":[0,0,16,1],"texture":"#missing"},				"down":{"uv":[4.5,5.5,7.75,5.75],"texture":"#0"}			}		},		{			"from":[12,20,-1.25],			"to":[12.5,23,-0.25],			"faces":{				"north":{"uv":[4.25,11.25,7.5,11.5],"texture":"#0"},				"east":{"uv":[5,10.75,5.5,11.25],"texture":"#0"},				"south":{"uv":[5.5,11,6.75,12.75],"texture":"#0"},				"west":{"uv":[5,11,5.75,11.75],"texture":"#0"},				"up":{"uv":[6.25,10.75,7,11.75],"texture":"#0"},				"down":{"uv":[4.5,11.25,7.75,11.5],"texture":"#0"}			}		},		{			"from":[3.5,20,-1.25],			"to":[4,23,-0.25],			"faces":{				"north":{"uv":[4.25,11.25,7.5,11.5],"texture":"#0"},				"east":{"uv":[5,10.75,5.5,11.25],"texture":"#0"},				"south":{"uv":[5.5,11,6.75,12.75],"texture":"#0"},				"west":{"uv":[5,11,5.75,11.75],"texture":"#0"},				"up":{"uv":[6.25,10.75,7,11.75],"texture":"#0"},				"down":{"uv":[4.5,11.25,7.75,11.5],"texture":"#0"}			}		},		{			"from":[4,23,-1.25],			"to":[12,23.5,-0.25],			"faces":{				"north":{"uv":[4.25,11.25,7.5,11.5],"texture":"#0"},				"east":{"uv":[5,10.75,5.5,11.25],"texture":"#0"},				"south":{"uv":[5.5,11,6.75,12.75],"texture":"#0"},				"west":{"uv":[5,11,5.75,11.75],"texture":"#0"},				"up":{"uv":[6.25,10.75,7,11.75],"texture":"#0"},				"down":{"uv":[4.5,11.25,7.75,11.5],"texture":"#0"}			}		},		{			"from":[4,19.5,-1.25],			"to":[12,20,-0.25],			"faces":{				"north":{"uv":[4.25,11.25,7.5,11.5],"texture":"#0"},				"east":{"uv":[5,10.75,5.5,11.25],"texture":"#0"},				"south":{"uv":[5.5,11,6.75,12.75],"texture":"#0"},				"west":{"uv":[5,11,5.75,11.75],"texture":"#0"},				"up":{"uv":[6.25,10.75,7,11.75],"texture":"#0"},				"down":{"uv":[4.5,11.25,7.75,11.5],"texture":"#0"}			}		},		{			"from":[12,19.5,-1.125],			"to":[12.5,20,-0.125],			"faces":{				"north":{"uv":[1.5,5,2,5.5],"texture":"#0"},				"east":{"uv":[1.5,5,2,5.5],"rotation":90,"texture":"#0"},				"south":{"uv":[5.5,11,6.75,12.75],"texture":"#0"},				"west":{"uv":[1.5,5,2,5.5],"texture":"#0"},				"up":{"uv":[1.5,5,2,5.5],"rotation":180,"texture":"#0"},				"down":{"uv":[1.5,5,2,5.5],"rotation":180,"texture":"#0"}			}		},		{			"from":[3.5,19.5,-1.125],			"to":[4,20,-0.125],			"faces":{				"north":{"uv":[1.5,5,2,5.5],"texture":"#0"},				"east":{"uv":[1.5,5,2,5.5],"rotation":90,"texture":"#0"},				"south":{"uv":[5.5,11,6.75,12.75],"texture":"#0"},				"west":{"uv":[1.5,5,2,5.5],"texture":"#0"},				"up":{"uv":[1.5,5,2,5.5],"rotation":180,"texture":"#0"},				"down":{"uv":[1.5,5,2,5.5],"rotation":180,"texture":"#0"}			}		},		{			"from":[3.5,23,-1.125],			"to":[4,23.5,-0.125],			"faces":{				"north":{"uv":[1.5,5,2,5.5],"texture":"#0"},				"east":{"uv":[1.5,5,2,5.5],"rotation":90,"texture":"#0"},				"south":{"uv":[5.5,11,6.75,12.75],"texture":"#0"},				"west":{"uv":[1.5,5,2,5.5],"texture":"#0"},				"up":{"uv":[1.5,5,2,5.5],"rotation":180,"texture":"#0"},				"down":{"uv":[1.5,5,2,5.5],"rotation":180,"texture":"#0"}			}		},		{			"from":[12,23,-1.125],			"to":[12.5,23.5,-0.125],			"faces":{				"north":{"uv":[1.5,5,2,5.5],"texture":"#0"},				"east":{"uv":[1.5,5,2,5.5],"rotation":90,"texture":"#0"},				"south":{"uv":[5.5,11,6.75,12.75],"texture":"#0"},				"west":{"uv":[1.5,5,2,5.5],"texture":"#0"},				"up":{"uv":[1.5,5,2,5.5],"rotation":180,"texture":"#0"},				"down":{"uv":[1.5,5,2,5.5],"rotation":180,"texture":"#0"}			}		},		{			"from":[3.5,19.5,-0.75],			"to":[12.5,20,0.25],			"faces":{				"north":{"uv":[4.25,11.25,7.5,11.5],"texture":"#0"},				"east":{"uv":[5,10.75,5.5,11.25],"texture":"#0"},				"south":{"uv":[5.5,11,6.75,12.75],"texture":"#0"},				"west":{"uv":[5,11,5.75,11.75],"texture":"#0"},				"up":{"uv":[6.25,10.75,7,11.75],"texture":"#0"},				"down":{"uv":[4.5,11.25,7.75,11.5],"texture":"#0"}			}		},		{			"from":[12,20,-0.75],			"to":[12.5,23,0.25],			"faces":{				"north":{"uv":[4.25,11.25,7.5,11.5],"texture":"#0"},				"east":{"uv":[5,10.75,5.5,11.25],"texture":"#0"},				"south":{"uv":[5.5,11,6.75,12.75],"texture":"#0"},				"west":{"uv":[5,11,5.75,11.75],"texture":"#0"},				"up":{"uv":[6.25,10.75,7,11.75],"texture":"#0"},				"down":{"uv":[4.5,11.25,7.75,11.5],"texture":"#0"}			}		},		{			"from":[3.5,23,-0.75],			"to":[12.5,23.5,0.25],			"faces":{				"north":{"uv":[4.25,11.25,7.5,11.5],"texture":"#0"},				"east":{"uv":[5,10.75,5.5,11.25],"texture":"#0"},				"south":{"uv":[5.5,11,6.75,12.75],"texture":"#0"},				"west":{"uv":[5,11,5.75,11.75],"texture":"#0"},				"up":{"uv":[6.25,10.75,7,11.75],"texture":"#0"},				"down":{"uv":[4.5,11.25,7.75,11.5],"texture":"#0"}			}		},		{			"from":[3.5,20,-0.75],			"to":[4,23,0.25],			"faces":{				"north":{"uv":[4.25,11.25,7.5,11.5],"texture":"#0"},				"east":{"uv":[5,10.75,5.5,11.25],"texture":"#0"},				"south":{"uv":[5.5,11,6.75,12.75],"texture":"#0"},				"west":{"uv":[5,11,5.75,11.75],"texture":"#0"},				"up":{"uv":[6.25,10.75,7,11.75],"texture":"#0"},				"down":{"uv":[4.5,11.25,7.75,11.5],"texture":"#0"}			}		},		{			"from":[1,20,-1],			"to":[4,23,0],			"faces":{				"north":{"uv":[4.25,7.5,7.75,8.5],"texture":"#0"},				"east":{"uv":[4.75,5.5,5,5.75],"texture":"#0"},				"south":{"uv":[5.25,7,6.75,9.25],"texture":"#0"},				"west":{"uv":[3.5,7,3.75,11.5],"texture":"#0"},				"up":{"uv":[0,0,16,1],"texture":"#missing"},				"down":{"uv":[4.5,5.5,7.75,5.75],"texture":"#0"}			}		},		{			"from":[1,23,-1],			"to":[15,28,0],			"faces":{				"north":{"uv":[4.25,5.5,7.75,6.75],"texture":"#0"},				"east":{"uv":[4.75,5.5,5,5.75],"texture":"#0"},				"south":{"uv":[4.25,5.5,7.75,6.75],"texture":"#0"},				"west":{"uv":[3.5,7,3.75,11.5],"texture":"#0"},				"up":{"uv":[4.5,5.5,7.75,5.75],"texture":"#0"},				"down":{"uv":[4.5,5.5,7.75,5.75],"texture":"#0"}			}		},		{			"from":[4,20,-1],			"to":[12,23,0],			"faces":{				"north":{"uv":[6.75,2.75,10.25,4.25],"texture":"#0"},				"east":{"uv":[6.75,2.75,10.25,4.25],"texture":"#0"},				"south":{"uv":[6.75,2.75,10.25,4.25],"texture":"#0"},				"west":{"uv":[6.75,2.75,10.25,4.25],"texture":"#0"},				"up":{"uv":[6.75,2.75,10.25,4.25],"texture":"#0"},				"down":{"uv":[6.75,2.75,10.25,4.25],"texture":"#0"}			}		},		{			"from":[15,-2,0],			"to":[16,27,1],			"faces":{				"north":{"uv":[4,5.75,4.25,13],"texture":"#0"},				"east":{"uv":[3.5,10.75,3.75,11.25],"texture":"#0"},				"south":{"uv":[4,5.75,4.25,13],"texture":"#0"},				"west":{"uv":[4,5.75,4.25,13],"texture":"#0"},				"up":{"uv":[4.75,5.5,7.75,5.75],"texture":"#0"},				"down":{"uv":[4.75,5.5,7,5.75],"texture":"#0"}			}		},		{			"from":[0,-2,0],			"to":[1,27,1],			"faces":{				"north":{"uv":[4,5.75,4.25,13],"texture":"#0"},				"east":{"uv":[4,5.75,4.25,13],"texture":"#0"},				"south":{"uv":[4,5.75,4.25,13],"texture":"#0"},				"west":{"uv":[3.5,10.75,3.75,11.25],"texture":"#0"},				"up":{"uv":[4.75,5.5,7.75,5.75],"rotation":180,"texture":"#0"},				"down":{"uv":[4.75,5.5,7,5.75],"rotation":180,"texture":"#0"}			}		},		{			"from":[16,1,1],			"to":[17,26,2],			"faces":{				"north":{"uv":[3.75,6,4,12.25],"texture":"#0"},				"east":{"uv":[3.5,7.5,3.75,8.75],"texture":"#0"},				"south":{"uv":[3.75,6,4,12.25],"texture":"#0"},				"west":{"uv":[3.75,6,4,12.25],"texture":"#0"},				"up":{"uv":[4.75,5.5,7.5,5.75],"texture":"#0"},				"down":{"uv":[5,5.5,7.5,5.75],"texture":"#0"}			}		},		{			"from":[-1,1,1],			"to":[0,26,2],			"faces":{				"north":{"uv":[3.75,6,4,12.25],"texture":"#0"},				"east":{"uv":[3.75,6,4,12.25],"texture":"#0"},				"south":{"uv":[3.75,6,4,12.25],"texture":"#0"},				"west":{"uv":[3.5,7.5,3.75,8.75],"texture":"#0"},				"up":{"uv":[4.75,5.5,7.5,5.75],"rotation":180,"texture":"#0"},				"down":{"uv":[5,5.5,7.5,5.75],"rotation":180,"texture":"#0"}			}		},		{			"from":[17,4,2],			"to":[18,23,3],			"faces":{				"north":{"uv":[3.5,6.75,3.75,11.5],"texture":"#0"},				"east":{"uv":[3.5,8.25,3.75,11],"texture":"#0"},				"south":{"uv":[3.5,6.75,3.75,11.5],"texture":"#0"},				"west":{"uv":[3.5,6.75,3.75,11.5],"texture":"#0"},				"up":{"uv":[4.75,5.5,7.5,5.75],"texture":"#0"},				"down":{"uv":[4.5,5.5,7.75,5.75],"texture":"#0"}			}		},		{			"from":[-2,4,2],			"to":[-1,23,3],			"faces":{				"north":{"uv":[3.5,6.75,3.75,11.5],"texture":"#0"},				"east":{"uv":[3.5,6.75,3.75,11.5],"texture":"#0"},				"south":{"uv":[3.5,6.75,3.75,11.5],"texture":"#0"},				"west":{"uv":[3.5,8.25,3.75,11],"texture":"#0"},				"up":{"uv":[4.75,5.5,7.5,5.75],"rotation":180,"texture":"#0"},				"down":{"uv":[4.5,5.5,7.75,5.75],"rotation":180,"texture":"#0"}			}		},		{			"from":[2.75,15,-1.5],			"to":[13.25,18.5,-0.5],			"faces":{				"north":{"uv":[10.75,0.75,16,2.5],"texture":"#0"},				"east":{"uv":[10.75,0.75,11,2.5],"texture":"#0"},				"south":{"uv":[0,0,8,5],"texture":"#missing"},				"west":{"uv":[10.75,1,11,2.5],"texture":"#0"},				"up":{"uv":[11.25,0.75,15.75,1],"texture":"#0"},				"down":{"uv":[11.5,0.75,15.25,1],"texture":"#0"}			}		},		{			"from":[5.5,24,-0.375],			"to":[10.75,25.75,0.125],			"faces":{				"north":{"uv":[0,0,8,5],"texture":"#missing"},				"east":{"uv":[10.75,1,11,2.5],"texture":"#0"},				"south":{"uv":[10.75,0.75,16,2.5],"texture":"#0"},				"west":{"uv":[10.75,0.75,11,2.5],"texture":"#0"},				"up":{"uv":[11.25,0.75,15.75,1],"rotation":180,"texture":"#0"},				"down":{"uv":[11.5,0.75,15.25,1],"rotation":180,"texture":"#0"}			}		},		{			"from":[12.5,-1,-1.5],			"to":[13,0,-1],			"faces":{				"north":{"uv":[1,5,1.25,5.5],"texture":"#0"},				"east":{"uv":[1,5,1.25,5.5],"texture":"#0"},				"south":{"uv":[0,0,1,2],"texture":"#missing"},				"west":{"uv":[1,5,1.25,5.5],"texture":"#0"},				"up":{"uv":[0.5,4.75,1,5],"texture":"#0"},				"down":{"uv":[1,5,1.25,5.5],"texture":"#0"}			}		},		{			"from":[14,-1,-1.5],			"to":[14.5,0,-1],			"faces":{				"north":{"uv":[1,5,1.25,5.5],"texture":"#0"},				"east":{"uv":[1,5,1.25,5.5],"texture":"#0"},				"south":{"uv":[0,0,1,2],"texture":"#missing"},				"west":{"uv":[0,0,1,2],"texture":"#missing"},				"up":{"uv":[0.5,4.75,1,5],"texture":"#0"},				"down":{"uv":[1,5,1.25,5.5],"texture":"#0"}			}		},		{			"from":[13,-1.5,-1.5],			"to":[14,0.5,-1],			"faces":{				"north":{"uv":[0.5,4.75,1,5.75],"texture":"#0"},				"east":{"uv":[1,5,1.25,5.25],"texture":"#0"},				"south":{"uv":[0,0,2,4],"texture":"#missing"},				"west":{"uv":[1,5,1.25,5.5],"texture":"#0"},				"up":{"uv":[0.5,4.75,1,5],"texture":"#0"},				"down":{"uv":[0.5,4.75,1,5],"texture":"#0"}			}		},		{			"from":[14,25,-1.5],			"to":[14.5,26,-1],			"faces":{				"north":{"uv":[1,5,1.25,5.5],"texture":"#0"},				"east":{"uv":[1,5,1.25,5.5],"texture":"#0"},				"south":{"uv":[0,0,1,2],"texture":"#missing"},				"west":{"uv":[0,0,1,2],"texture":"#missing"},				"up":{"uv":[0.5,4.75,1,5],"texture":"#0"},				"down":{"uv":[1,5,1.25,5.5],"texture":"#0"}			}		},		{			"from":[13,24.5,-1.5],			"to":[14,26.5,-1],			"faces":{				"north":{"uv":[0.5,4.75,1,5.75],"texture":"#0"},				"east":{"uv":[1,5,1.25,5.25],"texture":"#0"},				"south":{"uv":[0,0,2,4],"texture":"#missing"},				"west":{"uv":[1,5,1.25,5.5],"texture":"#0"},				"up":{"uv":[0.5,4.75,1,5],"texture":"#0"},				"down":{"uv":[0.5,4.75,1,5],"texture":"#0"}			}		},		{			"from":[12.5,25,-1.5],			"to":[13,26,-1],			"faces":{				"north":{"uv":[1,5,1.25,5.5],"texture":"#0"},				"east":{"uv":[1,5,1.25,5.5],"texture":"#0"},				"south":{"uv":[0,0,1,2],"texture":"#missing"},				"west":{"uv":[1,5,1.25,5.5],"texture":"#0"},				"up":{"uv":[0.5,4.75,1,5],"texture":"#0"},				"down":{"uv":[1,5,1.25,5.5],"texture":"#0"}			}		},		{			"from":[2,24.5,-1.5],			"to":[3,26.5,-1],			"faces":{				"north":{"uv":[0.5,4.75,1,5.75],"texture":"#0"},				"east":{"uv":[1,5,1.25,5.25],"texture":"#0"},				"south":{"uv":[0,0,2,4],"texture":"#missing"},				"west":{"uv":[1,5,1.25,5.5],"texture":"#0"},				"up":{"uv":[0.5,4.75,1,5],"texture":"#0"},				"down":{"uv":[0.5,4.75,1,5],"texture":"#0"}			}		},		{			"from":[3,25,-1.5],			"to":[3.5,26,-1],			"faces":{				"north":{"uv":[1,5,1.25,5.5],"texture":"#0"},				"east":{"uv":[1,5,1.25,5.5],"texture":"#0"},				"south":{"uv":[0,0,1,2],"texture":"#missing"},				"west":{"uv":[0,0,1,2],"texture":"#missing"},				"up":{"uv":[0.5,4.75,1,5],"texture":"#0"},				"down":{"uv":[1,5,1.25,5.5],"texture":"#0"}			}		},		{			"from":[1.5,25,-1.5],			"to":[2,26,-1],			"faces":{				"north":{"uv":[1,5,1.25,5.5],"texture":"#0"},				"east":{"uv":[1,5,1.25,5.5],"texture":"#0"},				"south":{"uv":[0,0,1,2],"texture":"#missing"},				"west":{"uv":[1,5,1.25,5.5],"texture":"#0"},				"up":{"uv":[0.5,4.75,1,5],"texture":"#0"},				"down":{"uv":[1,5,1.25,5.5],"texture":"#0"}			}		},		{			"from":[2,-1.5,-1.5],			"to":[3,0.5,-1],			"faces":{				"north":{"uv":[0.5,4.75,1,5.75],"texture":"#0"},				"east":{"uv":[1,5,1.25,5.25],"texture":"#0"},				"south":{"uv":[0,0,2,4],"texture":"#missing"},				"west":{"uv":[1,5,1.25,5.5],"texture":"#0"},				"up":{"uv":[0.5,4.75,1,5],"texture":"#0"},				"down":{"uv":[0.5,4.75,1,5],"texture":"#0"}			}		},		{			"from":[3,-1,-1.5],			"to":[3.5,0,-1],			"faces":{				"north":{"uv":[1,5,1.25,5.5],"texture":"#0"},				"east":{"uv":[1,5,1.25,5.5],"texture":"#0"},				"south":{"uv":[0,0,1,2],"texture":"#missing"},				"west":{"uv":[0,0,1,2],"texture":"#missing"},				"up":{"uv":[0.5,4.75,1,5],"texture":"#0"},				"down":{"uv":[1,5,1.25,5.5],"texture":"#0"}			}		},		{			"from":[1.5,-1,-1.5],			"to":[2,0,-1],			"faces":{				"north":{"uv":[1,5,1.25,5.5],"texture":"#0"},				"east":{"uv":[1,5,1.25,5.5],"texture":"#0"},				"south":{"uv":[0,0,1,2],"texture":"#missing"},				"west":{"uv":[1,5,1.25,5.5],"texture":"#0"},				"up":{"uv":[0.5,4.75,1,5],"texture":"#0"},				"down":{"uv":[1,5,1.25,5.5],"texture":"#0"}			}		},		{			"from":[4,5,0],			"to":[5,6,2],			"faces":{				"north":{"uv":[8.5,0,9.25,0.25],"texture":"#0"},				"east":{"uv":[8.75,0.25,9,0.5],"texture":"#0"},				"south":{"uv":[8.75,0,9.25,0.75],"texture":"#0"},				"west":{"uv":[8.75,0,9,0.25],"texture":"#0"},				"up":{"uv":[8.75,0,9,0.5],"texture":"#0"},				"down":{"uv":[8.75,0,9,0.5],"texture":"#0"}			}		},		{			"from":[11,5,0],			"to":[12,6,2],			"faces":{				"north":{"uv":[8.5,0,9.25,0.25],"texture":"#0"},				"east":{"uv":[8.75,0.25,9,0.5],"texture":"#0"},				"south":{"uv":[8.75,0,9.25,0.75],"texture":"#0"},				"west":{"uv":[8.75,0,9,0.25],"texture":"#0"},				"up":{"uv":[8.75,0,9,0.5],"texture":"#0"},				"down":{"uv":[8.75,0,9,0.5],"texture":"#0"}			}		},		{			"from":[4,4,1.625],			"to":[12,5,2.625],			"faces":{				"north":{"uv":[5.25,8,6.25,8.25],"texture":"#0"},				"east":{"uv":[5.25,8,6.5,8.25],"texture":"#0"},				"south":{"uv":[6.5,7.75,6.75,8.75],"texture":"#0"},				"west":{"uv":[4.25,8,7.25,8.25],"texture":"#0"},				"up":{"uv":[6.5,8.75,6.75,10.25],"texture":"#0"},				"down":{"uv":[6,7,6.25,8.75],"texture":"#0"}			}		},		{			"from":[4,18,0],			"to":[5,19,2],			"faces":{				"north":{"uv":[8.5,0,9.25,0.25],"texture":"#0"},				"east":{"uv":[8.75,0.25,9,0.5],"texture":"#0"},				"south":{"uv":[8.75,0,9.25,0.75],"texture":"#0"},				"west":{"uv":[8.75,0,9,0.25],"texture":"#0"},				"up":{"uv":[8.75,0,9,0.5],"texture":"#0"},				"down":{"uv":[8.75,0,9,0.5],"texture":"#0"}			}		},		{			"from":[4,19,0.75],			"to":[12,20,1.75],			"faces":{				"north":{"uv":[5.25,8,6.25,8.25],"texture":"#0"},				"east":{"uv":[5.25,8,6.5,8.25],"texture":"#0"},				"south":{"uv":[6.5,7.75,6.75,8.75],"texture":"#0"},				"west":{"uv":[4.25,8,7.25,8.25],"texture":"#0"},				"up":{"uv":[6.5,8.75,6.75,10.25],"texture":"#0"},				"down":{"uv":[6,7,6.25,8.75],"texture":"#0"}			}		},		{			"from":[4.75,7.5,0],			"to":[5.125,16.625,0.625],			"faces":{				"north":{"uv":[5.5,13,6.5,13.25],"texture":"#0"},				"east":{"uv":[5.5,5.5,6.75,5.75],"texture":"#0"},				"south":{"uv":[3.5,9.75,3.75,10.75],"texture":"#0"},				"west":{"uv":[4.5,5.5,7.5,5.75],"texture":"#0"},				"up":{"uv":[3.5,8.75,3.75,10.25],"texture":"#0"},				"down":{"uv":[3.5,7.25,3.75,9],"texture":"#0"}			}		},		{			"from":[5.75,7.5,0],			"to":[6.125,16.625,0.625],			"faces":{				"north":{"uv":[5.5,13,6.5,13.25],"texture":"#0"},				"east":{"uv":[5.5,5.5,6.75,5.75],"texture":"#0"},				"south":{"uv":[3.5,9.75,3.75,10.75],"texture":"#0"},				"west":{"uv":[4.5,5.5,7.5,5.75],"texture":"#0"},				"up":{"uv":[3.5,8.75,3.75,10.25],"texture":"#0"},				"down":{"uv":[3.5,7.25,3.75,9],"texture":"#0"}			}		},		{			"from":[6.75,7.5,0],			"to":[7.125,16.625,0.625],			"faces":{				"north":{"uv":[5.5,13,6.5,13.25],"texture":"#0"},				"east":{"uv":[5.5,5.5,6.75,5.75],"texture":"#0"},				"south":{"uv":[3.5,9.75,3.75,10.75],"texture":"#0"},				"west":{"uv":[4.5,5.5,7.5,5.75],"texture":"#0"},				"up":{"uv":[3.5,8.75,3.75,10.25],"texture":"#0"},				"down":{"uv":[3.5,7.25,3.75,9],"texture":"#0"}			}		},		{			"from":[7.75,7.5,0],			"to":[8.125,16.625,0.625],			"faces":{				"north":{"uv":[5.5,13,6.5,13.25],"texture":"#0"},				"east":{"uv":[5.5,5.5,6.75,5.75],"texture":"#0"},				"south":{"uv":[3.5,9.75,3.75,10.75],"texture":"#0"},				"west":{"uv":[4.5,5.5,7.5,5.75],"texture":"#0"},				"up":{"uv":[3.5,8.75,3.75,10.25],"texture":"#0"},				"down":{"uv":[3.5,7.25,3.75,9],"texture":"#0"}			}		},		{			"from":[8.625,7.5,0],			"to":[9,16.625,0.625],			"faces":{				"north":{"uv":[5.5,13,6.5,13.25],"texture":"#0"},				"east":{"uv":[5.5,5.5,6.75,5.75],"texture":"#0"},				"south":{"uv":[3.5,9.75,3.75,10.75],"texture":"#0"},				"west":{"uv":[4.5,5.5,7.5,5.75],"texture":"#0"},				"up":{"uv":[3.5,8.75,3.75,10.25],"texture":"#0"},				"down":{"uv":[3.5,7.25,3.75,9],"texture":"#0"}			}		},		{			"from":[9.5,7.5,0],			"to":[9.875,16.625,0.625],			"faces":{				"north":{"uv":[5.5,13,6.5,13.25],"texture":"#0"},				"east":{"uv":[5.5,5.5,6.75,5.75],"texture":"#0"},				"south":{"uv":[3.5,9.75,3.75,10.75],"texture":"#0"},				"west":{"uv":[4.5,5.5,7.5,5.75],"texture":"#0"},				"up":{"uv":[3.5,8.75,3.75,10.25],"texture":"#0"},				"down":{"uv":[3.5,7.25,3.75,9],"texture":"#0"}			}		},		{			"from":[10.375,7.5,0],			"to":[10.75,16.625,0.625],			"faces":{				"north":{"uv":[5.5,13,6.5,13.25],"texture":"#0"},				"east":{"uv":[5.5,5.5,6.75,5.75],"texture":"#0"},				"south":{"uv":[3.5,9.75,3.75,10.75],"texture":"#0"},				"west":{"uv":[4.5,5.5,7.5,5.75],"texture":"#0"},				"up":{"uv":[3.5,8.75,3.75,10.25],"texture":"#0"},				"down":{"uv":[3.5,7.25,3.75,9],"texture":"#0"}			}		},		{			"from":[11.375,7.5,0],			"to":[11.75,16.625,0.625],			"faces":{				"north":{"uv":[5.5,13,6.5,13.25],"texture":"#0"},				"east":{"uv":[5.5,5.5,6.75,5.75],"texture":"#0"},				"south":{"uv":[3.5,9.75,3.75,10.75],"texture":"#0"},				"west":{"uv":[4.5,5.5,7.5,5.75],"texture":"#0"},				"up":{"uv":[3.5,8.75,3.75,10.25],"texture":"#0"},				"down":{"uv":[3.5,7.25,3.75,9],"texture":"#0"}			}		},		{			"from":[4,7,-0.5],			"to":[12,17,0.5],			"faces":{				"north":{"uv":[6,11,7,11.25],"texture":"#0"},				"east":{"uv":[5.25,11.75,6.5,12],"texture":"#0"},				"south":{"uv":[6.75,11.25,7,12.25],"texture":"#0"},				"west":{"uv":[4.25,11.75,7.25,12],"texture":"#0"},				"up":{"uv":[6.25,11.25,6.5,12.75],"texture":"#0"},				"down":{"uv":[5.5,11.25,5.75,13],"texture":"#0"}			}		},		{			"from":[11,18,0],			"to":[12,19,2],			"faces":{				"north":{"uv":[8.5,0,9.25,0.25],"texture":"#0"},				"east":{"uv":[8.75,0.25,9,0.5],"texture":"#0"},				"south":{"uv":[8.75,0,9.25,0.75],"texture":"#0"},				"west":{"uv":[8.75,0,9,0.25],"texture":"#0"},				"up":{"uv":[8.75,0,9,0.5],"texture":"#0"},				"down":{"uv":[8.75,0,9,0.5],"texture":"#0"}			}		}	],	"gui_light":"front",	"display":{		"thirdperson_righthand":{			"rotation":[41,-47,-2.25],			"translation":[-0.75,-4.75,2.25]		},		"thirdperson_lefthand":{			"rotation":[41,-47,-2.25],			"translation":[-0.75,-4.75,2.25]		},		"firstperson_righthand":{			"translation":[-8.75,-16,2]		},		"firstperson_lefthand":{			"translation":[4,-8,2]		},		"ground":{			"scale":[0.35,0.35,0.35]		},		"gui":{			"translation":[0,-1.75,0],			"scale":[0.45,0.45,0.45]		},		"head":{			"translation":[0,-13.25,1]		},		"fixed":{			"translation":[0,-4.75,3]		}	},	"groups":[0,1,2,3,4,5,6,7,8,9,10,11,12,13,14,15,16,17,18,19,20,21,22,23,24,		{			"name":"knob",			"origin":[8,8,8],			"color":0,			"children":[25,26,27,28,29,30,31,32,33,34,35,36]		},37,38,39,40,41,42,43,44,45,46,47,48,49,50,51]}