{"credit":"MadewithBlockbench","textures":{"texture":"itemsadder:item/floating_sword/anim"},"elements":[{"name":"Handle","from":[7.1,5,6],"to":[8.5,8,7.6],"faces":{"north":{"uv":[1.25,12,0.5,13.5],"texture":"#texture"},"east":{"uv":[0.5,12,1.25,13.5],"texture":"#texture"},"south":{"uv":[1.25,12,0.5,13.5],"texture":"#texture"},"west":{"uv":[0.5,12,1.25,13.5],"texture":"#texture"},"up":{"uv":[0.5,12,1.25,12.75],"rotation":180,"texture":"#texture"},"down":{"uv":[0.5,13.5,1.25,12.75],"rotation":270,"texture":"#texture"}}},{"name":"Handle","from":[7.5,2.5,6.5],"to":[8.9,5.5,8],"faces":{"north":{"uv":[1.5,13.25,0.75,14.75],"texture":"#texture"},"east":{"uv":[0.75,13.25,1.5,14.75],"texture":"#texture"},"south":{"uv":[1.5,13.25,0.75,14.75],"texture":"#texture"},"west":{"uv":[0.75,13.25,1.5,14.75],"texture":"#texture"},"up":{"uv":[0.75,13.25,1.5,14],"rotation":180,"texture":"#texture"},"down":{"uv":[0.75,14.75,1.5,14],"rotation":270,"texture":"#texture"}}},{"name":"Handle","from":[7.5,7.5,7.5],"to":[8.5,8.5,8],"faces":{"north":{"uv":[1.25,11.75,1.5,12.25],"texture":"#texture"},"east":{"uv":[1.25,11.75,1.5,12.25],"texture":"#texture"},"south":{"uv":[1.25,11.75,1.5,12.25],"texture":"#texture"},"west":{"uv":[1.25,11.75,1.5,12.25],"texture":"#texture"},"up":{"uv":[1.25,11.75,1.5,12],"rotation":90,"texture":"#texture"},"down":{"uv":[1.5,12.25,1.25,12],"rotation":270,"texture":"#texture"}}},{"name":"Handle","from":[7.75,8.5,8],"to":[8.25,11,8.5],"faces":{"north":{"uv":[1.5,10.5,1.75,11.75],"texture":"#texture"},"east":{"uv":[1.5,10.5,1.75,11.75],"texture":"#texture"},"south":{"uv":[1.5,10.5,1.75,11.75],"texture":"#texture"},"west":{"uv":[1.5,10.5,1.75,11.75],"texture":"#texture"},"up":{"uv":[1.5,10.5,1.75,10.75],"rotation":90,"texture":"#texture"},"down":{"uv":[1.75,11.75,1.5,11.5],"rotation":270,"texture":"#texture"}}},{"name":"Handle","from":[7.25,8,5.5],"to":[8,10,6],"faces":{"north":{"uv":[0.25,11,0.5,12],"texture":"#texture"},"east":{"uv":[0.25,11,0.5,12],"texture":"#texture"},"south":{"uv":[0.25,11,0.5,12],"texture":"#texture"},"west":{"uv":[0.25,11,0.5,12],"texture":"#texture"},"up":{"uv":[0.25,11,0.5,11.25],"rotation":90,"texture":"#texture"},"down":{"uv":[0.5,12,0.25,11.75],"rotation":270,"texture":"#texture"}}},{"name":"Handle","from":[7.5,10,5],"to":[8,12,5.5],"faces":{"north":{"uv":[0,10,0.25,11],"texture":"#texture"},"east":{"uv":[0,10,0.25,11],"texture":"#texture"},"south":{"uv":[0,10,0.25,11],"texture":"#texture"},"west":{"uv":[0,10,0.25,11],"texture":"#texture"},"up":{"uv":[0,10,0.25,10.25],"rotation":90,"texture":"#texture"},"down":{"uv":[0.25,11,0,10.75],"rotation":270,"texture":"#texture"}}},{"name":"Handle","from":[7,8,6],"to":[8.25,8.5,6.5],"faces":{"north":{"uv":[1,13,1.25,12.25],"rotation":90,"texture":"#texture"},"east":{"uv":[1,12.25,1.25,12.5],"texture":"#texture"},"south":{"uv":[1,13,1.25,12.25],"rotation":90,"texture":"#texture"},"west":{"uv":[1,12.75,1.25,13],"texture":"#texture"},"up":{"uv":[1,13,1.25,12.25],"rotation":90,"texture":"#texture"},"down":{"uv":[1,13,1.25,12.25],"rotation":270,"texture":"#texture"}}},{"name":"Gold","from":[7.25,10,5.5],"to":[8,10.25,6],"faces":{"north":{"uv":[0.25,10.75,0.5,11],"texture":"#texture"},"east":{"uv":[0.25,10.75,0.5,11],"texture":"#texture"},"south":{"uv":[0.25,10.75,0.5,11],"texture":"#texture"},"west":{"uv":[0.25,10.75,0.5,11],"texture":"#texture"},"up":{"uv":[0.25,10.75,0.5,11],"rotation":90,"texture":"#texture"},"down":{"uv":[0.5,11,0.25,10.75],"rotation":270,"texture":"#texture"}}},{"name":"Gold","from":[7.5,12,5],"to":[8,12.25,5.5],"faces":{"north":{"uv":[0,9.75,0.25,10],"texture":"#texture"},"east":{"uv":[0,9.75,0.25,10],"texture":"#texture"},"south":{"uv":[0,9.75,0.25,10],"texture":"#texture"},"west":{"uv":[0,9.75,0.25,10],"texture":"#texture"},"up":{"uv":[0,9.75,0.25,10],"rotation":90,"texture":"#texture"},"down":{"uv":[0.25,10,0,9.75],"rotation":270,"texture":"#texture"}}},{"name":"Gold","from":[7.5,8.5,7.5],"to":[8.5,8.75,8],"faces":{"north":{"uv":[1.25,11.5,1.5,11.75],"texture":"#texture"},"east":{"uv":[1.25,11.5,1.5,11.75],"texture":"#texture"},"south":{"uv":[1.25,11.5,1.5,11.75],"texture":"#texture"},"west":{"uv":[1.25,11.5,1.5,11.75],"texture":"#texture"},"up":{"uv":[1.25,11.5,1.5,11.75],"rotation":90,"texture":"#texture"},"down":{"uv":[1.5,11.75,1.25,11.5],"rotation":270,"texture":"#texture"}}},{"name":"Gold","from":[7.75,11,8],"to":[8.25,11.25,8.5],"faces":{"north":{"uv":[1.5,10.25,1.75,10.5],"texture":"#texture"},"east":{"uv":[1.5,10.25,1.75,10.5],"texture":"#texture"},"south":{"uv":[1.5,10.25,1.75,10.5],"texture":"#texture"},"west":{"uv":[1.5,10.25,1.75,10.5],"texture":"#texture"},"up":{"uv":[1.5,10.25,1.75,10.5],"rotation":90,"texture":"#texture"},"down":{"uv":[1.75,10.5,1.5,10.25],"rotation":270,"texture":"#texture"}}},{"name":"DiamondBase","from":[7.25,8,6.5],"to":[8.25,8.5,7.5],"faces":{"north":{"uv":[0.75,11.75,1,12],"texture":"#texture"},"east":{"uv":[0.75,11.75,1.25,12],"texture":"#texture"},"south":{"uv":[1,11.75,1.25,12],"texture":"#texture"},"west":{"uv":[0.75,11.75,1.25,12],"texture":"#texture"},"up":{"uv":[0.75,11.75,1.25,12],"rotation":90,"texture":"#texture"},"down":{"uv":[0.75,12,1.25,11.75],"rotation":270,"texture":"#texture"}}},{"name":"DiamondBase","from":[7.5,8.5,6.5],"to":[8.25,9.5,7.5],"faces":{"north":{"uv":[0.75,11.25,1,11.75],"texture":"#texture"},"east":{"uv":[1.25,11.25,0.75,11.75],"texture":"#texture"},"south":{"uv":[1,11.25,1.25,11.75],"texture":"#texture"},"west":{"uv":[0.75,11.25,1.25,11.75],"texture":"#texture"},"up":{"uv":[0.75,11.25,1.25,11.5],"rotation":90,"texture":"#texture"},"down":{"uv":[0.75,11.5,1.25,11.75],"rotation":270,"texture":"#texture"}}},{"name":"DiamondBase","from":[7.5,8.5,6],"to":[8,10.5,6.5],"faces":{"north":{"uv":[0.5,10.5,0.75,11.75],"texture":"#texture"},"east":{"uv":[0.75,10.5,0.5,11.75],"texture":"#texture"},"south":{"uv":[0.5,10.5,0.75,11.75],"texture":"#texture"},"west":{"uv":[0.5,10.5,0.75,11.75],"texture":"#texture"},"up":{"uv":[0.5,10.5,0.75,10.75],"rotation":90,"texture":"#texture"},"down":{"uv":[0.5,11.5,0.75,11.75],"rotation":270,"texture":"#texture"}}},{"name":"DiamondBase","from":[7.5,10.25,5.5],"to":[7.75,13.25,6],"faces":{"north":{"uv":[0.25,9.25,0.5,10.75],"texture":"#texture"},"east":{"uv":[0.5,9.25,0.25,10.75],"texture":"#texture"},"south":{"uv":[0.25,9.25,0.5,10.75],"texture":"#texture"},"west":{"uv":[0.25,9.25,0.5,10.75],"texture":"#texture"},"up":{"uv":[0.25,9.25,0.5,9.5],"rotation":90,"texture":"#texture"},"down":{"uv":[0.25,10.5,0.5,10.75],"rotation":270,"texture":"#texture"}}},{"name":"DiamondBase","from":[8,8.75,7.5],"to":[8.25,12.25,8],"faces":{"north":{"uv":[1.25,9.75,1.5,11.75],"texture":"#texture"},"east":{"uv":[1.5,9.75,1.25,11.75],"texture":"#texture"},"south":{"uv":[1.25,9.75,1.5,11.75],"texture":"#texture"},"west":{"uv":[1.25,9.75,1.5,11.5],"texture":"#texture"},"up":{"uv":[1.25,9.75,1.5,10],"rotation":90,"texture":"#texture"},"down":{"uv":[1.25,11.25,1.5,11.5],"rotation":270,"texture":"#texture"}}},{"name":"DiamondBase","from":[7.75,11.25,8],"to":[8,14.25,8.5],"faces":{"north":{"uv":[1.5,8.75,1.75,10.25],"texture":"#texture"},"east":{"uv":[1.75,8.75,1.5,10.25],"texture":"#texture"},"south":{"uv":[1.5,8.75,1.75,10.25],"texture":"#texture"},"west":{"uv":[1.5,8.75,1.75,10.25],"texture":"#texture"},"up":{"uv":[1.5,8.75,1.75,9],"rotation":90,"texture":"#texture"},"down":{"uv":[1.5,10,1.75,10.25],"rotation":270,"texture":"#texture"}}},{"name":"DiamondBase","from":[7.75,12.25,5],"to":[8,14.75,5.5],"faces":{"north":{"uv":[0,8.5,0.25,9.75],"texture":"#texture"},"east":{"uv":[0.25,8.5,0,9.75],"texture":"#texture"},"south":{"uv":[0,8.5,0.25,9.75],"texture":"#texture"},"west":{"uv":[0,8.5,0.25,9.75],"texture":"#texture"},"up":{"uv":[0,8.5,0.25,8.75],"rotation":90,"texture":"#texture"},"down":{"uv":[0,9.5,0.25,9.75],"rotation":270,"texture":"#texture"}}},{"name":"ShardFrame1","from":[7.7511,11.5,6.5011],"to":[8.0011,26.5,7.0011],"faces":{"north":{"uv":[5.25,0,5.5,7.5],"texture":"#texture"},"east":{"uv":[5.25,0,5.5,7.5],"texture":"#texture"},"south":{"uv":[5.25,0,5.5,7.5],"texture":"#texture"},"west":{"uv":[5.25,0,5.5,7.5],"texture":"#texture"},"up":{"uv":[5.25,0,5.5,0.25],"rotation":90,"texture":"#texture"},"down":{"uv":[5.5,7.5,5.25,7.25],"rotation":270,"texture":"#texture"}}},{"name":"ShardFrame1","from":[7.7511,13.5,6.0011],"to":[8.0011,24,6.5011],"faces":{"north":{"uv":[5,1.25,5.25,6.5],"texture":"#texture"},"east":{"uv":[5,1.25,5.25,6.5],"texture":"#texture"},"south":{"uv":[5,1.25,5.25,6.5],"texture":"#texture"},"west":{"uv":[5,1.25,5.25,6.5],"texture":"#texture"},"up":{"uv":[5,1.25,5.25,1.5],"rotation":90,"texture":"#texture"},"down":{"uv":[5.25,6.5,5,6.25],"rotation":270,"texture":"#texture"}}},{"name":"ShardFrame1","from":[7.7511,13,7.0011],"to":[8.0011,24,7.5011],"faces":{"north":{"uv":[5.5,1.25,5.75,6.75],"texture":"#texture"},"east":{"uv":[5.5,1.25,5.75,6.75],"texture":"#texture"},"south":{"uv":[5.5,1.25,5.75,6.75],"texture":"#texture"},"west":{"uv":[5.5,1.25,5.75,6.75],"texture":"#texture"},"up":{"uv":[5.5,1.25,5.75,1.5],"rotation":90,"texture":"#texture"},"down":{"uv":[5.75,6.75,5.5,6.5],"rotation":270,"texture":"#texture"}}},{"name":"ShardFrame1","from":[7.7511,16.5,5.5011],"to":[8.0011,20,6.0011],"faces":{"north":{"uv":[4.75,3.25,5,5],"texture":"#texture"},"east":{"uv":[4.75,3.25,5,5],"texture":"#texture"},"south":{"uv":[4.75,3.25,5,5],"texture":"#texture"},"west":{"uv":[4.75,3.25,5,5],"texture":"#texture"},"up":{"uv":[4.75,3.25,5,3.5],"rotation":90,"texture":"#texture"},"down":{"uv":[5,5,4.75,4.75],"rotation":270,"texture":"#texture"}}},{"name":"ShardFrame1","from":[7.7511,16,7.5011],"to":[8.0011,19,8.0011],"faces":{"north":{"uv":[5.75,3.75,6,5.25],"texture":"#texture"},"east":{"uv":[5.75,3.75,6,5.25],"texture":"#texture"},"south":{"uv":[5.75,3.75,6,5.25],"texture":"#texture"},"west":{"uv":[5.75,3.75,6,5.25],"texture":"#texture"},"up":{"uv":[5.75,3.75,6,4],"rotation":90,"texture":"#texture"},"down":{"uv":[6,5.25,5.75,5],"rotation":270,"texture":"#texture"}}},{"name":"ShardFrame1","from":[7.5011,14.5,6.5011],"to":[8.2511,23,7.0011],"faces":{"north":{"uv":[5.25,1.75,5.5,6],"texture":"#texture"},"east":{"uv":[5.25,1.75,5.5,6],"texture":"#texture"},"south":{"uv":[5.25,1.75,5.5,6],"texture":"#texture"},"west":{"uv":[5.25,1.75,5.5,6],"texture":"#texture"},"up":{"uv":[5.25,1.75,5.5,2],"rotation":90,"texture":"#texture"},"down":{"uv":[5.5,6,5.25,5.75],"rotation":270,"texture":"#texture"}}},{"name":"ShardFrame1","from":[7.5011,16.5,7.0011],"to":[8.2511,18.5,7.5011],"faces":{"north":{"uv":[5.5,4,5.75,5],"texture":"#texture"},"east":{"uv":[5.5,4,5.75,5],"texture":"#texture"},"south":{"uv":[5.5,4,5.75,5],"texture":"#texture"},"west":{"uv":[5.5,4,5.75,5],"texture":"#texture"},"up":{"uv":[5.5,4,5.75,4.25],"rotation":90,"texture":"#texture"},"down":{"uv":[5.75,5,5.5,4.75],"rotation":270,"texture":"#texture"}}},{"name":"ShardFrame1","from":[7.5011,17,6.0011],"to":[8.2511,19.5,6.5011],"faces":{"north":{"uv":[5,3.5,5.25,4.75],"texture":"#texture"},"east":{"uv":[5,3.5,5.25,4.75],"texture":"#texture"},"south":{"uv":[5,3.5,5.25,4.75],"texture":"#texture"},"west":{"uv":[5,3.5,5.25,4.75],"texture":"#texture"},"up":{"uv":[5,3.5,5.25,3.75],"rotation":90,"texture":"#texture"},"down":{"uv":[5.25,4.75,5,4.5],"rotation":270,"texture":"#texture"}}},{"name":"ShardFrame1","from":[7.2511,17.25,6.5011],"to":[8.5011,18.25,7.0011],"faces":{"north":{"uv":[5.25,4.25,5.5,4.5],"texture":"#texture"},"east":{"uv":[5.25,4.25,5.5,4.5],"texture":"#texture"},"south":{"uv":[5.25,4.25,5.5,4.5],"texture":"#texture"},"west":{"uv":[5.25,3.75,5.5,4],"texture":"#texture"},"up":{"uv":[5.25,4.25,5.5,4.5],"rotation":90,"texture":"#texture"},"down":{"uv":[5.5,4.5,5.25,4.25],"rotation":270,"texture":"#texture"}}},{"name":"Handle","from":[7,1.5,6],"to":[8.5,2.5,8],"faces":{"north":{"uv":[1.25,14.75,0.5,15.25],"texture":"#texture"},"east":{"uv":[0.5,14.75,1.5,15.25],"texture":"#texture"},"south":{"uv":[0.75,14.75,1.5,15.25],"texture":"#texture"},"west":{"uv":[0.5,14.75,1.5,15.25],"texture":"#texture"},"up":{"uv":[0.5,14.75,1.5,15],"rotation":90,"texture":"#texture"},"down":{"uv":[1.5,15,0.5,14.75],"rotation":270,"texture":"#texture"}}},{"name":"Handle","from":[7.5,1.5,8],"to":[8.5,2,8.5],"faces":{"north":{"uv":[1.5,15,1.75,15.25],"texture":"#texture"},"east":{"uv":[1.5,15,1.75,15.25],"texture":"#texture"},"south":{"uv":[1.5,15,1.75,15.25],"texture":"#texture"},"west":{"uv":[1.5,15,1.75,15.25],"texture":"#texture"},"up":{"uv":[1.5,15,1.75,15.25],"rotation":90,"texture":"#texture"},"down":{"uv":[1.75,15.25,1.5,15],"rotation":270,"texture":"#texture"}}},{"name":"Handle","from":[6.5,1,6],"to":[8.5,1.5,8],"faces":{"north":{"uv":[0.5,15.25,1.5,15.5],"texture":"#texture"},"east":{"uv":[0.5,15.25,1.5,15.5],"texture":"#texture"},"south":{"uv":[0.5,15.25,1.5,15.5],"texture":"#texture"},"west":{"uv":[0.5,15.25,1.5,15.5],"texture":"#texture"},"up":{"uv":[0.5,15.25,1.5,15.5],"rotation":90,"texture":"#texture"},"down":{"uv":[1.5,15.5,0.5,15.25],"rotation":270,"texture":"#texture"}}},{"name":"Handle","from":[7,0.75,6],"to":[8,1,7],"faces":{"north":{"uv":[0.5,15.5,1,15.75],"texture":"#texture"},"east":{"uv":[0.5,15.5,1,15.75],"texture":"#texture"},"south":{"uv":[0.5,15.5,1,15.75],"texture":"#texture"},"west":{"uv":[0.5,15.5,1,15.75],"texture":"#texture"},"up":{"uv":[0.5,15.5,1,15.75],"rotation":90,"texture":"#texture"},"down":{"uv":[1,15.75,0.5,15.5],"rotation":270,"texture":"#texture"}}},{"name":"ShardFrame4","from":[7.7544,11.75,6.5044],"to":[8.0044,26.75,7.0044],"faces":{"north":{"uv":[9,0,9.25,7.5],"texture":"#texture"},"east":{"uv":[9,0,9.25,7.5],"texture":"#texture"},"south":{"uv":[9,0,9.25,7.5],"texture":"#texture"},"west":{"uv":[9,0,9.25,7.5],"texture":"#texture"},"up":{"uv":[9,0,9.25,0.25],"rotation":90,"texture":"#texture"},"down":{"uv":[9.25,7.5,9,7.25],"rotation":270,"texture":"#texture"}}},{"name":"ShardFrame4","from":[7.7544,13.75,6.0044],"to":[8.0044,24.25,6.5044],"faces":{"north":{"uv":[8.75,1.25,9,6.5],"texture":"#texture"},"east":{"uv":[8.75,1.25,9,6.5],"texture":"#texture"},"south":{"uv":[8.75,1.25,9,6.5],"texture":"#texture"},"west":{"uv":[8.75,1.25,9,6.5],"texture":"#texture"},"up":{"uv":[8.75,1.25,9,1.5],"rotation":90,"texture":"#texture"},"down":{"uv":[9,6.5,8.75,6.25],"rotation":270,"texture":"#texture"}}},{"name":"ShardFrame4","from":[7.7544,13.25,7.0044],"to":[8.0044,24.25,7.5044],"faces":{"north":{"uv":[9.25,1.25,9.5,6.75],"texture":"#texture"},"east":{"uv":[9.25,1.25,9.5,6.75],"texture":"#texture"},"south":{"uv":[9.25,1.25,9.5,6.75],"texture":"#texture"},"west":{"uv":[9.25,1.25,9.5,6.75],"texture":"#texture"},"up":{"uv":[9.25,1.25,9.5,1.5],"rotation":90,"texture":"#texture"},"down":{"uv":[9.5,6.75,9.25,6.5],"rotation":270,"texture":"#texture"}}},{"name":"ShardFrame4","from":[7.7544,16.75,5.5044],"to":[8.0044,20.25,6.0044],"faces":{"north":{"uv":[8.5,3.25,8.75,5],"texture":"#texture"},"east":{"uv":[8.5,3.25,8.75,5],"texture":"#texture"},"south":{"uv":[8.5,3.25,8.75,5],"texture":"#texture"},"west":{"uv":[8.5,3.25,8.75,5],"texture":"#texture"},"up":{"uv":[8.5,3.25,8.75,3.5],"rotation":90,"texture":"#texture"},"down":{"uv":[8.75,5,8.5,4.75],"rotation":270,"texture":"#texture"}}},{"name":"ShardFrame4","from":[7.7544,16.25,7.5044],"to":[8.0044,19.25,8.0044],"faces":{"north":{"uv":[9.5,3.75,9.75,5.25],"texture":"#texture"},"east":{"uv":[9.5,3.75,9.75,5.25],"texture":"#texture"},"south":{"uv":[9.5,3.75,9.75,5.25],"texture":"#texture"},"west":{"uv":[9.5,3.75,9.75,5.25],"texture":"#texture"},"up":{"uv":[9.5,3.75,9.75,4],"rotation":90,"texture":"#texture"},"down":{"uv":[9.75,5.25,9.5,5],"rotation":270,"texture":"#texture"}}},{"name":"ShardFrame4","from":[7.5044,14.75,6.5044],"to":[8.2544,23.25,7.0044],"faces":{"north":{"uv":[9,1.75,9.25,6],"texture":"#texture"},"east":{"uv":[9,1.75,9.25,6],"texture":"#texture"},"south":{"uv":[9,1.75,9.25,6],"texture":"#texture"},"west":{"uv":[9,1.75,9.25,6],"texture":"#texture"},"up":{"uv":[9,1.75,9.25,2],"rotation":90,"texture":"#texture"},"down":{"uv":[9.25,6,9,5.75],"rotation":270,"texture":"#texture"}}},{"name":"ShardFrame4","from":[7.5044,16.75,7.0044],"to":[8.2544,18.75,7.5044],"faces":{"north":{"uv":[9.25,4,9.5,5],"texture":"#texture"},"east":{"uv":[9.25,4,9.5,5],"texture":"#texture"},"south":{"uv":[9.25,4,9.5,5],"texture":"#texture"},"west":{"uv":[9.25,4,9.5,5],"texture":"#texture"},"up":{"uv":[9.25,4,9.5,4.25],"rotation":90,"texture":"#texture"},"down":{"uv":[9.5,5,9.25,4.75],"rotation":270,"texture":"#texture"}}},{"name":"ShardFrame4","from":[7.5044,17.25,6.0044],"to":[8.2544,19.75,6.5044],"faces":{"north":{"uv":[8.75,3.5,9,4.75],"texture":"#texture"},"east":{"uv":[8.75,3.5,9,4.75],"texture":"#texture"},"south":{"uv":[8.75,3.5,9,4.75],"texture":"#texture"},"west":{"uv":[8.75,3.5,9,4.75],"texture":"#texture"},"up":{"uv":[8.75,3.5,9,3.75],"rotation":90,"texture":"#texture"},"down":{"uv":[9,4.75,8.75,4.5],"rotation":270,"texture":"#texture"}}},{"name":"ShardFrame4","from":[7.2544,17.5,6.5044],"to":[8.5044,18.5,7.0044],"faces":{"north":{"uv":[9,4.25,9.25,4.5],"texture":"#texture"},"east":{"uv":[9,4.25,9.25,4.5],"texture":"#texture"},"south":{"uv":[9,4.25,9.25,4.5],"texture":"#texture"},"west":{"uv":[9,3.75,9.25,4],"texture":"#texture"},"up":{"uv":[9,4.25,9.25,4.5],"rotation":90,"texture":"#texture"},"down":{"uv":[9.25,4.5,9,4.25],"rotation":270,"texture":"#texture"}}},{"name":"ShardFrame5","from":[7.7555,11.875,6.5055],"to":[8.0055,26.875,7.0055],"faces":{"north":{"uv":[10.25,0,10.5,7.5],"texture":"#texture"},"east":{"uv":[10.25,0,10.5,7.5],"texture":"#texture"},"south":{"uv":[10.25,0,10.5,7.5],"texture":"#texture"},"west":{"uv":[10.25,0,10.5,7.5],"texture":"#texture"},"up":{"uv":[10.25,0,10.5,0.25],"rotation":90,"texture":"#texture"},"down":{"uv":[10.5,7.5,10.25,7.25],"rotation":270,"texture":"#texture"}}},{"name":"ShardFrame5","from":[7.7555,13.875,6.0055],"to":[8.0055,24.375,6.5055],"faces":{"north":{"uv":[10,1.25,10.25,6.5],"texture":"#texture"},"east":{"uv":[10,1.25,10.25,6.5],"texture":"#texture"},"south":{"uv":[10,1.25,10.25,6.5],"texture":"#texture"},"west":{"uv":[10,1.25,10.25,6.5],"texture":"#texture"},"up":{"uv":[10,1.25,10.25,1.5],"rotation":90,"texture":"#texture"},"down":{"uv":[10.25,6.5,10,6.25],"rotation":270,"texture":"#texture"}}},{"name":"ShardFrame5","from":[7.7555,13.375,7.0055],"to":[8.0055,24.375,7.5055],"faces":{"north":{"uv":[10.5,1.25,10.75,6.75],"texture":"#texture"},"east":{"uv":[10.5,1.25,10.75,6.75],"texture":"#texture"},"south":{"uv":[10.5,1.25,10.75,6.75],"texture":"#texture"},"west":{"uv":[10.5,1.25,10.75,6.75],"texture":"#texture"},"up":{"uv":[10.5,1.25,10.75,1.5],"rotation":90,"texture":"#texture"},"down":{"uv":[10.75,6.75,10.5,6.5],"rotation":270,"texture":"#texture"}}},{"name":"ShardFrame5","from":[7.7555,16.875,5.5055],"to":[8.0055,20.375,6.0055],"faces":{"north":{"uv":[9.75,3.25,10,5],"texture":"#texture"},"east":{"uv":[9.75,3.25,10,5],"texture":"#texture"},"south":{"uv":[9.75,3.25,10,5],"texture":"#texture"},"west":{"uv":[9.75,3.25,10,5],"texture":"#texture"},"up":{"uv":[9.75,3.25,10,3.5],"rotation":90,"texture":"#texture"},"down":{"uv":[10,5,9.75,4.75],"rotation":270,"texture":"#texture"}}},{"name":"ShardFrame5","from":[7.7555,16.375,7.5055],"to":[8.0055,19.375,8.0055],"faces":{"north":{"uv":[10.75,3.75,11,5.25],"texture":"#texture"},"east":{"uv":[10.75,3.75,11,5.25],"texture":"#texture"},"south":{"uv":[10.75,3.75,11,5.25],"texture":"#texture"},"west":{"uv":[10.75,3.75,11,5.25],"texture":"#texture"},"up":{"uv":[10.75,3.75,11,4],"rotation":90,"texture":"#texture"},"down":{"uv":[11,5.25,10.75,5],"rotation":270,"texture":"#texture"}}},{"name":"ShardFrame5","from":[7.5055,14.875,6.5055],"to":[8.2555,23.375,7.0055],"faces":{"north":{"uv":[10.25,1.75,10.5,6],"texture":"#texture"},"east":{"uv":[10.25,1.75,10.5,6],"texture":"#texture"},"south":{"uv":[10.25,1.75,10.5,6],"texture":"#texture"},"west":{"uv":[10.25,1.75,10.5,6],"texture":"#texture"},"up":{"uv":[10.25,1.75,10.5,2],"rotation":90,"texture":"#texture"},"down":{"uv":[10.5,6,10.25,5.75],"rotation":270,"texture":"#texture"}}},{"name":"ShardFrame5","from":[7.5055,16.875,7.0055],"to":[8.2555,18.875,7.5055],"faces":{"north":{"uv":[10.5,4,10.75,5],"texture":"#texture"},"east":{"uv":[10.5,4,10.75,5],"texture":"#texture"},"south":{"uv":[10.5,4,10.75,5],"texture":"#texture"},"west":{"uv":[10.5,4,10.75,5],"texture":"#texture"},"up":{"uv":[10.5,4,10.75,4.25],"rotation":90,"texture":"#texture"},"down":{"uv":[10.75,5,10.5,4.75],"rotation":270,"texture":"#texture"}}},{"name":"ShardFrame5","from":[7.5055,17.375,6.0055],"to":[8.2555,19.875,6.5055],"faces":{"north":{"uv":[10,3.5,10.25,4.75],"texture":"#texture"},"east":{"uv":[10,3.5,10.25,4.75],"texture":"#texture"},"south":{"uv":[10,3.5,10.25,4.75],"texture":"#texture"},"west":{"uv":[10,3.5,10.25,4.75],"texture":"#texture"},"up":{"uv":[10,3.5,10.25,3.75],"rotation":90,"texture":"#texture"},"down":{"uv":[10.25,4.75,10,4.5],"rotation":270,"texture":"#texture"}}},{"name":"ShardFrame5","from":[7.2555,17.625,6.5055],"to":[8.5055,18.625,7.0055],"faces":{"north":{"uv":[10.25,4.25,10.5,4.5],"texture":"#texture"},"east":{"uv":[10.25,4.25,10.5,4.5],"texture":"#texture"},"south":{"uv":[10.25,4.25,10.5,4.5],"texture":"#texture"},"west":{"uv":[10.25,3.75,10.5,4],"texture":"#texture"},"up":{"uv":[10.25,4.25,10.5,4.5],"rotation":90,"texture":"#texture"},"down":{"uv":[10.5,4.5,10.25,4.25],"rotation":270,"texture":"#texture"}}},{"name":"ShardFrame6","from":[7.7566,12,6.5066],"to":[8.0066,27,7.0066],"faces":{"north":{"uv":[11.5,0,11.75,7.5],"texture":"#texture"},"east":{"uv":[11.5,0,11.75,7.5],"texture":"#texture"},"south":{"uv":[11.5,0,11.75,7.5],"texture":"#texture"},"west":{"uv":[11.5,0,11.75,7.5],"texture":"#texture"},"up":{"uv":[11.5,0,11.75,0.25],"rotation":90,"texture":"#texture"},"down":{"uv":[11.75,7.5,11.5,7.25],"rotation":270,"texture":"#texture"}}},{"name":"ShardFrame6","from":[7.7566,14,6.0066],"to":[8.0066,24.5,6.5066],"faces":{"north":{"uv":[11.25,1.25,11.5,6.5],"texture":"#texture"},"east":{"uv":[11.25,1.25,11.5,6.5],"texture":"#texture"},"south":{"uv":[11.25,1.25,11.5,6.5],"texture":"#texture"},"west":{"uv":[11.25,1.25,11.5,6.5],"texture":"#texture"},"up":{"uv":[11.25,1.25,11.5,1.5],"rotation":90,"texture":"#texture"},"down":{"uv":[11.5,6.5,11.25,6.25],"rotation":270,"texture":"#texture"}}},{"name":"ShardFrame6","from":[7.7566,13.5,7.0066],"to":[8.0066,24.5,7.5066],"faces":{"north":{"uv":[11.75,1.25,12,6.75],"texture":"#texture"},"east":{"uv":[11.75,1.25,12,6.75],"texture":"#texture"},"south":{"uv":[11.75,1.25,12,6.75],"texture":"#texture"},"west":{"uv":[11.75,1.25,12,6.75],"texture":"#texture"},"up":{"uv":[11.75,1.25,12,1.5],"rotation":90,"texture":"#texture"},"down":{"uv":[12,6.75,11.75,6.5],"rotation":270,"texture":"#texture"}}},{"name":"ShardFrame6","from":[7.7566,17,5.5066],"to":[8.0066,20.5,6.0066],"faces":{"north":{"uv":[11,3.25,11.25,5],"texture":"#texture"},"east":{"uv":[11,3.25,11.25,5],"texture":"#texture"},"south":{"uv":[11,3.25,11.25,5],"texture":"#texture"},"west":{"uv":[11,3.25,11.25,5],"texture":"#texture"},"up":{"uv":[11,3.25,11.25,3.5],"rotation":90,"texture":"#texture"},"down":{"uv":[11.25,5,11,4.75],"rotation":270,"texture":"#texture"}}},{"name":"ShardFrame6","from":[7.7566,16.5,7.5066],"to":[8.0066,19.5,8.0066],"faces":{"north":{"uv":[12,3.75,12.25,5.25],"texture":"#texture"},"east":{"uv":[12,3.75,12.25,5.25],"texture":"#texture"},"south":{"uv":[12,3.75,12.25,5.25],"texture":"#texture"},"west":{"uv":[12,3.75,12.25,5.25],"texture":"#texture"},"up":{"uv":[12,3.75,12.25,4],"rotation":90,"texture":"#texture"},"down":{"uv":[12.25,5.25,12,5],"rotation":270,"texture":"#texture"}}},{"name":"ShardFrame6","from":[7.5066,15,6.5066],"to":[8.2566,23.5,7.0066],"faces":{"north":{"uv":[11.5,1.75,11.75,6],"texture":"#texture"},"east":{"uv":[11.5,1.75,11.75,6],"texture":"#texture"},"south":{"uv":[11.5,1.75,11.75,6],"texture":"#texture"},"west":{"uv":[11.5,1.75,11.75,6],"texture":"#texture"},"up":{"uv":[11.5,1.75,11.75,2],"rotation":90,"texture":"#texture"},"down":{"uv":[11.75,6,11.5,5.75],"rotation":270,"texture":"#texture"}}},{"name":"ShardFrame6","from":[7.5066,17,7.0066],"to":[8.2566,19,7.5066],"faces":{"north":{"uv":[11.75,4,12,5],"texture":"#texture"},"east":{"uv":[11.75,4,12,5],"texture":"#texture"},"south":{"uv":[11.75,4,12,5],"texture":"#texture"},"west":{"uv":[11.75,4,12,5],"texture":"#texture"},"up":{"uv":[11.75,4,12,4.25],"rotation":90,"texture":"#texture"},"down":{"uv":[12,5,11.75,4.75],"rotation":270,"texture":"#texture"}}},{"name":"ShardFrame6","from":[7.5066,17.5,6.0066],"to":[8.2566,20,6.5066],"faces":{"north":{"uv":[11.25,3.5,11.5,4.75],"texture":"#texture"},"east":{"uv":[11.25,3.5,11.5,4.75],"texture":"#texture"},"south":{"uv":[11.25,3.5,11.5,4.75],"texture":"#texture"},"west":{"uv":[11.25,3.5,11.5,4.75],"texture":"#texture"},"up":{"uv":[11.25,3.5,11.5,3.75],"rotation":90,"texture":"#texture"},"down":{"uv":[11.5,4.75,11.25,4.5],"rotation":270,"texture":"#texture"}}},{"name":"ShardFrame6","from":[7.2566,17.75,6.5066],"to":[8.5066,18.75,7.0066],"faces":{"north":{"uv":[11.5,4.25,11.75,4.5],"texture":"#texture"},"east":{"uv":[11.5,4.25,11.75,4.5],"texture":"#texture"},"south":{"uv":[11.5,4.25,11.75,4.5],"texture":"#texture"},"west":{"uv":[11.5,3.75,11.75,4],"texture":"#texture"},"up":{"uv":[11.5,4.25,11.75,4.5],"rotation":90,"texture":"#texture"},"down":{"uv":[11.75,4.5,11.5,4.25],"rotation":270,"texture":"#texture"}}},{"name":"ShardFrame7","from":[7.7577,12.1875,6.5077],"to":[8.0077,27.1875,7.0077],"faces":{"north":{"uv":[12.75,0,13,7.5],"texture":"#texture"},"east":{"uv":[12.75,0,13,7.5],"texture":"#texture"},"south":{"uv":[12.75,0,13,7.5],"texture":"#texture"},"west":{"uv":[12.75,0,13,7.5],"texture":"#texture"},"up":{"uv":[12.75,0,13,0.25],"rotation":90,"texture":"#texture"},"down":{"uv":[13,7.5,12.75,7.25],"rotation":270,"texture":"#texture"}}},{"name":"ShardFrame7","from":[7.7577,14.1875,6.0077],"to":[8.0077,24.6875,6.5077],"faces":{"north":{"uv":[12.5,1.25,12.75,6.5],"texture":"#texture"},"east":{"uv":[12.5,1.25,12.75,6.5],"texture":"#texture"},"south":{"uv":[12.5,1.25,12.75,6.5],"texture":"#texture"},"west":{"uv":[12.5,1.25,12.75,6.5],"texture":"#texture"},"up":{"uv":[12.5,1.25,12.75,1.5],"rotation":90,"texture":"#texture"},"down":{"uv":[12.75,6.5,12.5,6.25],"rotation":270,"texture":"#texture"}}},{"name":"ShardFrame7","from":[7.7577,13.6875,7.0077],"to":[8.0077,24.6875,7.5077],"faces":{"north":{"uv":[13,1.25,13.25,6.75],"texture":"#texture"},"east":{"uv":[13,1.25,13.25,6.75],"texture":"#texture"},"south":{"uv":[13,1.25,13.25,6.75],"texture":"#texture"},"west":{"uv":[13,1.25,13.25,6.75],"texture":"#texture"},"up":{"uv":[13,1.25,13.25,1.5],"rotation":90,"texture":"#texture"},"down":{"uv":[13.25,6.75,13,6.5],"rotation":270,"texture":"#texture"}}},{"name":"ShardFrame7","from":[7.7577,17.125,5.5077],"to":[8.0077,20.625,6.0077],"faces":{"north":{"uv":[12.25,3.25,12.5,5],"texture":"#texture"},"east":{"uv":[12.25,3.25,12.5,5],"texture":"#texture"},"south":{"uv":[12.25,3.25,12.5,5],"texture":"#texture"},"west":{"uv":[12.25,3.25,12.5,5],"texture":"#texture"},"up":{"uv":[12.25,3.25,12.5,3.5],"rotation":90,"texture":"#texture"},"down":{"uv":[12.5,5,12.25,4.75],"rotation":270,"texture":"#texture"}}},{"name":"ShardFrame7","from":[7.7577,16.6875,7.5077],"to":[8.0077,19.6875,8.0077],"faces":{"north":{"uv":[13.25,3.75,13.5,5.25],"texture":"#texture"},"east":{"uv":[13.25,3.75,13.5,5.25],"texture":"#texture"},"south":{"uv":[13.25,3.75,13.5,5.25],"texture":"#texture"},"west":{"uv":[13.25,3.75,13.5,5.25],"texture":"#texture"},"up":{"uv":[13.25,3.75,13.5,4],"rotation":90,"texture":"#texture"},"down":{"uv":[13.5,5.25,13.25,5],"rotation":270,"texture":"#texture"}}},{"name":"ShardFrame7","from":[7.5077,15.1875,6.5077],"to":[8.2577,23.6875,7.0077],"faces":{"north":{"uv":[12.75,1.75,13,6],"texture":"#texture"},"east":{"uv":[12.75,1.75,13,6],"texture":"#texture"},"south":{"uv":[12.75,1.75,13,6],"texture":"#texture"},"west":{"uv":[12.75,1.75,13,6],"texture":"#texture"},"up":{"uv":[12.75,1.75,13,2],"rotation":90,"texture":"#texture"},"down":{"uv":[13,6,12.75,5.75],"rotation":270,"texture":"#texture"}}},{"name":"ShardFrame7","from":[7.5077,17.1875,7.0077],"to":[8.2577,19.1875,7.5077],"faces":{"north":{"uv":[13,4,13.25,5],"texture":"#texture"},"east":{"uv":[13,4,13.25,5],"texture":"#texture"},"south":{"uv":[13,4,13.25,5],"texture":"#texture"},"west":{"uv":[13,4,13.25,5],"texture":"#texture"},"up":{"uv":[13,4,13.25,4.25],"rotation":90,"texture":"#texture"},"down":{"uv":[13.25,5,13,4.75],"rotation":270,"texture":"#texture"}}},{"name":"ShardFrame7","from":[7.5077,17.6875,6.0077],"to":[8.2577,20.1875,6.5077],"faces":{"north":{"uv":[12.5,3.5,12.75,4.75],"texture":"#texture"},"east":{"uv":[12.5,3.5,12.75,4.75],"texture":"#texture"},"south":{"uv":[12.5,3.5,12.75,4.75],"texture":"#texture"},"west":{"uv":[12.5,3.5,12.75,4.75],"texture":"#texture"},"up":{"uv":[12.5,3.5,12.75,3.75],"rotation":90,"texture":"#texture"},"down":{"uv":[12.75,4.75,12.5,4.5],"rotation":270,"texture":"#texture"}}},{"name":"ShardFrame7","from":[7.2577,17.9375,6.5077],"to":[8.5077,18.9375,7.0077],"faces":{"north":{"uv":[12.75,4.25,13,4.5],"texture":"#texture"},"east":{"uv":[12.75,4.25,13,4.5],"texture":"#texture"},"south":{"uv":[12.75,4.25,13,4.5],"texture":"#texture"},"west":{"uv":[12.75,4.25,13,4.5],"texture":"#texture"},"up":{"uv":[12.75,4.25,13,4.5],"rotation":90,"texture":"#texture"},"down":{"uv":[13,4.5,12.75,4.25],"rotation":270,"texture":"#texture"}}},{"name":"ShardFrame8","from":[7.7588,12.375,6.5088],"to":[8.0088,27.375,7.0088],"faces":{"north":{"uv":[14,0,14.25,7.5],"texture":"#texture"},"east":{"uv":[14,0,14.25,7.5],"texture":"#texture"},"south":{"uv":[14,0,14.25,7.5],"texture":"#texture"},"west":{"uv":[14,0,14.25,7.5],"texture":"#texture"},"up":{"uv":[14,0,14.25,0.25],"rotation":90,"texture":"#texture"},"down":{"uv":[14.25,7.5,14,7.25],"rotation":270,"texture":"#texture"}}},{"name":"ShardFrame8","from":[7.7588,14.375,6.0088],"to":[8.0088,24.875,6.5088],"faces":{"north":{"uv":[13.75,1.25,14,6.5],"texture":"#texture"},"east":{"uv":[13.75,1.25,14,6.5],"texture":"#texture"},"south":{"uv":[13.75,1.25,14,6.5],"texture":"#texture"},"west":{"uv":[13.75,1.25,14,6.5],"texture":"#texture"},"up":{"uv":[13.75,1.25,14,1.5],"rotation":90,"texture":"#texture"},"down":{"uv":[14,6.5,13.75,6.25],"rotation":270,"texture":"#texture"}}},{"name":"ShardFrame8","from":[7.7588,13.875,7.0088],"to":[8.0088,24.875,7.5088],"faces":{"north":{"uv":[14.25,1.25,14.5,6.75],"texture":"#texture"},"east":{"uv":[14.25,1.25,14.5,6.75],"texture":"#texture"},"south":{"uv":[14.25,1.25,14.5,6.75],"texture":"#texture"},"west":{"uv":[14.25,1.25,14.5,6.75],"texture":"#texture"},"up":{"uv":[14.25,1.25,14.5,1.5],"rotation":90,"texture":"#texture"},"down":{"uv":[14.5,6.75,14.25,6.5],"rotation":270,"texture":"#texture"}}},{"name":"ShardFrame8","from":[7.7588,17.375,5.5088],"to":[8.0088,20.875,6.0088],"faces":{"north":{"uv":[13.5,3.25,13.75,5],"texture":"#texture"},"east":{"uv":[13.5,3.25,13.75,5],"texture":"#texture"},"south":{"uv":[13.5,3.25,13.75,5],"texture":"#texture"},"west":{"uv":[13.5,3.25,13.75,5],"texture":"#texture"},"up":{"uv":[13.5,3.25,13.75,3.5],"rotation":90,"texture":"#texture"},"down":{"uv":[13.75,5,13.5,4.75],"rotation":270,"texture":"#texture"}}},{"name":"ShardFrame8","from":[7.7588,16.875,7.5088],"to":[8.0088,19.875,8.0088],"faces":{"north":{"uv":[14.5,3.75,14.75,5.25],"texture":"#texture"},"east":{"uv":[14.5,3.75,14.75,5.25],"texture":"#texture"},"south":{"uv":[14.5,3.75,14.75,5.25],"texture":"#texture"},"west":{"uv":[14.5,3.75,14.75,5.25],"texture":"#texture"},"up":{"uv":[14.5,3.75,14.75,4],"rotation":90,"texture":"#texture"},"down":{"uv":[14.75,5.25,14.5,5],"rotation":270,"texture":"#texture"}}},{"name":"ShardFrame8","from":[7.5088,15.375,6.5088],"to":[8.2588,23.875,7.0088],"faces":{"north":{"uv":[14,1.75,14.25,6],"texture":"#texture"},"east":{"uv":[14,1.75,14.25,6],"texture":"#texture"},"south":{"uv":[14,1.75,14.25,6],"texture":"#texture"},"west":{"uv":[14,1.75,14.25,6],"texture":"#texture"},"up":{"uv":[14,1.75,14.25,2],"rotation":90,"texture":"#texture"},"down":{"uv":[14.25,6,14,5.75],"rotation":270,"texture":"#texture"}}},{"name":"ShardFrame8","from":[7.5088,17.375,7.0088],"to":[8.2588,19.375,7.5088],"faces":{"north":{"uv":[14.25,4,14.5,5],"texture":"#texture"},"east":{"uv":[14.25,4,14.5,5],"texture":"#texture"},"south":{"uv":[14.25,4,14.5,5],"texture":"#texture"},"west":{"uv":[14.25,4,14.5,5],"texture":"#texture"},"up":{"uv":[14.25,4,14.5,4.25],"rotation":90,"texture":"#texture"},"down":{"uv":[14.5,5,14.25,4.75],"rotation":270,"texture":"#texture"}}},{"name":"ShardFrame8","from":[7.5088,17.8125,6.0088],"to":[8.2588,20.3125,6.5088],"faces":{"north":{"uv":[13.75,3.5,14,4.75],"texture":"#texture"},"east":{"uv":[13.75,3.5,14,4.75],"texture":"#texture"},"south":{"uv":[13.75,3.5,14,4.75],"texture":"#texture"},"west":{"uv":[13.75,3.5,14,4.75],"texture":"#texture"},"up":{"uv":[13.75,3.5,14,3.75],"rotation":90,"texture":"#texture"},"down":{"uv":[14,4.75,13.75,4.5],"rotation":270,"texture":"#texture"}}},{"name":"ShardFrame8","from":[7.2588,18.125,6.5088],"to":[8.5088,19.125,7.0088],"faces":{"north":{"uv":[14,4.25,14.25,4.5],"texture":"#texture"},"east":{"uv":[14,4.25,14.25,4.5],"texture":"#texture"},"south":{"uv":[14,4.25,14.25,4.5],"texture":"#texture"},"west":{"uv":[14,4.25,14.25,4.5],"texture":"#texture"},"up":{"uv":[14,4.25,14.25,4.5],"rotation":90,"texture":"#texture"},"down":{"uv":[14.25,4.5,14,4.25],"rotation":270,"texture":"#texture"}}},{"name":"ShardFrame9","from":[7.7599,12.625,6.5099],"to":[8.0099,27.625,7.0099],"faces":{"north":{"uv":[15.25,0,15.5,7.5],"texture":"#texture"},"east":{"uv":[15.25,0,15.5,7.5],"texture":"#texture"},"south":{"uv":[15.25,0,15.5,7.5],"texture":"#texture"},"west":{"uv":[15.25,0,15.5,7.5],"texture":"#texture"},"up":{"uv":[15.25,0,15.5,0.25],"rotation":90,"texture":"#texture"},"down":{"uv":[15.5,7.5,15.25,7.25],"rotation":270,"texture":"#texture"}}},{"name":"ShardFrame9","from":[7.7599,14.625,6.0099],"to":[8.0099,25.125,6.5099],"faces":{"north":{"uv":[15,1.25,15.25,6.5],"texture":"#texture"},"east":{"uv":[15,1.25,15.25,6.5],"texture":"#texture"},"south":{"uv":[15,1.25,15.25,6.5],"texture":"#texture"},"west":{"uv":[15,1.25,15.25,6.5],"texture":"#texture"},"up":{"uv":[15,1.25,15.25,1.5],"rotation":90,"texture":"#texture"},"down":{"uv":[15.25,6.5,15,6.25],"rotation":270,"texture":"#texture"}}},{"name":"ShardFrame9","from":[7.7599,14.125,7.0099],"to":[8.0099,25.125,7.5099],"faces":{"north":{"uv":[15.5,1.25,15.75,6.75],"texture":"#texture"},"east":{"uv":[15.5,1.25,15.75,6.75],"texture":"#texture"},"south":{"uv":[15.5,1.25,15.75,6.75],"texture":"#texture"},"west":{"uv":[15.5,1.25,15.75,6.75],"texture":"#texture"},"up":{"uv":[15.5,1.25,15.75,1.5],"rotation":90,"texture":"#texture"},"down":{"uv":[15.75,6.75,15.5,6.5],"rotation":270,"texture":"#texture"}}},{"name":"ShardFrame9","from":[7.7599,17.625,5.5099],"to":[8.0099,21.125,6.0099],"faces":{"north":{"uv":[14.75,3.25,15,5],"texture":"#texture"},"east":{"uv":[14.75,3.25,15,5],"texture":"#texture"},"south":{"uv":[14.75,3.25,15,5],"texture":"#texture"},"west":{"uv":[14.75,3.25,15,5],"texture":"#texture"},"up":{"uv":[14.75,3.25,15,3.5],"rotation":90,"texture":"#texture"},"down":{"uv":[15,5,14.75,4.75],"rotation":270,"texture":"#texture"}}},{"name":"ShardFrame9","from":[7.7599,17.125,7.5099],"to":[8.0099,20.125,8.0099],"faces":{"north":{"uv":[15.75,3.75,16,5.25],"texture":"#texture"},"east":{"uv":[15.75,3.75,16,5.25],"texture":"#texture"},"south":{"uv":[15.75,3.75,16,5.25],"texture":"#texture"},"west":{"uv":[15.75,3.75,16,5.25],"texture":"#texture"},"up":{"uv":[15.75,3.75,16,4],"rotation":90,"texture":"#texture"},"down":{"uv":[16,5.25,15.75,5],"rotation":270,"texture":"#texture"}}},{"name":"ShardFrame9","from":[7.5099,15.625,6.5099],"to":[8.2599,24.125,7.0099],"faces":{"north":{"uv":[15.25,1.75,15.5,6],"texture":"#texture"},"east":{"uv":[15.25,1.75,15.5,6],"texture":"#texture"},"south":{"uv":[15.25,1.75,15.5,6],"texture":"#texture"},"west":{"uv":[15.25,1.75,15.5,6],"texture":"#texture"},"up":{"uv":[15.25,1.75,15.5,2],"rotation":90,"texture":"#texture"},"down":{"uv":[15.5,6,15.25,5.75],"rotation":270,"texture":"#texture"}}},{"name":"ShardFrame9","from":[7.5099,17.625,7.0099],"to":[8.2599,19.625,7.5099],"faces":{"north":{"uv":[15.5,4,15.75,5],"texture":"#texture"},"east":{"uv":[15.5,4,15.75,5],"texture":"#texture"},"south":{"uv":[15.5,4,15.75,5],"texture":"#texture"},"west":{"uv":[15.5,4,15.75,5],"texture":"#texture"},"up":{"uv":[15.5,4,15.75,4.25],"rotation":90,"texture":"#texture"},"down":{"uv":[15.75,5,15.5,4.75],"rotation":270,"texture":"#texture"}}},{"name":"ShardFrame9","from":[7.5099,18.125,6.0099],"to":[8.2599,20.625,6.5099],"faces":{"north":{"uv":[15,3.5,15.25,4.75],"texture":"#texture"},"east":{"uv":[15,3.5,15.25,4.75],"texture":"#texture"},"south":{"uv":[15,3.5,15.25,4.75],"texture":"#texture"},"west":{"uv":[15,3.5,15.25,4.75],"texture":"#texture"},"up":{"uv":[15,3.5,15.25,3.75],"rotation":90,"texture":"#texture"},"down":{"uv":[15.25,4.75,15,4.5],"rotation":270,"texture":"#texture"}}},{"name":"ShardFrame9","from":[7.2599,18.375,6.5099],"to":[8.5099,19.375,7.0099],"faces":{"north":{"uv":[15.25,4.25,15.5,4.5],"texture":"#texture"},"east":{"uv":[15.25,4.25,15.5,4.5],"texture":"#texture"},"south":{"uv":[15.25,4.25,15.5,4.5],"texture":"#texture"},"west":{"uv":[15.25,4.25,15.5,4.5],"texture":"#texture"},"up":{"uv":[15.25,4.25,15.5,4.5],"rotation":90,"texture":"#texture"},"down":{"uv":[15.5,4.5,15.25,4.25],"rotation":270,"texture":"#texture"}}},{"name":"ShardFrame10","from":[7.761,12.875,6.511],"to":[8.011,27.875,7.011],"faces":{"north":{"uv":[2.75,7.5,3,15],"texture":"#texture"},"east":{"uv":[2.75,7.5,3,15],"texture":"#texture"},"south":{"uv":[2.75,7.5,3,15],"texture":"#texture"},"west":{"uv":[2.75,7.5,3,15],"texture":"#texture"},"up":{"uv":[2.75,7.5,3,7.75],"rotation":90,"texture":"#texture"},"down":{"uv":[3,15,2.75,14.75],"rotation":270,"texture":"#texture"}}},{"name":"ShardFrame10","from":[7.761,14.875,6.011],"to":[8.011,25.375,6.511],"faces":{"north":{"uv":[2.5,8.75,2.75,14],"texture":"#texture"},"east":{"uv":[2.5,8.75,2.75,14],"texture":"#texture"},"south":{"uv":[2.5,8.75,2.75,14],"texture":"#texture"},"west":{"uv":[2.5,8.75,2.75,14],"texture":"#texture"},"up":{"uv":[2.5,8.75,2.75,9],"rotation":90,"texture":"#texture"},"down":{"uv":[2.75,14,2.5,13.75],"rotation":270,"texture":"#texture"}}},{"name":"ShardFrame10","from":[7.761,14.375,7.011],"to":[8.011,25.375,7.511],"faces":{"north":{"uv":[3,8.75,3.25,14.25],"texture":"#texture"},"east":{"uv":[3,8.75,3.25,14.25],"texture":"#texture"},"south":{"uv":[3,8.75,3.25,14.25],"texture":"#texture"},"west":{"uv":[3,8.75,3.25,14.25],"texture":"#texture"},"up":{"uv":[3,8.75,3.25,9],"rotation":90,"texture":"#texture"},"down":{"uv":[3.25,14.25,3,14],"rotation":270,"texture":"#texture"}}},{"name":"ShardFrame10","from":[7.761,17.875,5.511],"to":[8.011,21.375,6.011],"faces":{"north":{"uv":[2.25,10.75,2.5,12.5],"texture":"#texture"},"east":{"uv":[2.25,10.75,2.5,12.5],"texture":"#texture"},"south":{"uv":[2.25,10.75,2.5,12.5],"texture":"#texture"},"west":{"uv":[2.25,10.75,2.5,12.5],"texture":"#texture"},"up":{"uv":[2.25,10.75,2.5,11],"rotation":90,"texture":"#texture"},"down":{"uv":[2.5,12.5,2.25,12.25],"rotation":270,"texture":"#texture"}}},{"name":"ShardFrame10","from":[7.761,17.375,7.511],"to":[8.011,20.375,8.011],"faces":{"north":{"uv":[3.25,11.25,3.5,12.75],"texture":"#texture"},"east":{"uv":[3.25,11.25,3.5,12.75],"texture":"#texture"},"south":{"uv":[3.25,11.25,3.5,12.75],"texture":"#texture"},"west":{"uv":[3.25,11.25,3.5,12.75],"texture":"#texture"},"up":{"uv":[3.25,11.25,3.5,11.5],"rotation":90,"texture":"#texture"},"down":{"uv":[3.5,12.75,3.25,12.5],"rotation":270,"texture":"#texture"}}},{"name":"ShardFrame10","from":[7.511,15.875,6.511],"to":[8.261,24.375,7.011],"faces":{"north":{"uv":[2.75,9.25,3,13.5],"texture":"#texture"},"east":{"uv":[2.75,9.25,3,13.5],"texture":"#texture"},"south":{"uv":[2.75,9.25,3,13.5],"texture":"#texture"},"west":{"uv":[2.75,9.25,3,13.5],"texture":"#texture"},"up":{"uv":[2.75,9.25,3,9.5],"rotation":90,"texture":"#texture"},"down":{"uv":[3,13.5,2.75,13.25],"rotation":270,"texture":"#texture"}}},{"name":"ShardFrame10","from":[7.511,17.875,7.011],"to":[8.261,19.875,7.511],"faces":{"north":{"uv":[3,11.5,3.25,12.5],"texture":"#texture"},"east":{"uv":[3,11.5,3.25,12.5],"texture":"#texture"},"south":{"uv":[3,11.5,3.25,12.5],"texture":"#texture"},"west":{"uv":[3,11.5,3.25,12.5],"texture":"#texture"},"up":{"uv":[3,11.5,3.25,11.75],"rotation":90,"texture":"#texture"},"down":{"uv":[3.25,12.5,3,12.25],"rotation":270,"texture":"#texture"}}},{"name":"ShardFrame10","from":[7.511,18.375,6.011],"to":[8.261,20.875,6.511],"faces":{"north":{"uv":[2.5,11,2.75,12.25],"texture":"#texture"},"east":{"uv":[2.5,11,2.75,12.25],"texture":"#texture"},"south":{"uv":[2.5,11,2.75,12.25],"texture":"#texture"},"west":{"uv":[2.5,11,2.75,12.25],"texture":"#texture"},"up":{"uv":[2.5,11,2.75,11.25],"rotation":90,"texture":"#texture"},"down":{"uv":[2.75,12.25,2.5,12],"rotation":270,"texture":"#texture"}}},{"name":"ShardFrame10","from":[7.261,18.625,6.511],"to":[8.511,19.625,7.011],"faces":{"north":{"uv":[2.75,11.75,3,12],"texture":"#texture"},"east":{"uv":[2.75,11.75,3,12],"texture":"#texture"},"south":{"uv":[2.75,11.75,3,12],"texture":"#texture"},"west":{"uv":[2.75,11.75,3,12],"texture":"#texture"},"up":{"uv":[2.75,11.75,3,12],"rotation":90,"texture":"#texture"},"down":{"uv":[3,12,2.75,11.75],"rotation":270,"texture":"#texture"}}},{"name":"ShardFrame11","from":[7.7621,13.125,6.5121],"to":[8.0121,28.125,7.0121],"faces":{"north":{"uv":[4,7.5,4.25,15],"texture":"#texture"},"east":{"uv":[4,7.5,4.25,15],"texture":"#texture"},"south":{"uv":[4,7.5,4.25,15],"texture":"#texture"},"west":{"uv":[4,7.5,4.25,15],"texture":"#texture"},"up":{"uv":[4,7.5,4.25,7.75],"rotation":90,"texture":"#texture"},"down":{"uv":[4.25,15,4,14.75],"rotation":270,"texture":"#texture"}}},{"name":"ShardFrame11","from":[7.7621,15.125,6.0121],"to":[8.0121,25.625,6.5121],"faces":{"north":{"uv":[3.75,8.75,4,14],"texture":"#texture"},"east":{"uv":[3.75,8.75,4,14],"texture":"#texture"},"south":{"uv":[3.75,8.75,4,14],"texture":"#texture"},"west":{"uv":[3.75,8.75,4,14],"texture":"#texture"},"up":{"uv":[3.75,8.75,4,9],"rotation":90,"texture":"#texture"},"down":{"uv":[4,14,3.75,13.75],"rotation":270,"texture":"#texture"}}},{"name":"ShardFrame11","from":[7.7621,14.625,7.0121],"to":[8.0121,25.625,7.5121],"faces":{"north":{"uv":[4.25,8.75,4.5,14.25],"texture":"#texture"},"east":{"uv":[4.25,8.75,4.5,14.25],"texture":"#texture"},"south":{"uv":[4.25,8.75,4.5,14.25],"texture":"#texture"},"west":{"uv":[4.25,8.75,4.5,14.25],"texture":"#texture"},"up":{"uv":[4.25,8.75,4.5,9],"rotation":90,"texture":"#texture"},"down":{"uv":[4.5,14.25,4.25,14],"rotation":270,"texture":"#texture"}}},{"name":"ShardFrame11","from":[7.7621,18.125,5.5121],"to":[8.0121,21.625,6.0121],"faces":{"north":{"uv":[3.5,10.75,3.75,12.5],"texture":"#texture"},"east":{"uv":[3.5,10.75,3.75,12.5],"texture":"#texture"},"south":{"uv":[3.5,10.75,3.75,12.5],"texture":"#texture"},"west":{"uv":[3.5,10.75,3.75,12.5],"texture":"#texture"},"up":{"uv":[3.5,10.75,3.75,11],"rotation":90,"texture":"#texture"},"down":{"uv":[3.75,12.5,3.5,12.25],"rotation":270,"texture":"#texture"}}},{"name":"ShardFrame11","from":[7.7621,17.625,7.5121],"to":[8.0121,20.625,8.0121],"faces":{"north":{"uv":[4.5,11.25,4.75,12.75],"texture":"#texture"},"east":{"uv":[4.5,11.25,4.75,12.75],"texture":"#texture"},"south":{"uv":[4.5,11.25,4.75,12.75],"texture":"#texture"},"west":{"uv":[4.5,11.25,4.75,12.75],"texture":"#texture"},"up":{"uv":[4.5,11.25,4.75,11.5],"rotation":90,"texture":"#texture"},"down":{"uv":[4.75,12.75,4.5,12.5],"rotation":270,"texture":"#texture"}}},{"name":"ShardFrame11","from":[7.5121,16.125,6.5121],"to":[8.2621,24.625,7.0121],"faces":{"north":{"uv":[4,9.25,4.25,13.5],"texture":"#texture"},"east":{"uv":[4,9.25,4.25,13.5],"texture":"#texture"},"south":{"uv":[4,9.25,4.25,13.5],"texture":"#texture"},"west":{"uv":[4,9.25,4.25,13.5],"texture":"#texture"},"up":{"uv":[4,9.25,4.25,9.5],"rotation":90,"texture":"#texture"},"down":{"uv":[4.25,13.5,4,13.25],"rotation":270,"texture":"#texture"}}},{"name":"ShardFrame11","from":[7.5121,18.125,7.0121],"to":[8.2621,20.125,7.5121],"faces":{"north":{"uv":[4.25,11.5,4.5,12.5],"texture":"#texture"},"east":{"uv":[4.25,11.5,4.5,12.5],"texture":"#texture"},"south":{"uv":[4.25,11.5,4.5,12.5],"texture":"#texture"},"west":{"uv":[4.25,11.5,4.5,12.5],"texture":"#texture"},"up":{"uv":[4.25,11.5,4.5,11.75],"rotation":90,"texture":"#texture"},"down":{"uv":[4.5,12.5,4.25,12.25],"rotation":270,"texture":"#texture"}}},{"name":"ShardFrame11","from":[7.5121,18.625,6.0121],"to":[8.2621,21.125,6.5121],"faces":{"north":{"uv":[3.75,11,4,12.25],"texture":"#texture"},"east":{"uv":[3.75,11,4,12.25],"texture":"#texture"},"south":{"uv":[3.75,11,4,12.25],"texture":"#texture"},"west":{"uv":[3.75,11,4,12.25],"texture":"#texture"},"up":{"uv":[3.75,11,4,11.25],"rotation":90,"texture":"#texture"},"down":{"uv":[4,12.25,3.75,12],"rotation":270,"texture":"#texture"}}},{"name":"ShardFrame11","from":[7.2621,18.875,6.5121],"to":[8.5121,19.875,7.0121],"faces":{"north":{"uv":[4,11.75,4.25,12],"texture":"#texture"},"east":{"uv":[4,11.75,4.25,12],"texture":"#texture"},"south":{"uv":[4,11.75,4.25,12],"texture":"#texture"},"west":{"uv":[4,11.75,4.25,12],"texture":"#texture"},"up":{"uv":[4,11.75,4.25,12],"rotation":90,"texture":"#texture"},"down":{"uv":[4.25,12,4,11.75],"rotation":270,"texture":"#texture"}}},{"name":"ShardFrame12","from":[7.7632,13.375,6.5132],"to":[8.0132,28.375,7.0132],"faces":{"north":{"uv":[5.25,7.5,5.5,15],"texture":"#texture"},"east":{"uv":[5.25,7.5,5.5,15],"texture":"#texture"},"south":{"uv":[5.25,7.5,5.5,15],"texture":"#texture"},"west":{"uv":[5.25,7.5,5.5,15],"texture":"#texture"},"up":{"uv":[5.25,7.5,5.5,7.75],"rotation":90,"texture":"#texture"},"down":{"uv":[5.5,15,5.25,14.75],"rotation":270,"texture":"#texture"}}},{"name":"ShardFrame12","from":[7.7632,15.375,6.0132],"to":[8.0132,25.875,6.5132],"faces":{"north":{"uv":[5,8.75,5.25,14],"texture":"#texture"},"east":{"uv":[5,8.75,5.25,14],"texture":"#texture"},"south":{"uv":[5,8.75,5.25,14],"texture":"#texture"},"west":{"uv":[5,8.75,5.25,14],"texture":"#texture"},"up":{"uv":[5,8.75,5.25,9],"rotation":90,"texture":"#texture"},"down":{"uv":[5.25,14,5,13.75],"rotation":270,"texture":"#texture"}}},{"name":"ShardFrame12","from":[7.7632,14.875,7.0132],"to":[8.0132,25.875,7.5132],"faces":{"north":{"uv":[5.5,8.75,5.75,14.25],"texture":"#texture"},"east":{"uv":[5.5,8.75,5.75,14.25],"texture":"#texture"},"south":{"uv":[5.5,8.75,5.75,14.25],"texture":"#texture"},"west":{"uv":[5.5,8.75,5.75,14.25],"texture":"#texture"},"up":{"uv":[5.5,8.75,5.75,9],"rotation":90,"texture":"#texture"},"down":{"uv":[5.75,14.25,5.5,14],"rotation":270,"texture":"#texture"}}},{"name":"ShardFrame12","from":[7.7632,18.375,5.5132],"to":[8.0132,21.875,6.0132],"faces":{"north":{"uv":[4.75,10.75,5,12.5],"texture":"#texture"},"east":{"uv":[4.75,10.75,5,12.5],"texture":"#texture"},"south":{"uv":[4.75,10.75,5,12.5],"texture":"#texture"},"west":{"uv":[4.75,10.75,5,12.5],"texture":"#texture"},"up":{"uv":[4.75,10.75,5,11],"rotation":90,"texture":"#texture"},"down":{"uv":[5,12.5,4.75,12.25],"rotation":270,"texture":"#texture"}}},{"name":"ShardFrame12","from":[7.7632,17.875,7.5132],"to":[8.0132,20.875,8.0132],"faces":{"north":{"uv":[5.75,11.25,6,12.75],"texture":"#texture"},"east":{"uv":[5.75,11.25,6,12.75],"texture":"#texture"},"south":{"uv":[5.75,11.25,6,12.75],"texture":"#texture"},"west":{"uv":[5.75,11.25,6,12.75],"texture":"#texture"},"up":{"uv":[5.75,11.25,6,11.5],"rotation":90,"texture":"#texture"},"down":{"uv":[6,12.75,5.75,12.5],"rotation":270,"texture":"#texture"}}},{"name":"ShardFrame12","from":[7.5132,16.375,6.5132],"to":[8.2632,24.875,7.0132],"faces":{"north":{"uv":[5.25,9.25,5.5,13.5],"texture":"#texture"},"east":{"uv":[5.25,9.25,5.5,13.5],"texture":"#texture"},"south":{"uv":[5.25,9.25,5.5,13.5],"texture":"#texture"},"west":{"uv":[5.25,9.25,5.5,13.5],"texture":"#texture"},"up":{"uv":[5.25,9.25,5.5,9.5],"rotation":90,"texture":"#texture"},"down":{"uv":[5.5,13.5,5.25,13.25],"rotation":270,"texture":"#texture"}}},{"name":"ShardFrame12","from":[7.5132,18.375,7.0132],"to":[8.2632,20.375,7.5132],"faces":{"north":{"uv":[5.5,11.5,5.75,12.5],"texture":"#texture"},"east":{"uv":[5.5,11.5,5.75,12.5],"texture":"#texture"},"south":{"uv":[5.5,11.5,5.75,12.5],"texture":"#texture"},"west":{"uv":[5.5,11.5,5.75,12.5],"texture":"#texture"},"up":{"uv":[5.5,11.5,5.75,11.75],"rotation":90,"texture":"#texture"},"down":{"uv":[5.75,12.5,5.5,12.25],"rotation":270,"texture":"#texture"}}},{"name":"ShardFrame12","from":[7.5132,18.875,6.0132],"to":[8.2632,21.375,6.5132],"faces":{"north":{"uv":[5,11,5.25,12.25],"texture":"#texture"},"east":{"uv":[5,11,5.25,12.25],"texture":"#texture"},"south":{"uv":[5,11,5.25,12.25],"texture":"#texture"},"west":{"uv":[5,11,5.25,12.25],"texture":"#texture"},"up":{"uv":[5,11,5.25,11.25],"rotation":90,"texture":"#texture"},"down":{"uv":[5.25,12.25,5,12],"rotation":270,"texture":"#texture"}}},{"name":"ShardFrame12","from":[7.2632,19.125,6.5132],"to":[8.5132,20.125,7.0132],"faces":{"north":{"uv":[5.25,11.75,5.5,12],"texture":"#texture"},"east":{"uv":[5.25,11.75,5.5,12],"texture":"#texture"},"south":{"uv":[5.25,11.75,5.5,12],"texture":"#texture"},"west":{"uv":[5.25,11.75,5.5,12],"texture":"#texture"},"up":{"uv":[5.25,11.75,5.5,12],"rotation":90,"texture":"#texture"},"down":{"uv":[5.5,12,5.25,11.75],"rotation":270,"texture":"#texture"}}},{"name":"ShardFrame13","from":[7.7643,13.625,6.5143],"to":[8.0143,28.625,7.0143],"faces":{"north":{"uv":[6.5,7.5,6.75,15],"texture":"#texture"},"east":{"uv":[6.5,7.5,6.75,15],"texture":"#texture"},"south":{"uv":[6.5,7.5,6.75,15],"texture":"#texture"},"west":{"uv":[6.5,7.5,6.75,15],"texture":"#texture"},"up":{"uv":[6.5,7.5,6.75,7.75],"rotation":90,"texture":"#texture"},"down":{"uv":[6.75,15,6.5,14.75],"rotation":270,"texture":"#texture"}}},{"name":"ShardFrame13","from":[7.7643,15.625,6.0143],"to":[8.0143,26.125,6.5143],"faces":{"north":{"uv":[6.25,8.75,6.5,14],"texture":"#texture"},"east":{"uv":[6.25,8.75,6.5,14],"texture":"#texture"},"south":{"uv":[6.25,8.75,6.5,14],"texture":"#texture"},"west":{"uv":[6.25,8.75,6.5,14],"texture":"#texture"},"up":{"uv":[6.25,8.75,6.5,9],"rotation":90,"texture":"#texture"},"down":{"uv":[6.5,14,6.25,13.75],"rotation":270,"texture":"#texture"}}},{"name":"ShardFrame13","from":[7.7643,15.125,7.0143],"to":[8.0143,26.125,7.5143],"faces":{"north":{"uv":[6.75,8.75,7,14.25],"texture":"#texture"},"east":{"uv":[6.75,8.75,7,14.25],"texture":"#texture"},"south":{"uv":[6.75,8.75,7,14.25],"texture":"#texture"},"west":{"uv":[6.75,8.75,7,14.25],"texture":"#texture"},"up":{"uv":[6.75,8.75,7,9],"rotation":90,"texture":"#texture"},"down":{"uv":[7,14.25,6.75,14],"rotation":270,"texture":"#texture"}}},{"name":"ShardFrame13","from":[7.7643,18.625,5.5143],"to":[8.0143,22.125,6.0143],"faces":{"north":{"uv":[6,10.75,6.25,12.5],"texture":"#texture"},"east":{"uv":[6,10.75,6.25,12.5],"texture":"#texture"},"south":{"uv":[6,10.75,6.25,12.5],"texture":"#texture"},"west":{"uv":[6,10.75,6.25,12.5],"texture":"#texture"},"up":{"uv":[6,10.75,6.25,11],"rotation":90,"texture":"#texture"},"down":{"uv":[6.25,12.5,6,12.25],"rotation":270,"texture":"#texture"}}},{"name":"ShardFrame13","from":[7.7643,18.125,7.5143],"to":[8.0143,21.125,8.0143],"faces":{"north":{"uv":[7,11.25,7.25,12.75],"texture":"#texture"},"east":{"uv":[7,11.25,7.25,12.75],"texture":"#texture"},"south":{"uv":[7,11.25,7.25,12.75],"texture":"#texture"},"west":{"uv":[7,11.25,7.25,12.75],"texture":"#texture"},"up":{"uv":[7,11.25,7.25,11.5],"rotation":90,"texture":"#texture"},"down":{"uv":[7.25,12.75,7,12.5],"rotation":270,"texture":"#texture"}}},{"name":"ShardFrame13","from":[7.5143,16.625,6.5143],"to":[8.2643,25.125,7.0143],"faces":{"north":{"uv":[6.5,9.25,6.75,13.5],"texture":"#texture"},"east":{"uv":[6.5,9.25,6.75,13.5],"texture":"#texture"},"south":{"uv":[6.5,9.25,6.75,13.5],"texture":"#texture"},"west":{"uv":[6.5,9.25,6.75,13.5],"texture":"#texture"},"up":{"uv":[6.5,9.25,6.75,9.5],"rotation":90,"texture":"#texture"},"down":{"uv":[6.75,13.5,6.5,13.25],"rotation":270,"texture":"#texture"}}},{"name":"ShardFrame13","from":[7.5143,18.625,7.0143],"to":[8.2643,20.625,7.5143],"faces":{"north":{"uv":[6.75,11.5,7,12.5],"texture":"#texture"},"east":{"uv":[6.75,11.5,7,12.5],"texture":"#texture"},"south":{"uv":[6.75,11.5,7,12.5],"texture":"#texture"},"west":{"uv":[6.75,11.5,7,12.5],"texture":"#texture"},"up":{"uv":[6.75,11.5,7,11.75],"rotation":90,"texture":"#texture"},"down":{"uv":[7,12.5,6.75,12.25],"rotation":270,"texture":"#texture"}}},{"name":"ShardFrame13","from":[7.5143,19.125,6.0143],"to":[8.2643,21.625,6.5143],"faces":{"north":{"uv":[6.25,11,6.5,12.25],"texture":"#texture"},"east":{"uv":[6.25,11,6.5,12.25],"texture":"#texture"},"south":{"uv":[6.25,11,6.5,12.25],"texture":"#texture"},"west":{"uv":[6.25,11,6.5,12.25],"texture":"#texture"},"up":{"uv":[6.25,11,6.5,11.25],"rotation":90,"texture":"#texture"},"down":{"uv":[6.5,12.25,6.25,12],"rotation":270,"texture":"#texture"}}},{"name":"ShardFrame13","from":[7.2643,19.375,6.5143],"to":[8.5143,20.375,7.0143],"faces":{"north":{"uv":[6.5,11.75,6.75,12],"texture":"#texture"},"east":{"uv":[6.5,11.75,6.75,12],"texture":"#texture"},"south":{"uv":[6.5,11.75,6.75,12],"texture":"#texture"},"west":{"uv":[6.5,11.75,6.75,12],"texture":"#texture"},"up":{"uv":[6.5,11.75,6.75,12],"rotation":90,"texture":"#texture"},"down":{"uv":[6.75,12,6.5,11.75],"rotation":270,"texture":"#texture"}}},{"name":"ShardFrame14","from":[7.7654,13.8125,6.5154],"to":[8.0154,28.8125,7.0154],"faces":{"north":{"uv":[7.75,7.5,8,15],"texture":"#texture"},"east":{"uv":[7.75,7.5,8,15],"texture":"#texture"},"south":{"uv":[7.75,7.5,8,15],"texture":"#texture"},"west":{"uv":[7.75,7.5,8,15],"texture":"#texture"},"up":{"uv":[7.75,7.5,8,7.75],"rotation":90,"texture":"#texture"},"down":{"uv":[8,15,7.75,14.75],"rotation":270,"texture":"#texture"}}},{"name":"ShardFrame14","from":[7.7654,15.8125,6.0154],"to":[8.0154,26.3125,6.5154],"faces":{"north":{"uv":[7.5,8.75,7.75,14],"texture":"#texture"},"east":{"uv":[7.5,8.75,7.75,14],"texture":"#texture"},"south":{"uv":[7.5,8.75,7.75,14],"texture":"#texture"},"west":{"uv":[7.5,8.75,7.75,14],"texture":"#texture"},"up":{"uv":[7.5,8.75,7.75,9],"rotation":90,"texture":"#texture"},"down":{"uv":[7.75,14,7.5,13.75],"rotation":270,"texture":"#texture"}}},{"name":"ShardFrame14","from":[7.7654,15.3125,7.0154],"to":[8.0154,26.3125,7.5154],"faces":{"north":{"uv":[8,8.75,8.25,14.25],"texture":"#texture"},"east":{"uv":[8,8.75,8.25,14.25],"texture":"#texture"},"south":{"uv":[8,8.75,8.25,14.25],"texture":"#texture"},"west":{"uv":[8,8.75,8.25,14.25],"texture":"#texture"},"up":{"uv":[8,8.75,8.25,9],"rotation":90,"texture":"#texture"},"down":{"uv":[8.25,14.25,8,14],"rotation":270,"texture":"#texture"}}},{"name":"ShardFrame14","from":[7.7654,18.8125,5.5154],"to":[8.0154,22.3125,6.0154],"faces":{"north":{"uv":[7.25,10.75,7.5,12.5],"texture":"#texture"},"east":{"uv":[7.25,10.75,7.5,12.5],"texture":"#texture"},"south":{"uv":[7.25,10.75,7.5,12.5],"texture":"#texture"},"west":{"uv":[7.25,10.75,7.5,12.5],"texture":"#texture"},"up":{"uv":[7.25,10.75,7.5,11],"rotation":90,"texture":"#texture"},"down":{"uv":[7.5,12.5,7.25,12.25],"rotation":270,"texture":"#texture"}}},{"name":"ShardFrame14","from":[7.7654,18.3125,7.5154],"to":[8.0154,21.3125,8.0154],"faces":{"north":{"uv":[8.25,11.25,8.5,12.75],"texture":"#texture"},"east":{"uv":[8.25,11.25,8.5,12.75],"texture":"#texture"},"south":{"uv":[8.25,11.25,8.5,12.75],"texture":"#texture"},"west":{"uv":[8.25,11.25,8.5,12.75],"texture":"#texture"},"up":{"uv":[8.25,11.25,8.5,11.5],"rotation":90,"texture":"#texture"},"down":{"uv":[8.5,12.75,8.25,12.5],"rotation":270,"texture":"#texture"}}},{"name":"ShardFrame14","from":[7.5154,16.8125,6.5154],"to":[8.2654,25.3125,7.0154],"faces":{"north":{"uv":[7.75,9.25,8,13.5],"texture":"#texture"},"east":{"uv":[7.75,9.25,8,13.5],"texture":"#texture"},"south":{"uv":[7.75,9.25,8,13.5],"texture":"#texture"},"west":{"uv":[7.75,9.25,8,13.5],"texture":"#texture"},"up":{"uv":[7.75,9.25,8,9.5],"rotation":90,"texture":"#texture"},"down":{"uv":[8,13.5,7.75,13.25],"rotation":270,"texture":"#texture"}}},{"name":"ShardFrame14","from":[7.5154,18.8125,7.0154],"to":[8.2654,20.8125,7.5154],"faces":{"north":{"uv":[8,11.5,8.25,12.5],"texture":"#texture"},"east":{"uv":[8,11.5,8.25,12.5],"texture":"#texture"},"south":{"uv":[8,11.5,8.25,12.5],"texture":"#texture"},"west":{"uv":[8,11.5,8.25,12.5],"texture":"#texture"},"up":{"uv":[8,11.5,8.25,11.75],"rotation":90,"texture":"#texture"},"down":{"uv":[8.25,12.5,8,12.25],"rotation":270,"texture":"#texture"}}},{"name":"ShardFrame14","from":[7.5154,19.3125,6.0154],"to":[8.2654,21.8125,6.5154],"faces":{"north":{"uv":[7.5,11,7.75,12.25],"texture":"#texture"},"east":{"uv":[7.5,11,7.75,12.25],"texture":"#texture"},"south":{"uv":[7.5,11,7.75,12.25],"texture":"#texture"},"west":{"uv":[7.5,11,7.75,12.25],"texture":"#texture"},"up":{"uv":[7.5,11,7.75,11.25],"rotation":90,"texture":"#texture"},"down":{"uv":[7.75,12.25,7.5,12],"rotation":270,"texture":"#texture"}}},{"name":"ShardFrame14","from":[7.2654,19.5625,6.5154],"to":[8.5154,20.5625,7.0154],"faces":{"north":{"uv":[7.75,11.75,8,12],"texture":"#texture"},"east":{"uv":[7.75,11.75,8,12],"texture":"#texture"},"south":{"uv":[7.75,11.75,8,12],"texture":"#texture"},"west":{"uv":[7.75,11.75,8,12],"texture":"#texture"},"up":{"uv":[7.75,11.75,8,12],"rotation":90,"texture":"#texture"},"down":{"uv":[8,12,7.75,11.75],"rotation":270,"texture":"#texture"}}},{"name":"ShardFrame15","from":[7.7665,14,6.5165],"to":[8.0165,29,7.0165],"faces":{"north":{"uv":[9,7.5,9.25,15],"texture":"#texture"},"east":{"uv":[9,7.5,9.25,15],"texture":"#texture"},"south":{"uv":[9,7.5,9.25,15],"texture":"#texture"},"west":{"uv":[9,7.5,9.25,15],"texture":"#texture"},"up":{"uv":[9,7.5,9.25,7.75],"rotation":90,"texture":"#texture"},"down":{"uv":[9.25,15,9,14.75],"rotation":270,"texture":"#texture"}}},{"name":"ShardFrame15","from":[7.7665,16,6.0165],"to":[8.0165,26.5,6.5165],"faces":{"north":{"uv":[8.75,8.75,9,14],"texture":"#texture"},"east":{"uv":[8.75,8.75,9,14],"texture":"#texture"},"south":{"uv":[8.75,8.75,9,14],"texture":"#texture"},"west":{"uv":[8.75,8.75,9,14],"texture":"#texture"},"up":{"uv":[8.75,8.75,9,9],"rotation":90,"texture":"#texture"},"down":{"uv":[9,14,8.75,13.75],"rotation":270,"texture":"#texture"}}},{"name":"ShardFrame15","from":[7.7665,15.5,7.0165],"to":[8.0165,26.5,7.5165],"faces":{"north":{"uv":[9.25,8.75,9.5,14.25],"texture":"#texture"},"east":{"uv":[9.25,8.75,9.5,14.25],"texture":"#texture"},"south":{"uv":[9.25,8.75,9.5,14.25],"texture":"#texture"},"west":{"uv":[9.25,8.75,9.5,14.25],"texture":"#texture"},"up":{"uv":[9.25,8.75,9.5,9],"rotation":90,"texture":"#texture"},"down":{"uv":[9.5,14.25,9.25,14],"rotation":270,"texture":"#texture"}}},{"name":"ShardFrame15","from":[7.7665,19,5.5165],"to":[8.0165,22.5,6.0165],"faces":{"north":{"uv":[8.5,10.75,8.75,12.5],"texture":"#texture"},"east":{"uv":[8.5,10.75,8.75,12.5],"texture":"#texture"},"south":{"uv":[8.5,10.75,8.75,12.5],"texture":"#texture"},"west":{"uv":[8.5,10.75,8.75,12.5],"texture":"#texture"},"up":{"uv":[8.5,10.75,8.75,11],"rotation":90,"texture":"#texture"},"down":{"uv":[8.75,12.5,8.5,12.25],"rotation":270,"texture":"#texture"}}},{"name":"ShardFrame15","from":[7.7665,18.5,7.5165],"to":[8.0165,21.5,8.0165],"faces":{"north":{"uv":[9.5,11.25,9.75,12.75],"texture":"#texture"},"east":{"uv":[9.5,11.25,9.75,12.75],"texture":"#texture"},"south":{"uv":[9.5,11.25,9.75,12.75],"texture":"#texture"},"west":{"uv":[9.5,11.25,9.75,12.75],"texture":"#texture"},"up":{"uv":[9.5,11.25,9.75,11.5],"rotation":90,"texture":"#texture"},"down":{"uv":[9.75,12.75,9.5,12.5],"rotation":270,"texture":"#texture"}}},{"name":"ShardFrame15","from":[7.5165,17,6.5165],"to":[8.2665,25.5,7.0165],"faces":{"north":{"uv":[9,9.25,9.25,13.5],"texture":"#texture"},"east":{"uv":[9,9.25,9.25,13.5],"texture":"#texture"},"south":{"uv":[9,9.25,9.25,13.5],"texture":"#texture"},"west":{"uv":[9,9.25,9.25,13.5],"texture":"#texture"},"up":{"uv":[9,9.25,9.25,9.5],"rotation":90,"texture":"#texture"},"down":{"uv":[9.25,13.5,9,13.25],"rotation":270,"texture":"#texture"}}},{"name":"ShardFrame15","from":[7.5165,19,7.0165],"to":[8.2665,21,7.5165],"faces":{"north":{"uv":[9.25,11.5,9.5,12.5],"texture":"#texture"},"east":{"uv":[9.25,11.5,9.5,12.5],"texture":"#texture"},"south":{"uv":[9.25,11.5,9.5,12.5],"texture":"#texture"},"west":{"uv":[9.25,11.5,9.5,12.5],"texture":"#texture"},"up":{"uv":[9.25,11.5,9.5,11.75],"rotation":90,"texture":"#texture"},"down":{"uv":[9.5,12.5,9.25,12.25],"rotation":270,"texture":"#texture"}}},{"name":"ShardFrame15","from":[7.5165,19.5,6.0165],"to":[8.2665,22,6.5165],"faces":{"north":{"uv":[8.75,11,9,12.25],"texture":"#texture"},"east":{"uv":[8.75,11,9,12.25],"texture":"#texture"},"south":{"uv":[8.75,11,9,12.25],"texture":"#texture"},"west":{"uv":[8.75,11,9,12.25],"texture":"#texture"},"up":{"uv":[8.75,11,9,11.25],"rotation":90,"texture":"#texture"},"down":{"uv":[9,12.25,8.75,12],"rotation":270,"texture":"#texture"}}},{"name":"ShardFrame15","from":[7.2665,19.75,6.5165],"to":[8.5165,20.75,7.0165],"faces":{"north":{"uv":[9,11.75,9.25,12],"texture":"#texture"},"east":{"uv":[9,11.75,9.25,12],"texture":"#texture"},"south":{"uv":[9,11.75,9.25,12],"texture":"#texture"},"west":{"uv":[9,11.75,9.25,12],"texture":"#texture"},"up":{"uv":[9,11.75,9.25,12],"rotation":90,"texture":"#texture"},"down":{"uv":[9.25,12,9,11.75],"rotation":270,"texture":"#texture"}}},{"name":"ShardFrame16","from":[7.7676,14.125,6.5176],"to":[8.0176,29.125,7.0176],"faces":{"north":{"uv":[10.25,7.5,10.5,15],"texture":"#texture"},"east":{"uv":[10.25,7.5,10.5,15],"texture":"#texture"},"south":{"uv":[10.25,7.5,10.5,15],"texture":"#texture"},"west":{"uv":[10.25,7.5,10.5,15],"texture":"#texture"},"up":{"uv":[10.25,7.5,10.5,7.75],"rotation":90,"texture":"#texture"},"down":{"uv":[10.5,15,10.25,14.75],"rotation":270,"texture":"#texture"}}},{"name":"ShardFrame16","from":[7.7676,16.125,6.0176],"to":[8.0176,26.625,6.5176],"faces":{"north":{"uv":[10,8.75,10.25,14],"texture":"#texture"},"east":{"uv":[10,8.75,10.25,14],"texture":"#texture"},"south":{"uv":[10,8.75,10.25,14],"texture":"#texture"},"west":{"uv":[10,8.75,10.25,14],"texture":"#texture"},"up":{"uv":[10,8.75,10.25,9],"rotation":90,"texture":"#texture"},"down":{"uv":[10.25,14,10,13.75],"rotation":270,"texture":"#texture"}}},{"name":"ShardFrame16","from":[7.7676,15.625,7.0176],"to":[8.0176,26.625,7.5176],"faces":{"north":{"uv":[10.5,8.75,10.75,14.25],"texture":"#texture"},"east":{"uv":[10.5,8.75,10.75,14.25],"texture":"#texture"},"south":{"uv":[10.5,8.75,10.75,14.25],"texture":"#texture"},"west":{"uv":[10.5,8.75,10.75,14.25],"texture":"#texture"},"up":{"uv":[10.5,8.75,10.75,9],"rotation":90,"texture":"#texture"},"down":{"uv":[10.75,14.25,10.5,14],"rotation":270,"texture":"#texture"}}},{"name":"ShardFrame16","from":[7.7676,19.125,5.5176],"to":[8.0176,22.625,6.0176],"faces":{"north":{"uv":[9.75,10.75,10,12.5],"texture":"#texture"},"east":{"uv":[9.75,10.75,10,12.5],"texture":"#texture"},"south":{"uv":[9.75,10.75,10,12.5],"texture":"#texture"},"west":{"uv":[9.75,10.75,10,12.5],"texture":"#texture"},"up":{"uv":[9.75,10.75,10,11],"rotation":90,"texture":"#texture"},"down":{"uv":[10,12.5,9.75,12.25],"rotation":270,"texture":"#texture"}}},{"name":"ShardFrame16","from":[7.7676,18.625,7.5176],"to":[8.0176,21.625,8.0176],"faces":{"north":{"uv":[10.75,11.25,11,12.75],"texture":"#texture"},"east":{"uv":[10.75,11.25,11,12.75],"texture":"#texture"},"south":{"uv":[10.75,11.25,11,12.75],"texture":"#texture"},"west":{"uv":[10.75,11.25,11,12.75],"texture":"#texture"},"up":{"uv":[10.75,11.25,11,11.5],"rotation":90,"texture":"#texture"},"down":{"uv":[11,12.75,10.75,12.5],"rotation":270,"texture":"#texture"}}},{"name":"ShardFrame16","from":[7.5176,17.125,6.5176],"to":[8.2676,25.625,7.0176],"faces":{"north":{"uv":[10.25,9.25,10.5,13.5],"texture":"#texture"},"east":{"uv":[10.25,9.25,10.5,13.5],"texture":"#texture"},"south":{"uv":[10.25,9.25,10.5,13.5],"texture":"#texture"},"west":{"uv":[10.25,9.25,10.5,13.5],"texture":"#texture"},"up":{"uv":[10.25,9.25,10.5,9.5],"rotation":90,"texture":"#texture"},"down":{"uv":[10.5,13.5,10.25,13.25],"rotation":270,"texture":"#texture"}}},{"name":"ShardFrame16","from":[7.5176,19.125,7.0176],"to":[8.2676,21.125,7.5176],"faces":{"north":{"uv":[10.5,11.5,10.75,12.5],"texture":"#texture"},"east":{"uv":[10.5,11.5,10.75,12.5],"texture":"#texture"},"south":{"uv":[10.5,11.5,10.75,12.5],"texture":"#texture"},"west":{"uv":[10.5,11.5,10.75,12.5],"texture":"#texture"},"up":{"uv":[10.5,11.5,10.75,11.75],"rotation":90,"texture":"#texture"},"down":{"uv":[10.75,12.5,10.5,12.25],"rotation":270,"texture":"#texture"}}},{"name":"ShardFrame16","from":[7.5176,19.625,6.0176],"to":[8.2676,22.125,6.5176],"faces":{"north":{"uv":[10,11,10.25,12.25],"texture":"#texture"},"east":{"uv":[10,11,10.25,12.25],"texture":"#texture"},"south":{"uv":[10,11,10.25,12.25],"texture":"#texture"},"west":{"uv":[10,11,10.25,12.25],"texture":"#texture"},"up":{"uv":[10,11,10.25,11.25],"rotation":90,"texture":"#texture"},"down":{"uv":[10.25,12.25,10,12],"rotation":270,"texture":"#texture"}}},{"name":"ShardFrame16","from":[7.2676,19.875,6.5176],"to":[8.5176,20.875,7.0176],"faces":{"north":{"uv":[10.25,11.75,10.5,12],"texture":"#texture"},"east":{"uv":[10.25,11.75,10.5,12],"texture":"#texture"},"south":{"uv":[10.25,11.75,10.5,12],"texture":"#texture"},"west":{"uv":[10.25,11.75,10.5,12],"texture":"#texture"},"up":{"uv":[10.25,11.75,10.5,12],"rotation":90,"texture":"#texture"},"down":{"uv":[10.5,12,10.25,11.75],"rotation":270,"texture":"#texture"}}},{"name":"ShardFrame17","from":[7.7687,14.25,6.5187],"to":[8.0187,29.25,7.0187],"faces":{"north":{"uv":[11.5,7.5,11.75,15],"texture":"#texture"},"east":{"uv":[11.5,7.5,11.75,15],"texture":"#texture"},"south":{"uv":[11.5,7.5,11.75,15],"texture":"#texture"},"west":{"uv":[11.5,7.5,11.75,15],"texture":"#texture"},"up":{"uv":[11.5,7.5,11.75,7.75],"rotation":90,"texture":"#texture"},"down":{"uv":[11.75,15,11.5,14.75],"rotation":270,"texture":"#texture"}}},{"name":"ShardFrame17","from":[7.7687,16.25,6.0187],"to":[8.0187,26.75,6.5187],"faces":{"north":{"uv":[11.25,8.75,11.5,14],"texture":"#texture"},"east":{"uv":[11.25,8.75,11.5,14],"texture":"#texture"},"south":{"uv":[11.25,8.75,11.5,14],"texture":"#texture"},"west":{"uv":[11.25,8.75,11.5,14],"texture":"#texture"},"up":{"uv":[11.25,8.75,11.5,9],"rotation":90,"texture":"#texture"},"down":{"uv":[11.5,14,11.25,13.75],"rotation":270,"texture":"#texture"}}},{"name":"ShardFrame17","from":[7.7687,15.75,7.0187],"to":[8.0187,26.75,7.5187],"faces":{"north":{"uv":[11.75,8.75,12,14.25],"texture":"#texture"},"east":{"uv":[11.75,8.75,12,14.25],"texture":"#texture"},"south":{"uv":[11.75,8.75,12,14.25],"texture":"#texture"},"west":{"uv":[11.75,8.75,12,14.25],"texture":"#texture"},"up":{"uv":[11.75,8.75,12,9],"rotation":90,"texture":"#texture"},"down":{"uv":[12,14.25,11.75,14],"rotation":270,"texture":"#texture"}}},{"name":"ShardFrame17","from":[7.7687,19.25,5.5187],"to":[8.0187,22.75,6.0187],"faces":{"north":{"uv":[11,10.75,11.25,12.5],"texture":"#texture"},"east":{"uv":[11,10.75,11.25,12.5],"texture":"#texture"},"south":{"uv":[11,10.75,11.25,12.5],"texture":"#texture"},"west":{"uv":[11,10.75,11.25,12.5],"texture":"#texture"},"up":{"uv":[11,10.75,11.25,11],"rotation":90,"texture":"#texture"},"down":{"uv":[11.25,12.5,11,12.25],"rotation":270,"texture":"#texture"}}},{"name":"ShardFrame17","from":[7.7687,18.75,7.5187],"to":[8.0187,21.75,8.0187],"faces":{"north":{"uv":[12,11.25,12.25,12.75],"texture":"#texture"},"east":{"uv":[12,11.25,12.25,12.75],"texture":"#texture"},"south":{"uv":[12,11.25,12.25,12.75],"texture":"#texture"},"west":{"uv":[12,11.25,12.25,12.75],"texture":"#texture"},"up":{"uv":[12,11.25,12.25,11.5],"rotation":90,"texture":"#texture"},"down":{"uv":[12.25,12.75,12,12.5],"rotation":270,"texture":"#texture"}}},{"name":"ShardFrame17","from":[7.5187,17.25,6.5187],"to":[8.2687,25.75,7.0187],"faces":{"north":{"uv":[11.5,9.25,11.75,13.5],"texture":"#texture"},"east":{"uv":[11.5,9.25,11.75,13.5],"texture":"#texture"},"south":{"uv":[11.5,9.25,11.75,13.5],"texture":"#texture"},"west":{"uv":[11.5,9.25,11.75,13.5],"texture":"#texture"},"up":{"uv":[11.5,9.25,11.75,9.5],"rotation":90,"texture":"#texture"},"down":{"uv":[11.75,13.5,11.5,13.25],"rotation":270,"texture":"#texture"}}},{"name":"ShardFrame17","from":[7.5187,19.25,7.0187],"to":[8.2687,21.25,7.5187],"faces":{"north":{"uv":[11.75,11.5,12,12.5],"texture":"#texture"},"east":{"uv":[11.75,11.5,12,12.5],"texture":"#texture"},"south":{"uv":[11.75,11.5,12,12.5],"texture":"#texture"},"west":{"uv":[11.75,11.5,12,12.5],"texture":"#texture"},"up":{"uv":[11.75,11.5,12,11.75],"rotation":90,"texture":"#texture"},"down":{"uv":[12,12.5,11.75,12.25],"rotation":270,"texture":"#texture"}}},{"name":"ShardFrame17","from":[7.5187,19.75,6.0187],"to":[8.2687,22.25,6.5187],"faces":{"north":{"uv":[11.25,11,11.5,12.25],"texture":"#texture"},"east":{"uv":[11.25,11,11.5,12.25],"texture":"#texture"},"south":{"uv":[11.25,11,11.5,12.25],"texture":"#texture"},"west":{"uv":[11.25,11,11.5,12.25],"texture":"#texture"},"up":{"uv":[11.25,11,11.5,11.25],"rotation":90,"texture":"#texture"},"down":{"uv":[11.5,12.25,11.25,12],"rotation":270,"texture":"#texture"}}},{"name":"ShardFrame17","from":[7.2687,20,6.5187],"to":[8.5187,21,7.0187],"faces":{"north":{"uv":[11.5,11.75,11.75,12],"texture":"#texture"},"east":{"uv":[11.5,11.75,11.75,12],"texture":"#texture"},"south":{"uv":[11.5,11.75,11.75,12],"texture":"#texture"},"west":{"uv":[11.5,11.75,11.75,12],"texture":"#texture"},"up":{"uv":[11.5,11.75,11.75,12],"rotation":90,"texture":"#texture"},"down":{"uv":[11.75,12,11.5,11.75],"rotation":270,"texture":"#texture"}}},{"name":"ShardFrame18","from":[7.7698,14.375,6.5198],"to":[8.0198,29.375,7.0198],"faces":{"north":{"uv":[12.75,7.5,13,15],"texture":"#texture"},"east":{"uv":[12.75,7.5,13,15],"texture":"#texture"},"south":{"uv":[12.75,7.5,13,15],"texture":"#texture"},"west":{"uv":[12.75,7.5,13,15],"texture":"#texture"},"up":{"uv":[12.75,7.5,13,7.75],"rotation":90,"texture":"#texture"},"down":{"uv":[13,15,12.75,14.75],"rotation":270,"texture":"#texture"}}},{"name":"ShardFrame18","from":[7.7698,16.375,6.0198],"to":[8.0198,26.875,6.5198],"faces":{"north":{"uv":[12.5,8.75,12.75,14],"texture":"#texture"},"east":{"uv":[12.5,8.75,12.75,14],"texture":"#texture"},"south":{"uv":[12.5,8.75,12.75,14],"texture":"#texture"},"west":{"uv":[12.5,8.75,12.75,14],"texture":"#texture"},"up":{"uv":[12.5,8.75,12.75,9],"rotation":90,"texture":"#texture"},"down":{"uv":[12.75,14,12.5,13.75],"rotation":270,"texture":"#texture"}}},{"name":"ShardFrame18","from":[7.7698,15.875,7.0198],"to":[8.0198,26.875,7.5198],"faces":{"north":{"uv":[13,8.75,13.25,14.25],"texture":"#texture"},"east":{"uv":[13,8.75,13.25,14.25],"texture":"#texture"},"south":{"uv":[13,8.75,13.25,14.25],"texture":"#texture"},"west":{"uv":[13,8.75,13.25,14.25],"texture":"#texture"},"up":{"uv":[13,8.75,13.25,9],"rotation":90,"texture":"#texture"},"down":{"uv":[13.25,14.25,13,14],"rotation":270,"texture":"#texture"}}},{"name":"ShardFrame18","from":[7.7698,19.375,5.5198],"to":[8.0198,22.875,6.0198],"faces":{"north":{"uv":[12.25,10.75,12.5,12.5],"texture":"#texture"},"east":{"uv":[12.25,10.75,12.5,12.5],"texture":"#texture"},"south":{"uv":[12.25,10.75,12.5,12.5],"texture":"#texture"},"west":{"uv":[12.25,10.75,12.5,12.5],"texture":"#texture"},"up":{"uv":[12.25,10.75,12.5,11],"rotation":90,"texture":"#texture"},"down":{"uv":[12.5,12.5,12.25,12.25],"rotation":270,"texture":"#texture"}}},{"name":"ShardFrame18","from":[7.7698,18.875,7.5198],"to":[8.0198,21.875,8.0198],"faces":{"north":{"uv":[13.25,11.25,13.5,12.75],"texture":"#texture"},"east":{"uv":[13.25,11.25,13.5,12.75],"texture":"#texture"},"south":{"uv":[13.25,11.25,13.5,12.75],"texture":"#texture"},"west":{"uv":[13.25,11.25,13.5,12.75],"texture":"#texture"},"up":{"uv":[13.25,12.5,13.5,12.75],"rotation":90,"texture":"#texture"},"down":{"uv":[13.5,12.75,13.25,12.5],"rotation":270,"texture":"#texture"}}},{"name":"ShardFrame18","from":[7.5198,17.375,6.5198],"to":[8.2698,25.875,7.0198],"faces":{"north":{"uv":[12.75,9.25,13,13.5],"texture":"#texture"},"east":{"uv":[12.75,9.25,13,13.5],"texture":"#texture"},"south":{"uv":[12.75,9.25,13,13.5],"texture":"#texture"},"west":{"uv":[12.75,9.25,13,13.5],"texture":"#texture"},"up":{"uv":[12.75,9.25,13,9.5],"rotation":90,"texture":"#texture"},"down":{"uv":[13,13.5,12.75,13.25],"rotation":270,"texture":"#texture"}}},{"name":"ShardFrame18","from":[7.5198,19.375,7.0198],"to":[8.2698,21.375,7.5198],"faces":{"north":{"uv":[13,11.5,13.25,12.5],"texture":"#texture"},"east":{"uv":[13,11.5,13.25,12.5],"texture":"#texture"},"south":{"uv":[13,11.5,13.25,12.5],"texture":"#texture"},"west":{"uv":[13,11.5,13.25,12.5],"texture":"#texture"},"up":{"uv":[13,11.5,13.25,11.75],"rotation":90,"texture":"#texture"},"down":{"uv":[13.25,12.5,13,12.25],"rotation":270,"texture":"#texture"}}},{"name":"ShardFrame18","from":[7.5198,19.875,6.0198],"to":[8.2698,22.375,6.5198],"faces":{"north":{"uv":[12.5,11,12.75,12.25],"texture":"#texture"},"east":{"uv":[12.5,11,12.75,12.25],"texture":"#texture"},"south":{"uv":[12.5,11,12.75,12.25],"texture":"#texture"},"west":{"uv":[12.5,11,12.75,12.25],"texture":"#texture"},"up":{"uv":[12.5,11,12.75,11.25],"rotation":90,"texture":"#texture"},"down":{"uv":[12.75,12.25,12.5,12],"rotation":270,"texture":"#texture"}}},{"name":"ShardFrame18","from":[7.2698,20.125,6.5198],"to":[8.5198,21.125,7.0198],"faces":{"north":{"uv":[12.75,11.75,13,12],"texture":"#texture"},"east":{"uv":[12.75,11.75,13,12],"texture":"#texture"},"south":{"uv":[12.75,11.75,13,12],"texture":"#texture"},"west":{"uv":[12.75,11.75,13,12],"texture":"#texture"},"up":{"uv":[12.75,11.75,13,12],"rotation":90,"texture":"#texture"},"down":{"uv":[13,12,12.75,11.75],"rotation":270,"texture":"#texture"}}},{"name":"ShardFrame19","from":[7.7709,14.4375,6.5209],"to":[8.0209,29.4375,7.0209],"faces":{"north":{"uv":[14,7.5,14.25,15],"texture":"#texture"},"east":{"uv":[14,7.5,14.25,15],"texture":"#texture"},"south":{"uv":[14,7.5,14.25,15],"texture":"#texture"},"west":{"uv":[14,7.5,14.25,15],"texture":"#texture"},"up":{"uv":[14,7.5,14.25,7.75],"rotation":90,"texture":"#texture"},"down":{"uv":[14.25,15,14,14.75],"rotation":270,"texture":"#texture"}}},{"name":"ShardFrame19","from":[7.7709,16.4375,6.0209],"to":[8.0209,26.9375,6.5209],"faces":{"north":{"uv":[13.75,8.75,14,14],"texture":"#texture"},"east":{"uv":[13.75,8.75,14,14],"texture":"#texture"},"south":{"uv":[13.75,8.75,14,14],"texture":"#texture"},"west":{"uv":[13.75,8.75,14,14],"texture":"#texture"},"up":{"uv":[13.75,8.75,14,9],"rotation":90,"texture":"#texture"},"down":{"uv":[14,14,13.75,13.75],"rotation":270,"texture":"#texture"}}},{"name":"ShardFrame19","from":[7.7709,15.9375,7.0209],"to":[8.0209,26.9375,7.5209],"faces":{"north":{"uv":[14.25,8.75,14.5,14.25],"texture":"#texture"},"east":{"uv":[14.25,8.75,14.5,14.25],"texture":"#texture"},"south":{"uv":[14.25,8.75,14.5,14.25],"texture":"#texture"},"west":{"uv":[14.25,8.75,14.5,14.25],"texture":"#texture"},"up":{"uv":[14.25,8.75,14.5,9],"rotation":90,"texture":"#texture"},"down":{"uv":[14.5,14.25,14.25,14],"rotation":270,"texture":"#texture"}}},{"name":"ShardFrame19","from":[7.7709,19.4375,5.5209],"to":[8.0209,22.9375,6.0209],"faces":{"north":{"uv":[13.5,10.75,13.75,12.5],"texture":"#texture"},"east":{"uv":[13.5,10.75,13.75,12.5],"texture":"#texture"},"south":{"uv":[13.5,10.75,13.75,12.5],"texture":"#texture"},"west":{"uv":[13.5,10.75,13.75,12.5],"texture":"#texture"},"up":{"uv":[13.5,10.75,13.75,11],"rotation":90,"texture":"#texture"},"down":{"uv":[13.75,12.5,13.5,12.25],"rotation":270,"texture":"#texture"}}},{"name":"ShardFrame19","from":[7.7709,18.9375,7.5209],"to":[8.0209,21.9375,8.0209],"faces":{"north":{"uv":[13.25,11.25,13.5,12.75],"texture":"#texture"},"east":{"uv":[14.5,11.25,14.75,12.75],"texture":"#texture"},"south":{"uv":[14.5,11.25,14.75,12.75],"texture":"#texture"},"west":{"uv":[14.5,11.25,14.75,12.75],"texture":"#texture"},"up":{"uv":[14.5,11.25,14.75,11.5],"rotation":90,"texture":"#texture"},"down":{"uv":[14.75,12.75,14.5,12.5],"rotation":270,"texture":"#texture"}}},{"name":"ShardFrame19","from":[7.5209,17.4375,6.5209],"to":[8.2709,25.9375,7.0209],"faces":{"north":{"uv":[14,9.25,14.25,13.5],"texture":"#texture"},"east":{"uv":[14,9.25,14.25,13.5],"texture":"#texture"},"south":{"uv":[14,9.25,14.25,13.5],"texture":"#texture"},"west":{"uv":[14,9.25,14.25,13.5],"texture":"#texture"},"up":{"uv":[14,9.25,14.25,9.5],"rotation":90,"texture":"#texture"},"down":{"uv":[14.25,13.5,14,13.25],"rotation":270,"texture":"#texture"}}},{"name":"ShardFrame19","from":[7.5209,19.4375,7.0209],"to":[8.2709,21.4375,7.5209],"faces":{"north":{"uv":[14.25,11.5,14.5,12.5],"texture":"#texture"},"east":{"uv":[14.25,11.5,14.5,12.5],"texture":"#texture"},"south":{"uv":[14.25,11.5,14.5,12.5],"texture":"#texture"},"west":{"uv":[14.25,11.5,14.5,12.5],"texture":"#texture"},"up":{"uv":[14.25,11.5,14.5,11.75],"rotation":90,"texture":"#texture"},"down":{"uv":[14.5,12.5,14.25,12.25],"rotation":270,"texture":"#texture"}}},{"name":"ShardFrame19","from":[7.5209,19.9375,6.0209],"to":[8.2709,22.4375,6.5209],"faces":{"north":{"uv":[13.75,11,14,12.25],"texture":"#texture"},"east":{"uv":[13.75,11,14,12.25],"texture":"#texture"},"south":{"uv":[13.75,11,14,12.25],"texture":"#texture"},"west":{"uv":[13.75,11,14,12.25],"texture":"#texture"},"up":{"uv":[13.75,11,14,11.25],"rotation":90,"texture":"#texture"},"down":{"uv":[14,12.25,13.75,12],"rotation":270,"texture":"#texture"}}},{"name":"ShardFrame19","from":[7.2709,20.1875,6.5209],"to":[8.5209,21.1875,7.0209],"faces":{"north":{"uv":[14,11.75,14.25,12],"texture":"#texture"},"east":{"uv":[14,11.75,14.25,12],"texture":"#texture"},"south":{"uv":[14,11.75,14.25,12],"texture":"#texture"},"west":{"uv":[14,11.75,14.25,12],"texture":"#texture"},"up":{"uv":[14,11.75,14.25,12],"rotation":90,"texture":"#texture"},"down":{"uv":[14.25,12,14,11.75],"rotation":270,"texture":"#texture"}}},{"name":"ShardFrame20","from":[7.772,14.5,6.522],"to":[8.022,29.5,7.022],"faces":{"north":{"uv":[15.25,7.5,15.5,15],"texture":"#texture"},"east":{"uv":[15.25,7.5,15.5,15],"texture":"#texture"},"south":{"uv":[15.25,7.5,15.5,15],"texture":"#texture"},"west":{"uv":[15.25,7.5,15.5,15],"texture":"#texture"},"up":{"uv":[15.25,7.5,15.5,7.75],"rotation":90,"texture":"#texture"},"down":{"uv":[15.5,15,15.25,14.75],"rotation":270,"texture":"#texture"}}},{"name":"ShardFrame20","from":[7.772,16.5,6.022],"to":[8.022,27,6.522],"faces":{"north":{"uv":[15,8.75,15.25,14],"texture":"#texture"},"east":{"uv":[15,8.75,15.25,14],"texture":"#texture"},"south":{"uv":[15,8.75,15.25,14],"texture":"#texture"},"west":{"uv":[15,8.75,15.25,14],"texture":"#texture"},"up":{"uv":[15,8.75,15.25,9],"rotation":90,"texture":"#texture"},"down":{"uv":[15.25,14,15,13.75],"rotation":270,"texture":"#texture"}}},{"name":"ShardFrame20","from":[7.772,16,7.022],"to":[8.022,27,7.522],"faces":{"north":{"uv":[15.5,8.75,15.75,14.25],"texture":"#texture"},"east":{"uv":[15.5,8.75,15.75,14.25],"texture":"#texture"},"south":{"uv":[15.5,8.75,15.75,14.25],"texture":"#texture"},"west":{"uv":[15.5,8.75,15.75,14.25],"texture":"#texture"},"up":{"uv":[15.5,8.75,15.75,9],"rotation":90,"texture":"#texture"},"down":{"uv":[15.75,14.25,15.5,14],"rotation":270,"texture":"#texture"}}},{"name":"ShardFrame20","from":[7.772,19.5,5.522],"to":[8.022,23,6.022],"faces":{"north":{"uv":[14.75,10.75,15,12.5],"texture":"#texture"},"east":{"uv":[14.75,10.75,15,12.5],"texture":"#texture"},"south":{"uv":[14.75,10.75,15,12.5],"texture":"#texture"},"west":{"uv":[14.75,10.75,15,12.5],"texture":"#texture"},"up":{"uv":[14.75,10.75,15,11],"rotation":90,"texture":"#texture"},"down":{"uv":[15,12.5,14.75,12.25],"rotation":270,"texture":"#texture"}}},{"name":"ShardFrame20","from":[7.772,19,7.522],"to":[8.022,22,8.022],"faces":{"north":{"uv":[15.75,11.25,16,12.75],"texture":"#texture"},"east":{"uv":[15.75,11.25,16,12.75],"texture":"#texture"},"south":{"uv":[15.75,11.25,16,12.75],"texture":"#texture"},"west":{"uv":[15.75,11.25,16,12.75],"texture":"#texture"},"up":{"uv":[15.75,11.25,16,11.5],"rotation":90,"texture":"#texture"},"down":{"uv":[16,12.75,15.75,12.5],"rotation":270,"texture":"#texture"}}},{"name":"ShardFrame20","from":[7.522,17.5,6.522],"to":[8.272,26,7.022],"faces":{"north":{"uv":[15.25,9.25,15.5,13.5],"texture":"#texture"},"east":{"uv":[15.25,9.25,15.5,13.5],"texture":"#texture"},"south":{"uv":[15.25,9.25,15.5,13.5],"texture":"#texture"},"west":{"uv":[15.25,9.25,15.5,13.5],"texture":"#texture"},"up":{"uv":[15.25,9.25,15.5,9.5],"rotation":90,"texture":"#texture"},"down":{"uv":[15.5,13.5,15.25,13.25],"rotation":270,"texture":"#texture"}}},{"name":"ShardFrame20","from":[7.522,19.5,7.022],"to":[8.272,21.5,7.522],"faces":{"north":{"uv":[15.5,11.5,15.75,12.5],"texture":"#texture"},"east":{"uv":[15.5,11.5,15.75,12.5],"texture":"#texture"},"south":{"uv":[15.5,11.5,15.75,12.5],"texture":"#texture"},"west":{"uv":[15.5,11.5,15.75,12.5],"texture":"#texture"},"up":{"uv":[15.5,11.5,15.75,11.75],"rotation":90,"texture":"#texture"},"down":{"uv":[15.75,12.5,15.5,12.25],"rotation":270,"texture":"#texture"}}},{"name":"ShardFrame20","from":[7.522,20,6.022],"to":[8.272,22.5,6.522],"faces":{"north":{"uv":[15,11,15.25,12.25],"texture":"#texture"},"east":{"uv":[15,11,15.25,12.25],"texture":"#texture"},"south":{"uv":[15,11,15.25,12.25],"texture":"#texture"},"west":{"uv":[15,11,15.25,12.25],"texture":"#texture"},"up":{"uv":[15,11,15.25,11.25],"rotation":90,"texture":"#texture"},"down":{"uv":[15.25,12.25,15,12],"rotation":270,"texture":"#texture"}}},{"name":"ShardFrame20","from":[7.272,20.25,6.522],"to":[8.522,21.25,7.022],"faces":{"north":{"uv":[15.25,11.75,15.5,12],"texture":"#texture"},"east":{"uv":[15.25,11.75,15.5,12],"texture":"#texture"},"south":{"uv":[15.25,11.75,15.5,12],"texture":"#texture"},"west":{"uv":[15.25,11.75,15.5,12],"texture":"#texture"},"up":{"uv":[15.25,11.75,15.5,12],"rotation":90,"texture":"#texture"},"down":{"uv":[15.5,12,15.25,11.75],"rotation":270,"texture":"#texture"}}},{"name":"ShardFrame2","from":[7.7522,11.5625,6.5022],"to":[8.0022,26.5625,7.0022],"faces":{"north":{"uv":[6.5,0,6.75,7.5],"texture":"#texture"},"east":{"uv":[6.5,0,6.75,7.5],"texture":"#texture"},"south":{"uv":[6.5,0,6.75,7.5],"texture":"#texture"},"west":{"uv":[6.5,0,6.75,7.5],"texture":"#texture"},"up":{"uv":[6.5,0,6.75,0.25],"rotation":90,"texture":"#texture"},"down":{"uv":[6.75,7.5,6.5,7.25],"rotation":270,"texture":"#texture"}}},{"name":"ShardFrame2","from":[7.7522,13.5625,6.0022],"to":[8.0022,24.0625,6.5022],"faces":{"north":{"uv":[6.25,1.25,6.5,6.5],"texture":"#texture"},"east":{"uv":[6.25,1.25,6.5,6.5],"texture":"#texture"},"south":{"uv":[6.25,1.25,6.5,6.5],"texture":"#texture"},"west":{"uv":[6.25,1.25,6.5,6.5],"texture":"#texture"},"up":{"uv":[6.25,1.25,6.5,1.5],"rotation":90,"texture":"#texture"},"down":{"uv":[6.5,6.5,6.25,6.25],"rotation":270,"texture":"#texture"}}},{"name":"ShardFrame2","from":[7.7522,13.0625,7.0022],"to":[8.0022,24.0625,7.5022],"faces":{"north":{"uv":[6.75,1.25,7,6.75],"texture":"#texture"},"east":{"uv":[6.75,1.25,7,6.75],"texture":"#texture"},"south":{"uv":[6.75,1.25,7,6.75],"texture":"#texture"},"west":{"uv":[6.75,1.25,7,6.75],"texture":"#texture"},"up":{"uv":[6.75,1.25,7,1.5],"rotation":90,"texture":"#texture"},"down":{"uv":[7,6.75,6.75,6.5],"rotation":270,"texture":"#texture"}}},{"name":"ShardFrame2","from":[7.7522,16.5625,5.5022],"to":[8.0022,20.0625,6.0022],"faces":{"north":{"uv":[6,3.25,6.25,5],"texture":"#texture"},"east":{"uv":[6,3.25,6.25,5],"texture":"#texture"},"south":{"uv":[6,3.25,6.25,5],"texture":"#texture"},"west":{"uv":[6,3.25,6.25,5],"texture":"#texture"},"up":{"uv":[6,3.25,6.25,3.5],"rotation":90,"texture":"#texture"},"down":{"uv":[6.25,5,6,4.75],"rotation":270,"texture":"#texture"}}},{"name":"ShardFrame2","from":[7.7522,16.0625,7.5022],"to":[8.0022,19.0625,8.0022],"faces":{"north":{"uv":[7,3.75,7.25,5.25],"texture":"#texture"},"east":{"uv":[7,3.75,7.25,5.25],"texture":"#texture"},"south":{"uv":[7,3.75,7.25,5.25],"texture":"#texture"},"west":{"uv":[7,3.75,7.25,5.25],"texture":"#texture"},"up":{"uv":[7,3.75,7.25,4],"rotation":90,"texture":"#texture"},"down":{"uv":[7.25,5.25,7,5],"rotation":270,"texture":"#texture"}}},{"name":"ShardFrame2","from":[7.5022,14.5625,6.5022],"to":[8.2522,23.0625,7.0022],"faces":{"north":{"uv":[6.5,1.75,6.75,6],"texture":"#texture"},"east":{"uv":[6.5,1.75,6.75,6],"texture":"#texture"},"south":{"uv":[6.5,1.75,6.75,6],"texture":"#texture"},"west":{"uv":[6.5,1.75,6.75,6],"texture":"#texture"},"up":{"uv":[6.5,1.75,6.75,2],"rotation":90,"texture":"#texture"},"down":{"uv":[6.75,6,6.5,5.75],"rotation":270,"texture":"#texture"}}},{"name":"ShardFrame2","from":[7.5022,16.5625,7.0022],"to":[8.2522,18.5625,7.5022],"faces":{"north":{"uv":[6.75,4,7,5],"texture":"#texture"},"east":{"uv":[6.75,4,7,5],"texture":"#texture"},"south":{"uv":[6.75,4,7,5],"texture":"#texture"},"west":{"uv":[6.75,4,7,5],"texture":"#texture"},"up":{"uv":[6.75,4,7,4.25],"rotation":90,"texture":"#texture"},"down":{"uv":[7,5,6.75,4.75],"rotation":270,"texture":"#texture"}}},{"name":"ShardFrame2","from":[7.5022,17.0625,6.0022],"to":[8.2522,19.5625,6.5022],"faces":{"north":{"uv":[6.25,3.5,6.5,4.75],"texture":"#texture"},"east":{"uv":[6.25,3.5,6.5,4.75],"texture":"#texture"},"south":{"uv":[6.25,3.5,6.5,4.75],"texture":"#texture"},"west":{"uv":[6.25,3.5,6.5,4.75],"texture":"#texture"},"up":{"uv":[6.25,3.5,6.5,3.75],"rotation":90,"texture":"#texture"},"down":{"uv":[6.5,4.75,6.25,4.5],"rotation":270,"texture":"#texture"}}},{"name":"ShardFrame2","from":[7.2522,17.3125,6.5022],"to":[8.5022,18.3125,7.0022],"faces":{"north":{"uv":[6.5,4.25,6.75,4.5],"texture":"#texture"},"east":{"uv":[6.5,4.25,6.75,4.5],"texture":"#texture"},"south":{"uv":[6.5,4.25,6.75,4.5],"texture":"#texture"},"west":{"uv":[6.5,3.75,6.75,4],"texture":"#texture"},"up":{"uv":[6.5,4.25,6.75,4.5],"rotation":90,"texture":"#texture"},"down":{"uv":[6.75,4.5,6.5,4.25],"rotation":270,"texture":"#texture"}}},{"name":"ShardFrame3","from":[7.7533,11.625,6.5033],"to":[8.0033,26.625,7.0033],"faces":{"north":{"uv":[7.75,0,8,7.5],"texture":"#texture"},"east":{"uv":[7.75,0,8,7.5],"texture":"#texture"},"south":{"uv":[7.75,0,8,7.5],"texture":"#texture"},"west":{"uv":[7.75,0,8,7.5],"texture":"#texture"},"up":{"uv":[7.75,0,8,0.25],"rotation":90,"texture":"#texture"},"down":{"uv":[8,7.5,7.75,7.25],"rotation":270,"texture":"#texture"}}},{"name":"ShardFrame3","from":[7.7533,13.625,6.0033],"to":[8.0033,24.125,6.5033],"faces":{"north":{"uv":[7.5,1.25,7.75,6.5],"texture":"#texture"},"east":{"uv":[7.5,1.25,7.75,6.5],"texture":"#texture"},"south":{"uv":[7.5,1.25,7.75,6.5],"texture":"#texture"},"west":{"uv":[7.5,1.25,7.75,6.5],"texture":"#texture"},"up":{"uv":[7.5,1.25,7.75,1.5],"rotation":90,"texture":"#texture"},"down":{"uv":[7.75,6.5,7.5,6.25],"rotation":270,"texture":"#texture"}}},{"name":"ShardFrame3","from":[7.7533,13.125,7.0033],"to":[8.0033,24.125,7.5033],"faces":{"north":{"uv":[8,1.25,8.25,6.75],"texture":"#texture"},"east":{"uv":[8,1.25,8.25,6.75],"texture":"#texture"},"south":{"uv":[8,1.25,8.25,6.75],"texture":"#texture"},"west":{"uv":[8,1.25,8.25,6.75],"texture":"#texture"},"up":{"uv":[8,1.25,8.25,1.5],"rotation":90,"texture":"#texture"},"down":{"uv":[8.25,6.75,8,6.5],"rotation":270,"texture":"#texture"}}},{"name":"ShardFrame3","from":[7.7533,16.625,5.5033],"to":[8.0033,20.125,6.0033],"faces":{"north":{"uv":[7.25,3.25,7.5,5],"texture":"#texture"},"east":{"uv":[7.25,3.25,7.5,5],"texture":"#texture"},"south":{"uv":[7.25,3.25,7.5,5],"texture":"#texture"},"west":{"uv":[7.25,3.25,7.5,5],"texture":"#texture"},"up":{"uv":[7.25,3.25,7.5,3.5],"rotation":90,"texture":"#texture"},"down":{"uv":[7.5,5,7.25,4.75],"rotation":270,"texture":"#texture"}}},{"name":"ShardFrame3","from":[7.7533,16.125,7.5033],"to":[8.0033,19.125,8.0033],"faces":{"north":{"uv":[8.25,3.75,8.5,5.25],"texture":"#texture"},"east":{"uv":[8.25,3.75,8.5,5.25],"texture":"#texture"},"south":{"uv":[8.25,3.75,8.5,5.25],"texture":"#texture"},"west":{"uv":[8.25,3.75,8.5,5.25],"texture":"#texture"},"up":{"uv":[8.25,3.75,8.5,4],"rotation":90,"texture":"#texture"},"down":{"uv":[8.5,5.25,8.25,5],"rotation":270,"texture":"#texture"}}},{"name":"ShardFrame3","from":[7.5033,14.625,6.5033],"to":[8.2533,23.125,7.0033],"faces":{"north":{"uv":[7.75,1.75,8,6],"texture":"#texture"},"east":{"uv":[7.75,1.75,8,6],"texture":"#texture"},"south":{"uv":[7.75,1.75,8,6],"texture":"#texture"},"west":{"uv":[7.75,1.75,8,6],"texture":"#texture"},"up":{"uv":[7.75,1.75,8,2],"rotation":90,"texture":"#texture"},"down":{"uv":[8,6,7.75,5.75],"rotation":270,"texture":"#texture"}}},{"name":"ShardFrame3","from":[7.5033,16.625,7.0033],"to":[8.2533,18.625,7.5033],"faces":{"north":{"uv":[8,4,8.25,5],"texture":"#texture"},"east":{"uv":[8,4,8.25,5],"texture":"#texture"},"south":{"uv":[8,4,8.25,5],"texture":"#texture"},"west":{"uv":[8,4,8.25,5],"texture":"#texture"},"up":{"uv":[8,4,8.25,4.25],"rotation":90,"texture":"#texture"},"down":{"uv":[8.25,5,8,4.75],"rotation":270,"texture":"#texture"}}},{"name":"ShardFrame3","from":[7.5033,17.125,6.0033],"to":[8.2533,19.625,6.5033],"faces":{"north":{"uv":[7.5,3.5,7.75,4.75],"texture":"#texture"},"east":{"uv":[7.5,3.5,7.75,4.75],"texture":"#texture"},"south":{"uv":[7.5,3.5,7.75,4.75],"texture":"#texture"},"west":{"uv":[7.5,3.5,7.75,4.75],"texture":"#texture"},"up":{"uv":[7.5,3.5,7.75,3.75],"rotation":90,"texture":"#texture"},"down":{"uv":[7.75,4.75,7.5,4.5],"rotation":270,"texture":"#texture"}}},{"name":"ShardFrame3","from":[7.2533,17.375,6.5033],"to":[8.5033,18.375,7.0033],"faces":{"north":{"uv":[7.75,4.25,8,4.5],"texture":"#texture"},"east":{"uv":[7.75,4.25,8,4.5],"texture":"#texture"},"south":{"uv":[7.75,4.25,8,4.5],"texture":"#texture"},"west":{"uv":[7.75,3.75,8,4],"texture":"#texture"},"up":{"uv":[7.75,4.25,8,4.5],"rotation":90,"texture":"#texture"},"down":{"uv":[8,4.5,7.75,4.25],"rotation":270,"texture":"#texture"}}}],"display":{"ground":{"rotation":[90,0,0],"translation":[0,4,-5.2],"scale":[0.5,0.5,0.5]},"gui":{"rotation":[-76,-41,-74],"translation":[-3.75,-2.75,-2],"scale":[0.78,0.78,0.78]},"fixed":{"rotation":[-76,-41,-74],"translation":[-4.5,-3.5,0]}}}