{"__comment":"ModelgeneratedusingMrCrayfish'sModelCreator(https://mrcrayfish.com/tools?id=mc)","textures":{"body":"itemsadder:item/mp5/body"},"display":{"gui":{"rotation":[0,0,41],"translation":[-1,0,0],"scale":[0.48,0.48,0.58]},"ground":{"rotation":[0,0,0],"translation":[0,3.75,0],"scale":[0.7,0.7,0.7]},"fixed":{"rotation":[0,180,0],"translation":[0,0,0],"scale":[0.8,0.8,0.8]},"head":{"rotation":[0,0,0],"translation":[0,14.25,0],"scale":[1,1,1]},"firstperson_righthand":{"rotation":[0,-280,0],"translation":[0,5.5,-2.5],"scale":[1,1,1]},"thirdperson_righthand":{"rotation":[0,90,0],"translation":[0,1.3,-2.65],"scale":[0.8,0.8,0.8]}},"elements":[{"name":"Element","from":[12.2,7,7],"to":[22.2,8.3,9],"faces":{"north":{"texture":"#body","uv":[8,3,16,5]},"east":{"texture":"#body","uv":[12,6,14,7.3]},"south":{"texture":"#body","uv":[8,3,16,5]},"west":{"texture":"#body","uv":[14,3,16,4.3]},"up":{"texture":"#body","uv":[6,3,16,5]},"down":{"texture":"#body","uv":[6,3,5.5,0]}}},{"name":"same","from":[22.2,7.2,7.7],"to":[24.9,9.2,8.3],"faces":{"north":{"texture":"#body","uv":[1,4,3.7,6]},"east":{"texture":"#body","uv":[5,4,5.6,5]},"south":{"texture":"#body","uv":[1,4,3.7,6]},"west":{"texture":"#body","uv":[0,0,0.6,2]},"up":{"texture":"#body","uv":[4,4,6,4.6]},"down":{"texture":"#body","uv":[4,4,6,4.6]}}},{"name":"same","from":[23.2,9.2,7.7],"to":[24.2,9.9,8.3],"faces":{"north":{"texture":"#body","uv":[5,4,6,4.7]},"east":{"texture":"#body","uv":[5,4,5.6,4.7]},"south":{"texture":"#body","uv":[5,4,6,4.7]},"west":{"texture":"#body","uv":[5,4,5.6,4.7]},"up":{"texture":"#body","uv":[5,4,6,4.6]}}},{"name":"Element","from":[-2,6.7,7.3],"to":[1,9,8.7],"faces":{"north":{"texture":"#body","uv":[12,4,15,6.3]},"east":{"texture":"#body","uv":[12,6,13.4,8.3]},"south":{"texture":"#body","uv":[12,4,15,6.3]},"west":{"texture":"#body","uv":[12,8,13.4,10.3]},"up":{"texture":"#body","uv":[9,2,12,3.4]},"down":{"texture":"#body","uv":[9,2,12,3.4]}}},{"name":"7.001to8.999","from":[-11.3,5.89,7.301],"to":[-6,7.79,8.69],"faces":{"north":{"texture":"#body","uv":[11,4,16,6.9]},"east":{"texture":"#body","uv":[11,6,12.389,7.9]},"south":{"texture":"#body","uv":[10,4,15.3,6.9]},"west":{"texture":"#body","uv":[11,6,12.389,7.9]},"up":{"texture":"#body","uv":[11,5,16,6.389]},"down":{"texture":"#body","uv":[11,5,16,6.389]}}},{"name":"Element","from":[3,2.3,7.3],"to":[5,7.1,8.7],"shade":false,"rotation":{"origin":[2,8,8],"axis":"z","angle":-22.5},"faces":{"north":{"texture":"#body","uv":[4,7,6,11.8]},"east":{"texture":"#body","uv":[4,8,5.4,12.8]},"south":{"texture":"#body","uv":[4,8,6,12.8]},"west":{"texture":"#body","uv":[4,7,5.4,11.8]},"up":{"texture":"#body","uv":[4,10,6,11.4]},"down":{"texture":"#body","uv":[4,9,6,10.4]}}},{"name":"Element","from":[6.3,5,7],"to":[10.2,7,9],"faces":{"north":{"texture":"#body","uv":[3,10,5.4,12]},"east":{"texture":"#body","uv":[5,7,6,10]},"south":{"texture":"#body","uv":[3,8,5.4,10]},"west":{"texture":"#body","uv":[11,6,12,9]},"down":{"texture":"#body","uv":[11,6,12,9]}}},{"name":"7.001to8.999","from":[-11.3,5,7.301],"to":[-7,5.9,8.69],"faces":{"north":{"texture":"#body","uv":[11,6,15.3,6.9]},"east":{"texture":"#body","uv":[11,5,12.389,5.9]},"south":{"texture":"#body","uv":[11,6,15.3,6.9]},"west":{"texture":"#body","uv":[11,6,12.389,6.9]},"down":{"texture":"#body","uv":[11,3,15.3,4.389]}}},{"name":"Element","from":[1,9.1,7.5],"to":[2.5,10.1,8.5],"faces":{"north":{"texture":"#body","uv":[8,3,9.5,4]},"east":{"texture":"#body","uv":[10,2,11,3]},"south":{"texture":"#body","uv":[7,2,8.5,3]},"west":{"texture":"#body","uv":[8,3,9,4]},"up":{"texture":"#body","uv":[4,2,5.5,3]}}},{"name":"Element","from":[6.5,1,7.4],"to":[10,5,8.6],"faces":{"north":{"texture":"#body","uv":[0,9,3.5,13]},"east":{"texture":"#body","uv":[0,10,1.2,12]},"south":{"texture":"#body","uv":[0,11,3.5,15]},"west":{"texture":"#body","uv":[1,10,2.2,12]},"down":{"texture":"#body","uv":[0,9,3.5,10.2]}}},{"name":"Element","from":[1.3,6,7],"to":[6.3,7,9],"faces":{"north":{"texture":"#body","uv":[12,6,16,7]},"south":{"texture":"#body","uv":[12,6,16,7]},"west":{"texture":"#body","uv":[11,6,13,7]},"down":{"texture":"#body","uv":[11,6,16,8]}}},{"name":"7.001to8.999","from":[-11.3,4.1,7.301],"to":[-8,5,8.69],"faces":{"north":{"texture":"#body","uv":[11,6,14.3,6.9]},"east":{"texture":"#body","uv":[11,5,12.389,5.9]},"south":{"texture":"#body","uv":[11,6,14.3,6.9]},"west":{"texture":"#body","uv":[11,6,12.389,6.9]},"down":{"texture":"#body","uv":[11,3,14.3,4.389]}}},{"name":"Element","from":[-6,6,7.3],"to":[-2,8.3,8.7],"faces":{"north":{"texture":"#body","uv":[12,4,16,6.3]},"east":{"texture":"#body","uv":[12,6,13.4,8.3]},"south":{"texture":"#body","uv":[12,4,16,6.3]},"west":{"texture":"#body","uv":[12,8,13.4,10.3]},"up":{"texture":"#body","uv":[9,2,12,3.4]},"down":{"texture":"#body","uv":[9,2,12,3.4]}}},{"name":"Element","from":[11,7.2,7.2],"to":[12.2,8.9,8.8],"faces":{"north":{"texture":"#body","uv":[8,3,16,5]},"east":{"texture":"#body","uv":[12,6,13.6,7.7]},"south":{"texture":"#body","uv":[8,3,16,5]},"up":{"texture":"#body","uv":[6,3,7.2,4.6]},"down":{"texture":"#body","uv":[6,3,5.5,0]}}},{"name":"Element","from":[1,7,7],"to":[11,9.1,9],"faces":{"north":{"texture":"#body","uv":[8,3,16,5]},"east":{"texture":"#body","uv":[12,6,14,8.1]},"south":{"texture":"#body","uv":[8,3,16,5]},"west":{"texture":"#body","uv":[14,3,16,5.1]},"up":{"texture":"#body","uv":[6,3,16,5]},"down":{"texture":"#body","uv":[6,3,5.5,0]}}},{"name":"Element","from":[12.2,8.3,7.4],"to":[22.2,9.5,8.6],"faces":{"north":{"texture":"#body","uv":[8,3,16,5]},"east":{"texture":"#body","uv":[12,6,13.2,7.2]},"south":{"texture":"#body","uv":[8,3,16,5]},"west":{"texture":"#body","uv":[14,3,15.2,4.2]},"up":{"texture":"#body","uv":[6,3,16,4.2]}}},{"name":"7.5-8.5(last)","from":[33,7.5,7.4],"to":[35,8.7,8.6],"faces":{"north":{"texture":"#body","uv":[0,0,3,1.2]},"east":{"texture":"#body","uv":[4,0,5,1.2]},"south":{"texture":"#body","uv":[0,0,3,1.2]},"west":{"texture":"#body","uv":[4,1,5,2.2]},"up":{"texture":"#body","uv":[0,0,2,1.2]},"down":{"texture":"#body","uv":[1,0,3,1.2]}}}]}