{"__comment":"ModelgeneratedusingMrCrayfish'sModelCreator(https://mrcrayfish.com/tools?id=mc)","textures":{"mortero":"itemsadder:item/mortero"},"display":{"gui":{"rotation":[30,45,0],"translation":[0,7,0],"scale":[1.625,1.625,1.625]},"ground":{"rotation":[0,0,0],"translation":[0,4,0],"scale":[0.85,0.95,0.85]},"fixed":{"rotation":[0,180,0],"translation":[0,0,0],"scale":[1,1,1]},"head":{"rotation":[0,180,0],"translation":[0,0,0],"scale":[1,1,1]},"firstperson_righthand":{"rotation":[0,179,0],"translation":[0,7,0],"scale":[0.6,0.6,0.6]},"thirdperson_righthand":{"rotation":[0,313,0],"translation":[0,4.5,0],"scale":[0.6,0.6,0.6]}},"elements":[{"name":"Cube","from":[7,0,7],"to":[9,1,9],"faces":{"up":{"texture":"#mortero","uv":[0,0,2,2]},"down":{"texture":"#mortero","uv":[0,0,2,2]}}},{"name":"Cube","from":[7,0,6],"to":[9,1,7],"faces":{"north":{"texture":"#mortero","uv":[0,0,2,1]},"east":{"texture":"#mortero","uv":[0,0,1,1]},"west":{"texture":"#mortero","uv":[0,0,1,1]},"up":{"texture":"#mortero","uv":[0,0,2,1]},"down":{"texture":"#mortero","uv":[0,0,2,1]}}},{"name":"Cube","from":[7,0,9],"to":[9,1,10],"faces":{"east":{"texture":"#mortero","uv":[0,0,1,1]},"south":{"texture":"#mortero","uv":[0,0,2,1]},"west":{"texture":"#mortero","uv":[0,0,1,1]},"up":{"texture":"#mortero","uv":[0,0,2,1]},"down":{"texture":"#mortero","uv":[0,0,2,1]}}},{"name":"Cube","from":[6,0,7],"to":[7,1,9],"faces":{"north":{"texture":"#mortero","uv":[0,0,1,1]},"south":{"texture":"#mortero","uv":[0,0,1,1]},"west":{"texture":"#mortero","uv":[0,0,2,1]},"up":{"texture":"#mortero","uv":[0,0,1,2]},"down":{"texture":"#mortero","uv":[0,0,1,2]}}},{"name":"Cube","from":[9,0,7],"to":[10,1,9],"faces":{"north":{"texture":"#mortero","uv":[0,0,1,1]},"east":{"texture":"#mortero","uv":[0,0,2,1]},"south":{"texture":"#mortero","uv":[0,0,1,1]},"up":{"texture":"#mortero","uv":[0,0,1,2]},"down":{"texture":"#mortero","uv":[0,0,1,2]}}},{"name":"Cube","from":[5,1,7],"to":[6,4,9],"faces":{"north":{"texture":"#mortero","uv":[0,0,1,3]},"east":{"texture":"#mortero","uv":[0,0,2,3]},"south":{"texture":"#mortero","uv":[0,0,1,3]},"west":{"texture":"#mortero","uv":[0,0,2,3]},"up":{"texture":"#mortero","uv":[0,0,1,2]},"down":{"texture":"#mortero","uv":[0,0,1,2]}}},{"name":"Cube","from":[10,1,7],"to":[11,4,9],"faces":{"north":{"texture":"#mortero","uv":[0,0,1,3]},"east":{"texture":"#mortero","uv":[0,0,2,3]},"south":{"texture":"#mortero","uv":[0,0,1,3]},"west":{"texture":"#mortero","uv":[0,0,2,3]},"up":{"texture":"#mortero","uv":[0,0,1,2]},"down":{"texture":"#mortero","uv":[0,0,1,2]}}},{"name":"Cube","from":[7,1,10],"to":[9,4,11],"faces":{"north":{"texture":"#mortero","uv":[0,0,2,3]},"east":{"texture":"#mortero","uv":[0,0,1,3]},"south":{"texture":"#mortero","uv":[0,0,2,3]},"west":{"texture":"#mortero","uv":[0,0,1,3]},"up":{"texture":"#mortero","uv":[0,0,2,1]},"down":{"texture":"#mortero","uv":[0,0,2,1]}}},{"name":"Cube","from":[7,1,5],"to":[9,4,6],"faces":{"north":{"texture":"#mortero","uv":[0,0,2,3]},"east":{"texture":"#mortero","uv":[0,0,1,3]},"south":{"texture":"#mortero","uv":[0,0,2,3]},"west":{"texture":"#mortero","uv":[0,0,1,3]},"up":{"texture":"#mortero","uv":[0,0,2,1]},"down":{"texture":"#mortero","uv":[0,0,2,1]}}},{"name":"Cube","from":[9,1,9],"to":[10,4,10],"faces":{"north":{"texture":"#mortero","uv":[0,0,1,3]},"east":{"texture":"#mortero","uv":[0,0,1,3]},"south":{"texture":"#mortero","uv":[0,0,1,3]},"west":{"texture":"#mortero","uv":[0,0,1,3]},"up":{"texture":"#mortero","uv":[0,0,1,1]},"down":{"texture":"#mortero","uv":[0,0,1,1]}}},{"name":"Cube","from":[9,1,6],"to":[10,4,7],"faces":{"north":{"texture":"#mortero","uv":[0,0,1,3]},"east":{"texture":"#mortero","uv":[0,0,1,3]},"south":{"texture":"#mortero","uv":[0,0,1,3]},"west":{"texture":"#mortero","uv":[0,0,1,3]},"up":{"texture":"#mortero","uv":[0,0,1,1]},"down":{"texture":"#mortero","uv":[0,0,1,1]}}},{"name":"Cube","from":[6,1,6],"to":[7,4,7],"faces":{"north":{"texture":"#mortero","uv":[0,0,1,3]},"east":{"texture":"#mortero","uv":[0,0,1,3]},"south":{"texture":"#mortero","uv":[0,0,1,3]},"west":{"texture":"#mortero","uv":[0,0,1,3]},"up":{"texture":"#mortero","uv":[0,0,1,1]},"down":{"texture":"#mortero","uv":[0,0,1,1]}}},{"name":"Cube","from":[6,1,9],"to":[7,4,10],"faces":{"north":{"texture":"#mortero","uv":[0,0,1,3]},"east":{"texture":"#mortero","uv":[0,0,1,3]},"south":{"texture":"#mortero","uv":[0,0,1,3]},"west":{"texture":"#mortero","uv":[0,0,1,3]},"up":{"texture":"#mortero","uv":[0,0,1,1]},"down":{"texture":"#mortero","uv":[0,0,1,1]}}}]}