{"credit":"MadewithBlockbench","textures":{"0":"itemsadder:item/mysterious_hood/hood","particle":"itemsadder:item/mysterious_hood/hood"},"elements":[{"from":[-1,0,0],"to":[17,16,11],"faces":{"north":{"uv":[4.5,0,9,4.5],"texture":"#0"},"east":{"uv":[0,0,4,4.25],"texture":"#0"},"south":{"uv":[0,0.25,4,4.5],"texture":"#0"},"west":{"uv":[0,0.25,2,4.5],"texture":"#0"},"up":{"uv":[0,0.25,4,4.5],"texture":"#0"},"down":{"uv":[0,0.25,4,4.5],"texture":"#0"}}},{"from":[-0.9,1.3,7],"to":[16.8,16,12.4],"rotation":{"angle":22.5,"axis":"x","origin":[8,8,8.5]},"faces":{"north":{"uv":[4.75,0.25,8.75,4.5],"texture":"#0"},"east":{"uv":[0,0,4,4.25],"texture":"#0"},"south":{"uv":[0,0.25,4,4.5],"texture":"#0"},"west":{"uv":[0,0.25,2.75,4.5],"texture":"#0"},"up":{"uv":[0,0.25,4,4.5],"texture":"#0"},"down":{"uv":[4.75,0.25,8.75,4.5],"texture":"#0"}}},{"from":[-0.8,2.2,9],"to":[16.7,15.4,13.9],"rotation":{"angle":45,"axis":"x","origin":[8,8,8.5]},"faces":{"north":{"uv":[4.75,0.25,8.75,4.5],"texture":"#0"},"east":{"uv":[0,0,4,4.25],"texture":"#0"},"south":{"uv":[0,0.25,4,4.5],"texture":"#0"},"west":{"uv":[0,0.25,2.75,4.5],"texture":"#0"},"up":{"uv":[0,0.25,4,4.5],"texture":"#0"},"down":{"uv":[4.75,0.25,8.75,4.5],"texture":"#0"}}},{"from":[-0.7,3.5,4],"to":[16.6,6.5,16.5],"rotation":{"angle":-22.5,"axis":"x","origin":[8,8,8.5]},"faces":{"north":{"uv":[4.75,0.25,8.75,4.5],"rotation":180,"texture":"#0"},"east":{"uv":[0,0,4,4.25],"rotation":270,"texture":"#0"},"south":{"uv":[0,0.25,4,4.5],"texture":"#0"},"west":{"uv":[0,0.25,2.75,4.5],"rotation":90,"texture":"#0"},"up":{"uv":[4.75,0.25,8.75,4.5],"rotation":180,"texture":"#0"},"down":{"uv":[0,0.25,4,4.5],"texture":"#0"}}},{"from":[-0.6,0.6,4.9],"to":[16.5,7.8,17.2],"faces":{"north":{"uv":[4.75,0.25,8.75,4.5],"rotation":180,"texture":"#0"},"east":{"uv":[0,0,4,4.25],"rotation":270,"texture":"#0"},"south":{"uv":[0,0.25,4,4.5],"texture":"#0"},"west":{"uv":[0,0.25,2.75,4.5],"rotation":90,"texture":"#0"},"up":{"uv":[4.75,0.25,8.75,4.5],"rotation":180,"texture":"#0"},"down":{"uv":[0,0.25,4,4.5],"texture":"#0"}}}],"display":{"thirdperson_righthand":{"rotation":[63.5,51,0],"translation":[0,2.5,0],"scale":[0.2,0.2,0.2]},"firstperson_righthand":{"rotation":[0,111,0],"translation":[3.25,1.25,0.25],"scale":[0.2,0.2,0.2]},"ground":{"translation":[0,5.25,0],"scale":[0.2,0.2,0.2]},"gui":{"rotation":[25,145,0],"translation":[0,0.25,0],"scale":[0.6,0.6,0.6]},"head":{"translation":[0,0,0.5]},"fixed":{"translation":[0,0,-1.5],"scale":[0.5,0.5,0.5]}},"groups":[{"name":"13","children":[0,1,2,3,4]}]}