{"__comment":"ModelgeneratedusingMrCrayfish'sModelCreator(https://mrcrayfish.com/tools?id=mc)","textures":{"blue_concrete_powder":"itemsadder:item/panuelos/boca/blue_concrete_powder","logo_boca":"itemsadder:item/panuelos/boca/logo_boca"},"display":{"gui":{"rotation":[30,47,0],"translation":[1,0,0],"scale":[0.8,0.8,0.7]},"ground":{"rotation":[0,0,0],"translation":[0,3,0],"scale":[0.3,0.3,0.3]},"fixed":{"rotation":[0,0,0],"translation":[0,0,0],"scale":[0.5,0.5,0.5]},"head":{"rotation":[0,180,0],"translation":[0,-4,-7.7],"scale":[1,1,1]},"firstperson_righthand":{"rotation":[0,0,0],"translation":[-1,4,0],"scale":[0.5,0.5,0.3]},"thirdperson_righthand":{"rotation":[37,235,32],"translation":[-2,0,0],"scale":[0.4,0.4,0.3]}},"elements":[{"name":"Cube","from":[7,0,8],"to":[9,4,9],"faces":{"north":{"texture":"#blue_concrete_powder","uv":[0,0,2,4]},"east":{"texture":"#blue_concrete_powder","uv":[0,0,1,4]},"south":{"texture":"#blue_concrete_powder","uv":[0,0,2,4]},"west":{"texture":"#blue_concrete_powder","uv":[0,0,1,4]},"up":{"texture":"#blue_concrete_powder","uv":[0,0,2,1]},"down":{"texture":"#blue_concrete_powder","uv":[0,0,2,1]}}},{"name":"Cube","from":[9,2,8],"to":[11,5,9],"faces":{"north":{"texture":"#blue_concrete_powder","uv":[0,0,2,3]},"east":{"texture":"#blue_concrete_powder","uv":[0,0,1,3]},"south":{"texture":"#blue_concrete_powder","uv":[0,0,2,3]},"west":{"texture":"#blue_concrete_powder","uv":[0,0,1,3]},"up":{"texture":"#blue_concrete_powder","uv":[0,0,2,1]},"down":{"texture":"#blue_concrete_powder","uv":[0,0,2,1]}}},{"name":"Cube","from":[5,2,8],"to":[7,6,9],"faces":{"north":{"texture":"#blue_concrete_powder","uv":[0,0,2,4]},"east":{"texture":"#blue_concrete_powder","uv":[0,0,1,4]},"south":{"texture":"#blue_concrete_powder","uv":[0,0,2,4]},"west":{"texture":"#blue_concrete_powder","uv":[0,0,1,4]},"up":{"texture":"#blue_concrete_powder","uv":[0,0,2,1]},"down":{"texture":"#blue_concrete_powder","uv":[0,0,2,1]}}},{"name":"Cube","from":[3,5,8],"to":[5,10,9],"faces":{"north":{"texture":"#blue_concrete_powder","uv":[0,0,2,5]},"east":{"texture":"#blue_concrete_powder","uv":[0,0,1,5]},"south":{"texture":"#blue_concrete_powder","uv":[0,0,2,5]},"west":{"texture":"#blue_concrete_powder","uv":[0,0,1,5]},"up":{"texture":"#blue_concrete_powder","uv":[0,0,2,1]},"down":{"texture":"#blue_concrete_powder","uv":[0,0,2,1]}}},{"name":"Cube","from":[11,4,8],"to":[13,10,9],"faces":{"north":{"texture":"#blue_concrete_powder","uv":[0,0,2,6]},"east":{"texture":"#blue_concrete_powder","uv":[0,0,1,6]},"south":{"texture":"#blue_concrete_powder","uv":[0,0,2,6]},"west":{"texture":"#blue_concrete_powder","uv":[0,0,1,6]},"up":{"texture":"#blue_concrete_powder","uv":[0,0,2,1]},"down":{"texture":"#blue_concrete_powder","uv":[0,0,2,1]}}},{"name":"Cube","from":[7,4,9],"to":[9,12,10],"faces":{"north":{"texture":"#blue_concrete_powder","uv":[0,0,2,8]},"east":{"texture":"#blue_concrete_powder","uv":[0,0,1,8]},"south":{"texture":"#blue_concrete_powder","uv":[0,0,2,8]},"west":{"texture":"#blue_concrete_powder","uv":[0,0,1,8]},"up":{"texture":"#blue_concrete_powder","uv":[0,0,2,1]},"down":{"texture":"#blue_concrete_powder","uv":[0,0,2,1]}}},{"name":"Cube","from":[5,6,9],"to":[7,11,10],"faces":{"north":{"texture":"#blue_concrete_powder","uv":[0,0,2,5]},"south":{"texture":"#blue_concrete_powder","uv":[0,0,2,5]},"west":{"texture":"#blue_concrete_powder","uv":[0,0,1,5]},"up":{"texture":"#blue_concrete_powder","uv":[0,0,2,1]},"down":{"texture":"#blue_concrete_powder","uv":[0,0,2,1]}}},{"name":"Cube","from":[9,5,9],"to":[11,11,10],"faces":{"north":{"texture":"#blue_concrete_powder","uv":[0,0,2,6]},"east":{"texture":"#blue_concrete_powder","uv":[0,0,1,6]},"south":{"texture":"#blue_concrete_powder","uv":[0,0,2,6]},"up":{"texture":"#blue_concrete_powder","uv":[0,0,2,1]},"down":{"texture":"#blue_concrete_powder","uv":[0,0,2,1]}}},{"name":"Cube","from":[2,7,7],"to":[3,10,8],"faces":{"north":{"texture":"#blue_concrete_powder","uv":[0,0,1,3]},"east":{"texture":"#blue_concrete_powder","uv":[0,0,1,3]},"south":{"texture":"#blue_concrete_powder","uv":[0,0,1,3]},"west":{"texture":"#blue_concrete_powder","uv":[0,0,1,3]},"up":{"texture":"#blue_concrete_powder","uv":[0,0,1,1]},"down":{"texture":"#blue_concrete_powder","uv":[0,0,1,1]}}},{"name":"Cube","from":[13,7,7],"to":[14,10,8],"faces":{"north":{"texture":"#blue_concrete_powder","uv":[0,0,1,3]},"east":{"texture":"#blue_concrete_powder","uv":[0,0,1,3]},"south":{"texture":"#blue_concrete_powder","uv":[0,0,1,3]},"west":{"texture":"#blue_concrete_powder","uv":[0,0,1,3]},"up":{"texture":"#blue_concrete_powder","uv":[0,0,1,1]},"down":{"texture":"#blue_concrete_powder","uv":[0,0,1,1]}}},{"name":"Cube","from":[14,8,6],"to":[15,10,7],"faces":{"north":{"texture":"#blue_concrete_powder","uv":[0,0,1,2]},"east":{"texture":"#blue_concrete_powder","uv":[0,0,1,2]},"south":{"texture":"#blue_concrete_powder","uv":[0,0,1,2]},"west":{"texture":"#blue_concrete_powder","uv":[0,0,1,2]},"up":{"texture":"#blue_concrete_powder","uv":[0,0,1,1]},"down":{"texture":"#blue_concrete_powder","uv":[0,0,1,1]}}},{"name":"Cube","from":[1,8,6],"to":[2,10,7],"faces":{"north":{"texture":"#blue_concrete_powder","uv":[0,0,1,2]},"east":{"texture":"#blue_concrete_powder","uv":[0,0,1,2]},"south":{"texture":"#blue_concrete_powder","uv":[0,0,1,2]},"west":{"texture":"#blue_concrete_powder","uv":[0,0,1,2]},"up":{"texture":"#blue_concrete_powder","uv":[0,0,1,1]},"down":{"texture":"#blue_concrete_powder","uv":[0,0,1,1]}}},{"name":"Cube","from":[0.5,9,4],"to":[1.5,11,6],"faces":{"north":{"texture":"#blue_concrete_powder","uv":[0,0,1,2]},"east":{"texture":"#blue_concrete_powder","uv":[0,0,2,2]},"south":{"texture":"#blue_concrete_powder","uv":[0,0,1,2]},"west":{"texture":"#blue_concrete_powder","uv":[0,0,2,2]},"up":{"texture":"#blue_concrete_powder","uv":[0,0,1,2]},"down":{"texture":"#blue_concrete_powder","uv":[0,0,1,2]}}},{"name":"Cube","from":[14.5,9,4],"to":[15.5,11,6],"faces":{"north":{"texture":"#blue_concrete_powder","uv":[0,0,1,2]},"east":{"texture":"#blue_concrete_powder","uv":[0,0,2,2]},"south":{"texture":"#blue_concrete_powder","uv":[0,0,1,2]},"west":{"texture":"#blue_concrete_powder","uv":[0,0,2,2]},"up":{"texture":"#blue_concrete_powder","uv":[0,0,1,2]},"down":{"texture":"#blue_concrete_powder","uv":[0,0,1,2]}}},{"name":"Cube","from":[0.5,10,2],"to":[1.5,12,4],"faces":{"north":{"texture":"#blue_concrete_powder","uv":[0,0,1,2]},"east":{"texture":"#blue_concrete_powder","uv":[0,0,2,2]},"south":{"texture":"#blue_concrete_powder","uv":[0,0,1,2]},"west":{"texture":"#blue_concrete_powder","uv":[0,0,2,2]},"up":{"texture":"#blue_concrete_powder","uv":[0,0,1,2]},"down":{"texture":"#blue_concrete_powder","uv":[0,0,1,2]}}},{"name":"Cube","from":[14.5,10,2],"to":[15.5,12,4],"faces":{"north":{"texture":"#blue_concrete_powder","uv":[0,0,1,2]},"east":{"texture":"#blue_concrete_powder","uv":[0,0,2,2]},"south":{"texture":"#blue_concrete_powder","uv":[0,0,1,2]},"west":{"texture":"#blue_concrete_powder","uv":[0,0,2,2]},"up":{"texture":"#blue_concrete_powder","uv":[0,0,1,2]},"down":{"texture":"#blue_concrete_powder","uv":[0,0,1,2]}}},{"name":"Cube","from":[6,6,10],"to":[10,11,10.01],"faces":{"north":{"texture":"#blue_concrete_powder","uv":[0,0,4,5]},"east":{"texture":"#blue_concrete_powder","uv":[0,0,0.01,5]},"south":{"texture":"#logo_boca","uv":[3,1,13,14]},"west":{"texture":"#blue_concrete_powder","uv":[0,0,0.01,5]},"up":{"texture":"#blue_concrete_powder","uv":[0,0,4,0.01]},"down":{"texture":"#blue_concrete_powder","uv":[0,0,4,0.01]}}}]}