{
	"credit": "Made by betaklerik with Blockbench",
	"ambientocclusion": false,
	"texture_size": [64, 64],
	"textures": {
		"0": "itemsadder:item/escudopoli/ballistic_shield_blocking",
		"particle": "itemsadder:item/escudopoli/ballistic_shield_blocking"
	},
	"elements": [
		{
			"name": "main",
			"from": [6, -8, 2],
			"to": [7, 10, 23],
			"rotation": {"angle": 0, "axis": "y", "origin": [6.5, 3, 12.5]},
			"faces": {
				"north": {"uv": [10.25, 11.5, 10.5, 16], "texture": "#0"},
				"east": {"uv": [5, 11.5, 10.25, 16], "texture": "#0"},
				"south": {"uv": [15.75, 11.5, 16, 16], "texture": "#0"},
				"west": {"uv": [10.5, 11.5, 15.75, 16], "texture": "#0"},
				"up": {"uv": [10.5, 11.5, 10.25, 6.25], "texture": "#0"},
				"down": {"uv": [10.75, 6.25, 10.5, 11.5], "texture": "#0"}
			}
		},
		{
			"name": "top1",
			"from": [6, -7, -5],
			"to": [7, 9, -4],
			"shade": false,
			"rotation": {"angle": 0, "axis": "y", "origin": [7, 0, 5]},
			"faces": {
				"north": {"uv": [4.5, 12, 4.25, 16], "texture": "#0"},
				"east": {"uv": [4.75, 12, 4.5, 16], "texture": "#0"},
				"south": {"uv": [5, 12, 4.75, 16], "texture": "#0"},
				"west": {"uv": [4.25, 12, 4, 16], "texture": "#0"},
				"up": {"uv": [4.25, 12, 4.5, 11.75], "rotation": 180, "texture": "#0"},
				"down": {"uv": [4.5, 11.75, 4.75, 12], "rotation": 180, "texture": "#0"}
			}
		},
		{
			"name": "top2",
			"from": [6, -7, -4],
			"to": [7, 9, 2],
			"shade": false,
			"rotation": {"angle": 0, "axis": "y", "origin": [7, 0, 5]},
			"faces": {
				"north": {"uv": [1.75, 7.75, 1.5, 11.75], "texture": "#0"},
				"east": {"uv": [3.25, 7.75, 1.75, 11.75], "texture": "#0"},
				"south": {"uv": [3.5, 7.75, 3.25, 11.75], "texture": "#0"},
				"west": {"uv": [1.5, 7.75, 0, 11.75], "texture": "#0"},
				"up": {"uv": [1.5, 7.75, 1.75, 6.25], "rotation": 180, "texture": "#0"},
				"down": {"uv": [1.75, 6.25, 2, 7.75], "rotation": 180, "texture": "#0"}
			}
		},
		{
			"name": "top2",
			"from": [6, 9, -5],
			"to": [7, 10, 2],
			"shade": false,
			"rotation": {"angle": 0, "axis": "y", "origin": [7, 0, 5]},
			"faces": {
				"north": {"uv": [2, 13.5, 1.75, 13.75], "texture": "#0"},
				"east": {"uv": [3.75, 13.5, 2, 13.75], "texture": "#0"},
				"south": {"uv": [4, 13.5, 3.75, 13.75], "texture": "#0"},
				"west": {"uv": [1.75, 13.5, 0, 13.75], "texture": "#0"},
				"up": {"uv": [1.75, 13.5, 2, 11.75], "rotation": 180, "texture": "#0"},
				"down": {"uv": [2, 11.75, 2.25, 13.5], "rotation": 180, "texture": "#0"}
			}
		},
		{
			"name": "top3",
			"from": [6, -8, -5],
			"to": [7, -7, 2],
			"shade": false,
			"rotation": {"angle": 0, "axis": "y", "origin": [7, 0, 5]},
			"faces": {
				"north": {"uv": [2, 15.75, 1.75, 16], "texture": "#0"},
				"east": {"uv": [3.75, 15.75, 2, 16], "texture": "#0"},
				"south": {"uv": [4, 15.75, 3.75, 16], "texture": "#0"},
				"west": {"uv": [1.75, 15.75, 0, 16], "texture": "#0"},
				"up": {"uv": [1.75, 15.75, 2, 14], "rotation": 180, "texture": "#0"},
				"down": {"uv": [2, 14, 2.25, 15.75], "rotation": 180, "texture": "#0"}
			}
		},
		{
			"name": "lower1",
			"from": [7, -3, 9],
			"to": [9, -2, 10],
			"faces": {
				"north": {"uv": [7.75, 11, 8.25, 11.25], "texture": "#0"},
				"east": {"uv": [7.5, 11, 7.75, 11.25], "texture": "#0"},
				"south": {"uv": [8.5, 11, 9, 11.25], "texture": "#0"},
				"west": {"uv": [8.25, 11, 8.5, 11.25], "texture": "#0"},
				"up": {"uv": [8.25, 11, 7.75, 10.75], "texture": "#0"},
				"down": {"uv": [8.75, 10.75, 8.25, 11], "texture": "#0"}
			}
		},
		{
			"name": "lower2",
			"from": [7, -3, 6],
			"to": [9, -2, 7],
			"faces": {
				"north": {"uv": [7.75, 11, 8.25, 11.25], "texture": "#0"},
				"east": {"uv": [7.5, 11, 7.75, 11.25], "texture": "#0"},
				"south": {"uv": [8.5, 11, 9, 11.25], "texture": "#0"},
				"west": {"uv": [8.25, 11, 8.5, 11.25], "texture": "#0"},
				"up": {"uv": [8.25, 11, 7.75, 10.75], "texture": "#0"},
				"down": {"uv": [8.75, 10.75, 8.25, 11], "texture": "#0"}
			}
		},
		{
			"name": "lower3",
			"from": [9, -3, 6],
			"to": [10, -2, 10],
			"faces": {
				"north": {"uv": [8.5, 10.25, 8.75, 10.5], "texture": "#0"},
				"east": {"uv": [7.5, 10.25, 8.5, 10.5], "texture": "#0"},
				"south": {"uv": [9.75, 10.25, 10, 10.5], "texture": "#0"},
				"west": {"uv": [8.75, 10.25, 9.75, 10.5], "texture": "#0"},
				"up": {"uv": [8.75, 10.25, 8.5, 9.25], "texture": "#0"},
				"down": {"uv": [9, 9.25, 8.75, 10.25], "texture": "#0"}
			}
		},
		{
			"name": "upper1",
			"from": [7, 4, 9],
			"to": [9, 5, 10],
			"faces": {
				"north": {"uv": [7.75, 11, 8.25, 11.25], "texture": "#0"},
				"east": {"uv": [7.5, 11, 7.75, 11.25], "texture": "#0"},
				"south": {"uv": [8.5, 11, 9, 11.25], "texture": "#0"},
				"west": {"uv": [8.25, 11, 8.5, 11.25], "texture": "#0"},
				"up": {"uv": [8.25, 11, 7.75, 10.75], "texture": "#0"},
				"down": {"uv": [8.75, 10.75, 8.25, 11], "texture": "#0"}
			}
		},
		{
			"name": "upper2",
			"from": [7, 4, 6],
			"to": [9, 5, 7],
			"faces": {
				"north": {"uv": [7.75, 11, 8.25, 11.25], "texture": "#0"},
				"east": {"uv": [7.5, 11, 7.75, 11.25], "texture": "#0"},
				"south": {"uv": [8.5, 11, 9, 11.25], "texture": "#0"},
				"west": {"uv": [8.25, 11, 8.5, 11.25], "texture": "#0"},
				"up": {"uv": [8.25, 11, 7.75, 10.75], "texture": "#0"},
				"down": {"uv": [8.75, 10.75, 8.25, 11], "texture": "#0"}
			}
		},
		{
			"name": "upper3",
			"from": [9, 4, 6],
			"to": [10, 5, 10],
			"faces": {
				"north": {"uv": [8.5, 10.25, 8.75, 10.5], "texture": "#0"},
				"east": {"uv": [7.5, 10.25, 8.5, 10.5], "texture": "#0"},
				"south": {"uv": [9.75, 10.25, 10, 10.5], "texture": "#0"},
				"west": {"uv": [8.75, 10.25, 9.75, 10.5], "texture": "#0"},
				"up": {"uv": [8.75, 10.25, 8.5, 9.25], "texture": "#0"},
				"down": {"uv": [9, 9.25, 8.75, 10.25], "texture": "#0"}
			}
		}
	],
	"gui_light": "front",
	"display": {
		"thirdperson_righthand": {
			"rotation": [125, -3, 117],
			"translation": [-9.5, 1.5, -3],
			"scale": [1.13, 1.13, 1.13]
		},
		"thirdperson_lefthand": {
			"rotation": [125, -3, -63],
			"translation": [4.5, -3.25, 2.25],
			"scale": [1.13, 1.13, 1.13]
		},
		"firstperson_righthand": {
			"rotation": [90, 0, 90],
			"translation": [-23, -9.5, 6],
			"scale": [2, 2, 2]
		},
		"firstperson_lefthand": {
			"rotation": [90, 0, -90],
			"translation": [5, -9.5, 6],
			"scale": [2, 2, 2]
		},
		"ground": {
			"rotation": [90, 0, 0],
			"translation": [0, 1.75, 3.75],
			"scale": [0.5, 0.5, 0.5]
		},
		"gui": {
			"rotation": [100, -5, -75],
			"translation": [3.5, 0, 0],
			"scale": [0.5, 0.5, 0.5]
		},
		"head": {
			"scale": [0, 0, 0]
		},
		"fixed": {
			"rotation": [-90, -180, -90],
			"translation": [-5, 0.5, 0.5]
		}
	},
	"groups": [0, 1, 2, 3, 4,
		{
			"name": "straps",
			"origin": [8, 8, 8],
			"color": 0,
			"children": [5, 6, 7, 8, 9, 10]
		}
	]
}