{"credit":"MadewithBlockbench","textures":{"0":"itemsadder:item/biker_helmet","particle":"itemsadder:item/biker_helmet"},"elements":[{"from":[0,0,5],"to":[16,16,16],"faces":{"north":{"uv":[7.077,2.461,9.769,4.922],"texture":"#0","tintindex":0},"east":{"uv":[7,1.75,8.5,4.5],"texture":"#0","tintindex":0},"south":{"uv":[6.25,1.75,8.5,4.5],"texture":"#0","tintindex":0},"west":{"uv":[7,1.75,8.5,4.5],"texture":"#0","tintindex":0},"up":{"uv":[6.25,1.75,8.5,4],"texture":"#0","tintindex":0},"down":{"uv":[4,0,6,1.5],"texture":"#0","tintindex":0}}},{"from":[0,15,1],"to":[16,16,5],"faces":{"north":{"uv":[2,1.75,4.25,2.25],"texture":"#0","tintindex":0},"east":{"uv":[2.5,1.75,3.25,2],"texture":"#0","tintindex":0},"south":{"uv":[0,4.308,2.768,4.923],"texture":"#0","tintindex":0},"west":{"uv":[2.5,1.75,3.25,2],"texture":"#0","tintindex":0},"up":{"uv":[2,1.75,4.25,2.25],"texture":"#0","tintindex":0},"down":{"uv":[0,4.308,2.768,4.923],"texture":"#0","tintindex":0}}},{"from":[0,0,1],"to":[16,3,5],"faces":{"north":{"uv":[2,4,4.25,4.5],"texture":"#0","tintindex":0},"east":{"uv":[2,3.75,2.5,4.25],"texture":"#0","tintindex":0},"south":{"uv":[0,4.308,4.615,4.923],"texture":"#0","tintindex":0},"west":{"uv":[2,3.75,2.5,4.25],"texture":"#0","tintindex":0},"up":{"uv":[0,4.308,4.615,4.923],"texture":"#0","tintindex":0},"down":{"uv":[4,1.5,6,2],"texture":"#0","tintindex":0}}},{"from":[0,4,1],"to":[16,15,5],"faces":{"north":{"uv":[2,2,4,3.75],"texture":"#0","tintindex":0},"east":{"uv":[1,1.75,2,3.5],"texture":"#0","tintindex":0},"south":{"uv":[1.846,3.077,5.537,4.23],"texture":"#0","tintindex":0},"west":{"uv":[4.25,1.75,5.25,3.5],"texture":"#0","tintindex":0},"up":{"uv":[1.846,3.077,5.537,4.23],"texture":"#0","tintindex":0},"down":{"uv":[1.846,3.077,5.537,4.23],"texture":"#0","tintindex":0}}},{"from":[-1,3,0],"to":[17,6,1],"faces":{"north":{"uv":[2,3.5,4.25,4],"texture":"#0","tintindex":0},"east":{"uv":[2,3.5,2.25,4],"texture":"#0","tintindex":0},"south":{"uv":[1.539,4.308,6.154,4.922],"texture":"#0","tintindex":0},"west":{"uv":[2,3.5,2.25,4],"texture":"#0","tintindex":0},"up":{"uv":[2,3.5,4.25,3.75],"texture":"#0","tintindex":0},"down":{"uv":[2,4,4.25,4.5],"texture":"#0","tintindex":0}}},{"from":[-1,12,0],"to":[17,15,1],"faces":{"north":{"uv":[2,1.75,4.25,2.25],"texture":"#0","tintindex":0},"east":{"uv":[2,1.75,2.25,2.25],"texture":"#0","tintindex":0},"south":{"uv":[0,0,16,4],"texture":"#0","tintindex":0},"west":{"uv":[4,1.75,4.25,2.25],"texture":"#0","tintindex":0},"up":{"uv":[2,2,4.25,2.25],"texture":"#0","tintindex":0},"down":{"uv":[2,2,4.25,2.25],"texture":"#0","tintindex":0}}},{"from":[-1,12,1],"to":[0,15,7],"faces":{"north":{"uv":[0,0,6,4],"texture":"#0","tintindex":0},"east":{"uv":[0,0,6,4],"texture":"#0","tintindex":0},"south":{"uv":[2,1.75,3.25,2.25],"texture":"#0","tintindex":0},"west":{"uv":[2,1.75,3.25,2.25],"texture":"#0","tintindex":0},"up":{"uv":[2,1.75,3.25,2],"rotation":90,"texture":"#0","tintindex":0},"down":{"uv":[2,1.75,3.25,2],"texture":"#0","tintindex":0}}},{"from":[-1,3,5],"to":[0,12,7],"faces":{"north":{"uv":[2,3.5,2.5,4],"texture":"#0","tintindex":0},"east":{"uv":[0,4.308,0.922,4.922],"texture":"#0","tintindex":0},"south":{"uv":[2,3.5,2.5,4],"texture":"#0","tintindex":0},"west":{"uv":[0.5,2.5,1,4],"texture":"#0","tintindex":0},"up":{"uv":[0,4.308,0.922,4.922],"texture":"#0","tintindex":0},"down":{"uv":[2,3.5,2.5,4],"texture":"#0","tintindex":0}}},{"from":[-1,3,1],"to":[0,6,5],"faces":{"north":{"uv":[0,4.308,0.922,4.922],"texture":"#0","tintindex":0},"east":{"uv":[0,4.308,0.922,4.922],"texture":"#0","tintindex":0},"south":{"uv":[0,4.308,0.922,4.922],"texture":"#0","tintindex":0},"west":{"uv":[2,3.5,2.5,4],"texture":"#0","tintindex":0},"up":{"uv":[2,3.5,2.25,4],"texture":"#0","tintindex":0},"down":{"uv":[2,3.5,2.25,4],"texture":"#0","tintindex":0}}},{"from":[16,12,1],"to":[17,15,7],"faces":{"north":{"uv":[0,0,6,4],"texture":"#0","tintindex":0},"east":{"uv":[2,1.75,3.25,2.25],"texture":"#0","tintindex":0},"south":{"uv":[2,1.75,3.25,2.25],"texture":"#0","tintindex":0},"west":{"uv":[0,0,6,4],"texture":"#0","tintindex":0},"up":{"uv":[2,1.75,3.25,2],"rotation":90,"texture":"#0","tintindex":0},"down":{"uv":[2,1.75,3.25,2],"texture":"#0","tintindex":0}}},{"from":[16,3,5],"to":[17,12,7],"faces":{"north":{"uv":[0.5,2.5,1,4],"texture":"#0","tintindex":0},"east":{"uv":[0.5,2.5,1,4],"texture":"#0","tintindex":0},"south":{"uv":[0.5,2.5,1,4],"texture":"#0","tintindex":0},"west":{"uv":[0,2.462,0.461,4.923],"texture":"#0","tintindex":0},"up":{"uv":[0,2.462,0.461,4.923],"texture":"#0","tintindex":0},"down":{"uv":[2,3.5,2.5,4],"texture":"#0","tintindex":0}}},{"from":[16,3,1],"to":[17,6,5],"faces":{"north":{"uv":[0,4.308,0.922,4.922],"texture":"#0","tintindex":0},"east":{"uv":[2,3.5,2.5,4],"texture":"#0","tintindex":0},"south":{"uv":[0,4.308,0.922,4.922],"texture":"#0","tintindex":0},"west":{"uv":[0,4.308,0.922,4.922],"texture":"#0","tintindex":0},"up":{"uv":[2,3.5,2.25,4],"texture":"#0","tintindex":0},"down":{"uv":[2,3.5,2.25,4],"texture":"#0","tintindex":0}}}],"display":{"thirdperson_righthand":{"rotation":[45,45,0],"translation":[0,3,0.25],"scale":[0.4,0.4,0.4]},"firstperson_lefthand":{"translation":[3.25,0,0],"scale":[0.2,0.2,0.2]},"ground":{"translation":[0,2.75,0],"scale":[0.2,0.2,0.2]},"gui":{"rotation":[10,-161,0],"scale":[0.6,0.6,0.6]},"head":{"translation":[0,0,-0.5],"scale":[0.82,0.82,0.88]},"fixed":{"translation":[0,0,-3],"scale":[0.5,0.5,0.5]}},"groups":[{"name":"11","origin":[8,8,8],"children":[0,1,2,3,4,5,{"name":"right","origin":[8,8,8],"children":[6,7,8]},{"name":"left","origin":[8,8,8],"children":[9,10,11]}]}]}