{"__comment":"ModelgeneratedusingMrCrayfish'sModelCreator(https://mrcrayfish.com/tools?id=mc)","textures":{"1":"itemsadder:item/deagle/1","2":"itemsadder:item/deagle/2"},"display":{"gui":{"rotation":[0,0,37],"translation":[1.6,4.3,0],"scale":[1.2,1.2,1.2]},"ground":{"rotation":[0,0,0],"translation":[3,3,0],"scale":[1,1,1]},"fixed":{"rotation":[0,0,0],"translation":[4,2,0],"scale":[1.3,1.3,1.3]},"firstperson_righthand":{"rotation":[0,-275,0],"translation":[2,4,-10],"scale":[1.3,1.3,1.3]},"thirdperson_righthand":{"rotation":[0,90,0],"translation":[0,4,-5],"scale":[1,1,1]}},"elements":[{"name":"Element","from":[0,6,7],"to":[3.5,8,9],"faces":{"north":{"texture":"#1","uv":[6,0,9.5,2]},"east":{"texture":"#1","uv":[15,2,16,3]},"south":{"texture":"#1","uv":[6,0,9.5,2]},"west":{"texture":"#1","uv":[15,2,16,3]},"up":{"texture":"#1","uv":[6,0,9.5,2]},"down":{"texture":"#1","uv":[6,0,9.5,2]}}},{"name":"Element","from":[0.8,2.7,7.1],"to":[2.5,6.2,8.9],"shade":false,"rotation":{"origin":[2.5,6,8],"axis":"z","angle":-22.5,"rescale":true},"faces":{"north":{"texture":"#2","uv":[8,3,9.7,6.5]},"east":{"texture":"#2","uv":[8,3,9,6]},"south":{"texture":"#2","uv":[8,3,9.7,6.5]},"west":{"texture":"#2","uv":[8,3,9,7]},"down":{"texture":"#2","uv":[7,6,10,7]}}},{"name":"Element","from":[0.3,7.5,7.5],"to":[0.9,8.5,8.5],"faces":{"north":{"texture":"#2","uv":[0,0,2,2]},"east":{"texture":"#2","uv":[0,0,2,2]},"south":{"texture":"#2","uv":[0,0,2,2]},"west":{"texture":"#2","uv":[0,0,2,2]},"up":{"texture":"#2","uv":[0,0,2,2]}}},{"name":"Element","from":[9.6,7.5,7.55],"to":[10.2,8.2,8.45],"faces":{"north":{"texture":"#2","uv":[0,0,2,2]},"east":{"texture":"#2","uv":[0,0,2,2]},"south":{"texture":"#2","uv":[0,0,2,2]},"west":{"texture":"#2","uv":[0,0,2,2]},"up":{"texture":"#2","uv":[0,0,2,2]}}},{"name":"Element","from":[2.5,2.7,7.3],"to":[2.8,6.2,8.7],"shade":false,"rotation":{"origin":[2.5,6,8],"axis":"z","angle":-22.5,"rescale":true},"faces":{"north":{"texture":"#1","uv":[15,13,15.3,16]},"east":{"texture":"#1","uv":[15,13,16,16]},"south":{"texture":"#1","uv":[15,8,15.3,11.5]},"west":{"texture":"#1","uv":[15,10,16,14]},"down":{"texture":"#1","uv":[13,12,16,13]}}},{"name":"Element","from":[0.8,2.4,7.3],"to":[3,2.7,8.7],"shade":false,"rotation":{"origin":[2.5,6,8],"axis":"z","angle":-22.5,"rescale":true},"faces":{"north":{"texture":"#1","uv":[13,15,15.2,15.3]},"east":{"texture":"#1","uv":[15,13,16,16]},"south":{"texture":"#1","uv":[13,15,15.2,15.3]},"west":{"texture":"#1","uv":[15,12,16,16]},"down":{"texture":"#1","uv":[13,15,16,16]}}},{"name":"Element","from":[3.5,6,7],"to":[10.5,7.2,9],"faces":{"north":{"texture":"#1","uv":[6,0,13,1.2]},"east":{"texture":"#1","uv":[15,2,16,3]},"south":{"texture":"#1","uv":[6,0,13,1.2]},"west":{"texture":"#1","uv":[15,2,16,3]},"up":{"texture":"#1","uv":[6,0,13,2]},"down":{"texture":"#1","uv":[6,0,13,2]}}},{"name":"Element","from":[3.5,7.2,7.2],"to":[10.5,8,8.8],"faces":{"north":{"texture":"#1","uv":[6,0,13,0.8]},"east":{"texture":"#1","uv":[15,2,16,3]},"south":{"texture":"#1","uv":[6,0,13,0.8]},"west":{"texture":"#1","uv":[15,2,16,3]},"up":{"texture":"#1","uv":[6,0,13,1.6]}}},{"name":"Element","from":[0.4,7.2,9],"to":[1.7,7.8,9.2],"faces":{"east":{"texture":"#2","uv":[0,0,2,2]},"south":{"texture":"#2","uv":[7,4,9,6]},"west":{"texture":"#2","uv":[0,0,2,2]},"up":{"texture":"#2","uv":[0,0,2,2]},"down":{"texture":"#2","uv":[0,0,2,2]}}},{"name":"Element","from":[1.1,6.9,9],"to":[1.7,7.2,9.2],"faces":{"east":{"texture":"#2","uv":[0,0,2,2]},"south":{"texture":"#2","uv":[0,0,0.6,0.3]},"west":{"texture":"#2","uv":[0,0,2,2]},"down":{"texture":"#2","uv":[0,0,2,2]}}},{"name":"Element","from":[9.8,8.2,7.55],"to":[10.2,8.5,8.45],"faces":{"north":{"texture":"#2","uv":[0,0,2,2]},"east":{"texture":"#2","uv":[0,0,2,2]},"south":{"texture":"#2","uv":[0,0,2,2]},"west":{"texture":"#2","uv":[0,0,2,2]},"up":{"texture":"#2","uv":[0,0,2,2]}}},{"name":"Element","from":[-0.8,7.9,7.8],"to":[-0.3,8.8,8.2],"rotation":{"origin":[0.5,8.5,8],"axis":"z","angle":45.0},"faces":{"north":{"texture":"#1","uv":[0,0,2,2]},"east":{"texture":"#1","uv":[0,0,2,2]},"south":{"texture":"#1","uv":[0,0,2,2]},"west":{"texture":"#1","uv":[0,0,2,2]},"up":{"texture":"#1","uv":[0,0,2,2]},"down":{"texture":"#1","uv":[0,0,2,2]}}},{"name":"Element","from":[4.5,5.7,7.5],"to":[10.5,6,8.5],"faces":{"north":{"texture":"#1","uv":[6,0,12,0.3]},"east":{"texture":"#1","uv":[15,2,16,3]},"south":{"texture":"#1","uv":[6,0,12,0.3]},"west":{"texture":"#1","uv":[15,2,16,3]},"down":{"texture":"#1","uv":[6,0,12,1]}}},{"name":"Element","from":[0.4,7.2,6.8],"to":[1.7,7.8,7],"faces":{"north":{"texture":"#2","uv":[7,4,9,6]},"east":{"texture":"#2","uv":[0,0,2,2]},"south":{"texture":"#2","uv":[7,4,9,6]},"west":{"texture":"#2","uv":[0,0,2,2]},"up":{"texture":"#2","uv":[0,0,2,2]},"down":{"texture":"#2","uv":[0,0,2,2]}}},{"name":"Element","from":[1.1,6.9,6.8],"to":[1.7,7.2,7],"faces":{"north":{"texture":"#2","uv":[0,0,2,2]},"east":{"texture":"#2","uv":[0,0,2,2]},"south":{"texture":"#2","uv":[0,0,0.6,0.3]},"west":{"texture":"#2","uv":[0,0,2,2]},"down":{"texture":"#2","uv":[0,0,2,2]}}}]}