{"__comment":"ModelgeneratedusingMrCrayfish'sModelCreator(https://mrcrayfish.com/tools?id=mc)","textures":{"body":"itemsadder:item/m4/body"},"display":{"gui":{"rotation":[0,0,35],"translation":[0,1,0],"scale":[0.78,0.78,0.78]},"ground":{"rotation":[0,0,0],"translation":[0,7.75,0],"scale":[0.7,0.7,0.7]},"fixed":{"rotation":[0,180,0],"translation":[0,0,0],"scale":[0.8,0.8,0.8]},"head":{"rotation":[0,0,0],"translation":[0,14.25,0],"scale":[1,1,1]},"firstperson_righthand":{"rotation":[0,-280,0],"translation":[0,3,-4],"scale":[1,1,1]},"thirdperson_righthand":{"rotation":[0,90,0],"translation":[0,2,-1.75],"scale":[0.8,0.8,0.8]}},"elements":[{"name":"Element","from":[9,7,7],"to":[15,9.1,9],"faces":{"north":{"texture":"#body","uv":[9,3,15,6]},"east":{"texture":"#body","uv":[11,6,13,9]},"south":{"texture":"#body","uv":[9,3,15,6]},"up":{"texture":"#body","uv":[9,3,15,5]},"down":{"texture":"#body","uv":[9,3,15,5]}}},{"name":"Element","from":[1,7,7],"to":[9,9.1,9],"faces":{"north":{"texture":"#body","uv":[8,3,16,6]},"south":{"texture":"#body","uv":[8,3,16,6]},"west":{"texture":"#body","uv":[14,3,16,6]},"up":{"texture":"#body","uv":[6,3,16,5]},"down":{"texture":"#body","uv":[6,3,16,5]}}},{"name":"7.5-8.5(last)","from":[15,7.5,7.5],"to":[18,8.7,8.5],"faces":{"north":{"texture":"#body","uv":[0,0,3,1]},"east":{"texture":"#body","uv":[2,0,3,1]},"south":{"texture":"#body","uv":[0,0,3,1]},"up":{"texture":"#body","uv":[0,0,3,1]},"down":{"texture":"#body","uv":[0,0,3,1]}}},{"name":"same","from":[14,8.5,7.7],"to":[16,9.5,8.3],"faces":{"north":{"texture":"#body","uv":[3,1,5,2]},"east":{"texture":"#body","uv":[4,1,5,2]},"south":{"texture":"#body","uv":[3,1,5,2]},"up":{"texture":"#body","uv":[3,1,5,2]},"down":{"texture":"#body","uv":[3,1,5,2]}}},{"name":"same","from":[15,9.5,7.7],"to":[16,10.2,8.3],"faces":{"north":{"texture":"#body","uv":[0,0,1,1]},"east":{"texture":"#body","uv":[0,0,1,1]},"south":{"texture":"#body","uv":[0,0,1,1]},"west":{"texture":"#body","uv":[0,0,1,1]},"up":{"texture":"#body","uv":[0,0,1,1]}}},{"name":"Element","from":[-2,6.7,7.3],"to":[1,9,8.7],"faces":{"north":{"texture":"#body","uv":[11,3,14,7]},"south":{"texture":"#body","uv":[11,3,14,6]},"west":{"texture":"#body","uv":[11,6,13,9]},"up":{"texture":"#body","uv":[11,4,13,6]},"down":{"texture":"#body","uv":[11,4,13,6]}}},{"name":"7.001to8.999","from":[-4.3,6.09,7.301],"to":[-1,8.99,8.69],"faces":{"north":{"texture":"#body","uv":[11,4,14,7]},"east":{"texture":"#body","uv":[11,6,13,9]},"south":{"texture":"#body","uv":[11,3,14,6]},"west":{"texture":"#body","uv":[11,6,13,9]},"up":{"texture":"#body","uv":[11,5,14,7]},"down":{"texture":"#body","uv":[11,5,14,7]}}},{"name":"Element","from":[3,3.3,7.3],"to":[5,8.1,8.7],"shade":false,"rotation":{"origin":[2,8,8],"axis":"z","angle":-22.5},"faces":{"north":{"texture":"#body","uv":[12,3,14,11]},"east":{"texture":"#body","uv":[12,3,14,11]},"south":{"texture":"#body","uv":[12,3,14,11]},"west":{"texture":"#body","uv":[12,3,14,11]},"down":{"texture":"#body","uv":[13,4,16,6]}}},{"name":"Element","from":[6,5,7.5],"to":[8,7,8.5],"faces":{"north":{"texture":"#body","uv":[11,6,14,9]},"east":{"texture":"#body","uv":[11,6,12,9]},"south":{"texture":"#body","uv":[11,6,14,9]},"west":{"texture":"#body","uv":[11,6,12,9]},"down":{"texture":"#body","uv":[11,6,12,9]}}},{"name":"Element","from":[6.7,3.6,7.5],"to":[8.7,5,8.5],"faces":{"north":{"texture":"#body","uv":[11,6,14,9]},"east":{"texture":"#body","uv":[11,6,12,9]},"south":{"texture":"#body","uv":[12,9,15,11]},"west":{"texture":"#body","uv":[11,6,12,9]},"up":{"texture":"#body","uv":[11,6,14,9]},"down":{"texture":"#body","uv":[11,6,12,9]}}},{"name":"Element","from":[7.4,3,7.5],"to":[9.4,3.6,8.5],"faces":{"north":{"texture":"#body","uv":[11,6,14,9]},"east":{"texture":"#body","uv":[11,6,12,9]},"south":{"texture":"#body","uv":[13,11,16,12]},"west":{"texture":"#body","uv":[11,6,12,9]},"up":{"texture":"#body","uv":[11,6,14,9]},"down":{"texture":"#body","uv":[11,6,12,9]}}},{"name":"Element","from":[8,2.4,7.5],"to":[9.4,3,8.5],"faces":{"north":{"texture":"#body","uv":[11,6,14,9]},"east":{"texture":"#body","uv":[11,6,12,9]},"south":{"texture":"#body","uv":[14,12,16,13]},"west":{"texture":"#body","uv":[11,6,12,9]},"down":{"texture":"#body","uv":[11,6,12,9]}}},{"name":"7.001to8.999","from":[-4.3,5.2,7.301],"to":[-2,6.1,8.69],"faces":{"north":{"texture":"#body","uv":[11,6,13,9]},"east":{"texture":"#body","uv":[11,5,13,8]},"south":{"texture":"#body","uv":[11,6,13,9]},"west":{"texture":"#body","uv":[11,6,13,9]},"down":{"texture":"#body","uv":[11,3,14,5]}}},{"name":"Element","from":[2,9.1,7],"to":[4.5,10.1,9],"faces":{"north":{"texture":"#body","uv":[8,3,16,6]},"east":{"texture":"#body","uv":[14,3,16,6]},"south":{"texture":"#body","uv":[8,3,16,6]},"west":{"texture":"#body","uv":[14,3,16,6]},"up":{"texture":"#body","uv":[6,3,16,5]}}},{"name":"Element","from":[4,10.1,7],"to":[8,11.1,9],"faces":{"north":{"texture":"#body","uv":[8,3,16,6]},"east":{"texture":"#body","uv":[14,3,16,6]},"south":{"texture":"#body","uv":[8,3,16,6]},"west":{"texture":"#body","uv":[14,3,16,6]},"up":{"texture":"#body","uv":[6,3,16,5]},"down":{"texture":"#body","uv":[6,3,16,5]}}},{"name":"Element","from":[7.5,9.1,7],"to":[8.5,10.1,9],"faces":{"north":{"texture":"#body","uv":[8,3,16,6]},"east":{"texture":"#body","uv":[14,3,16,6]},"south":{"texture":"#body","uv":[8,3,16,6]},"west":{"texture":"#body","uv":[14,3,16,6]},"up":{"texture":"#body","uv":[6,3,16,5]}}},{"name":"7.5-8.5(last)","from":[18,7.6,7.6],"to":[19,8.6,8.4],"faces":{"north":{"texture":"#body","uv":[0,0,3,1]},"south":{"texture":"#body","uv":[0,0,3,1]},"up":{"texture":"#body","uv":[0,0,1,0.8]},"down":{"texture":"#body","uv":[0,0,1,0.8]}}},{"name":"7.5-8.5(last)","from":[19,7.5,7.5],"to":[22,8.7,8.5],"faces":{"north":{"texture":"#body","uv":[8,4,11,5]},"east":{"texture":"#body","uv":[15,4,16,5]},"south":{"texture":"#body","uv":[8,4,11,5]},"up":{"texture":"#body","uv":[8,4,11,5]},"down":{"texture":"#body","uv":[8,4,11,5]}}},{"name":"Element","from":[9,7.5,6.5],"to":[15,8.6,9.5],"faces":{"north":{"texture":"#body","uv":[9,3,15,6]},"east":{"texture":"#body","uv":[11,6,13,9]},"south":{"texture":"#body","uv":[8,3,14,6]},"west":{"texture":"#body","uv":[11,6,13,9]},"up":{"texture":"#body","uv":[8,3,14,6]},"down":{"texture":"#body","uv":[8,3,14,6]}}},{"name":"Element","from":[9,6.6,7.5],"to":[15,9.6,8.5],"faces":{"north":{"texture":"#body","uv":[8,3,14,6]},"east":{"texture":"#body","uv":[11,6,13,9]},"south":{"texture":"#body","uv":[8,3,14,6]},"west":{"texture":"#body","uv":[11,6,13,9]},"up":{"texture":"#body","uv":[9,4,15,5]},"down":{"texture":"#body","uv":[8,4,14,5]}}}]}